-- phpMyAdmin SQL Dump
-- version 5.1.0
-- https://www.phpmyadmin.net/
--
-- Host: localhost
-- Generation Time: Jul 02, 2022 at 09:18 PM
-- Server version: 10.4.19-MariaDB
-- PHP Version: 8.0.6

SET SQL_MODE = "NO_AUTO_VALUE_ON_ZERO";
START TRANSACTION;
SET time_zone = "+00:00";


/*!40101 SET @OLD_CHARACTER_SET_CLIENT=@@CHARACTER_SET_CLIENT */;
/*!40101 SET @OLD_CHARACTER_SET_RESULTS=@@CHARACTER_SET_RESULTS */;
/*!40101 SET @OLD_COLLATION_CONNECTION=@@COLLATION_CONNECTION */;
/*!40101 SET NAMES utf8mb4 */;

--
-- Database: `db_lifestyleoutdoorgear`
--

-- --------------------------------------------------------

--
-- Table structure for table `attendant_tb`
--

CREATE TABLE `attendant_tb` (
  `attendant_id` int(11) NOT NULL,
  `user_id` int(11) NOT NULL,
  `branch_id` int(11) NOT NULL,
  `created_date` timestamp NOT NULL DEFAULT current_timestamp()
) ENGINE=InnoDB DEFAULT CHARSET=utf8mb4;

--
-- Dumping data for table `attendant_tb`
--

INSERT INTO `attendant_tb` (`attendant_id`, `user_id`, `branch_id`, `created_date`) VALUES
(2, 17, 3, '2022-04-05 03:47:26'),
(13, 7, 2, '2022-04-20 08:39:23'),
(15, 4, 3, '2022-04-21 07:48:24'),
(19, 23, 3, '2022-04-27 08:41:50'),
(20, 5, 1, '2022-05-04 03:54:12'),
(21, 6, 1, '2022-05-10 09:03:30');

-- --------------------------------------------------------

--
-- Table structure for table `branch_inventory_tb`
--

CREATE TABLE `branch_inventory_tb` (
  `branch_inventory_id` int(11) NOT NULL,
  `product_id` int(11) NOT NULL,
  `warehouse_inventory_id` int(11) NOT NULL,
  `branch_id` int(11) NOT NULL,
  `quantity` int(11) NOT NULL,
  `date` varchar(150) NOT NULL
) ENGINE=InnoDB DEFAULT CHARSET=utf8mb4;

--
-- Dumping data for table `branch_inventory_tb`
--

INSERT INTO `branch_inventory_tb` (`branch_inventory_id`, `product_id`, `warehouse_inventory_id`, `branch_id`, `quantity`, `date`) VALUES
(1, 1, 1, 3, 100, '2022-06-30'),
(2, 1, 2, 3, 100, '2022-06-30'),
(3, 1, 3, 3, 100, '2022-06-30'),
(4, 1, 4, 3, 100, '2022-06-30'),
(5, 1, 5, 3, 100, '2022-06-30'),
(6, 1, 6, 3, 100, '2022-06-30'),
(7, 1, 7, 3, 100, '2022-06-30'),
(8, 1, 8, 3, 100, '2022-06-30'),
(9, 1, 9, 3, 100, '2022-06-30'),
(10, 1, 10, 3, 100, '2022-06-30'),
(11, 1, 11, 3, 100, '2022-06-30'),
(12, 1, 12, 3, 100, '2022-06-30'),
(13, 1, 13, 3, 100, '2022-06-30'),
(14, 1, 14, 3, 100, '2022-06-30'),
(15, 1, 15, 3, 100, '2022-06-30'),
(16, 1, 16, 3, 100, '2022-06-30'),
(17, 1, 17, 3, 100, '2022-06-30'),
(18, 1, 18, 3, 100, '2022-06-30'),
(19, 1, 19, 3, 100, '2022-06-30'),
(20, 1, 20, 3, 100, '2022-06-30'),
(21, 1, 21, 3, 100, '2022-06-30'),
(22, 1, 22, 3, 100, '2022-06-30'),
(23, 1, 23, 3, 100, '2022-06-30'),
(24, 1, 24, 3, 100, '2022-06-30'),
(25, 1, 25, 3, 100, '2022-06-30'),
(26, 1, 26, 3, 100, '2022-06-30'),
(27, 1, 27, 3, 100, '2022-06-30'),
(28, 1, 28, 3, 100, '2022-06-30'),
(29, 1, 29, 3, 100, '2022-06-30'),
(30, 1, 30, 3, 100, '2022-06-30'),
(31, 1, 31, 3, 100, '2022-06-30'),
(32, 1, 32, 3, 100, '2022-06-30'),
(33, 1, 33, 3, 100, '2022-06-30'),
(34, 1, 34, 3, 100, '2022-06-30'),
(35, 1, 35, 3, 100, '2022-06-30'),
(36, 1, 36, 3, 100, '2022-06-30'),
(37, 1, 37, 3, 100, '2022-06-30'),
(38, 2, 38, 3, 100, '2022-06-30'),
(39, 2, 39, 3, 100, '2022-06-30'),
(40, 2, 40, 3, 100, '2022-06-30'),
(41, 2, 41, 3, 100, '2022-06-30'),
(42, 2, 42, 3, 100, '2022-06-30'),
(43, 2, 43, 3, 100, '2022-06-30'),
(44, 2, 44, 3, 100, '2022-06-30'),
(45, 2, 45, 3, 100, '2022-06-30'),
(46, 2, 46, 3, 100, '2022-06-30'),
(47, 2, 47, 3, 100, '2022-06-30'),
(48, 2, 48, 3, 100, '2022-06-30'),
(49, 2, 49, 3, 100, '2022-06-30'),
(50, 2, 50, 3, 100, '2022-06-30'),
(51, 2, 51, 3, 100, '2022-06-30'),
(52, 2, 52, 3, 100, '2022-06-30'),
(53, 2, 53, 3, 100, '2022-06-30'),
(54, 3, 54, 3, 100, '2022-06-30'),
(55, 3, 55, 3, 100, '2022-06-30'),
(56, 3, 56, 3, 100, '2022-06-30'),
(57, 3, 57, 3, 100, '2022-06-30'),
(58, 3, 58, 3, 100, '2022-06-30'),
(59, 3, 59, 3, 100, '2022-06-30'),
(60, 3, 60, 3, 100, '2022-06-30'),
(61, 3, 61, 3, 100, '2022-06-30'),
(62, 3, 62, 3, 100, '2022-06-30'),
(63, 3, 63, 3, 100, '2022-06-30'),
(64, 3, 64, 3, 100, '2022-06-30'),
(65, 3, 65, 3, 100, '2022-06-30'),
(66, 3, 66, 3, 100, '2022-06-30'),
(67, 4, 67, 3, 100, '2022-06-30'),
(68, 4, 68, 3, 100, '2022-06-30'),
(69, 4, 69, 3, 100, '2022-06-30'),
(70, 4, 70, 3, 99, '2022-06-30'),
(71, 4, 71, 3, 100, '2022-06-30'),
(72, 4, 72, 3, 100, '2022-06-30'),
(73, 4, 73, 3, 100, '2022-06-30'),
(74, 4, 74, 3, 100, '2022-06-30'),
(75, 17, 75, 3, 100, '2022-06-30'),
(76, 17, 76, 3, 100, '2022-06-30'),
(77, 17, 77, 3, 100, '2022-06-30'),
(78, 17, 78, 3, 100, '2022-06-30'),
(79, 17, 79, 3, 100, '2022-06-30'),
(80, 17, 80, 3, 100, '2022-06-30'),
(81, 17, 81, 3, 100, '2022-06-30'),
(82, 17, 82, 3, 100, '2022-06-30'),
(83, 17, 83, 3, 100, '2022-06-30'),
(84, 17, 84, 3, 100, '2022-06-30'),
(85, 17, 85, 3, 100, '2022-06-30'),
(86, 5, 86, 3, 100, '2022-06-30'),
(87, 5, 87, 3, 100, '2022-06-30'),
(88, 5, 88, 3, 100, '2022-06-30'),
(89, 5, 89, 3, 100, '2022-06-30'),
(90, 5, 90, 3, 100, '2022-06-30'),
(91, 5, 91, 3, 100, '2022-06-30'),
(92, 5, 92, 3, 100, '2022-06-30'),
(93, 5, 93, 3, 100, '2022-06-30'),
(94, 5, 94, 3, 100, '2022-06-30'),
(95, 5, 95, 3, 100, '2022-06-30'),
(96, 5, 96, 3, 100, '2022-06-30'),
(97, 5, 97, 3, 99, '2022-06-30'),
(98, 5, 98, 3, 100, '2022-06-30'),
(99, 5, 99, 3, 100, '2022-06-30'),
(100, 5, 100, 3, 100, '2022-06-30'),
(101, 5, 101, 3, 100, '2022-06-30'),
(102, 5, 102, 3, 100, '2022-06-30'),
(103, 5, 103, 3, 100, '2022-06-30'),
(104, 5, 104, 3, 100, '2022-06-30'),
(105, 5, 105, 3, 100, '2022-06-30'),
(106, 5, 106, 3, 100, '2022-06-30'),
(107, 5, 107, 3, 100, '2022-06-30'),
(108, 5, 108, 3, 100, '2022-06-30'),
(109, 5, 109, 3, 100, '2022-06-30'),
(110, 5, 110, 3, 100, '2022-06-30'),
(111, 5, 111, 3, 100, '2022-06-30'),
(112, 5, 112, 3, 100, '2022-06-30'),
(113, 5, 113, 3, 100, '2022-06-30'),
(114, 5, 114, 3, 100, '2022-06-30'),
(115, 5, 115, 3, 100, '2022-06-30'),
(116, 5, 116, 3, 100, '2022-06-30'),
(117, 5, 117, 3, 100, '2022-06-30'),
(118, 5, 118, 3, 100, '2022-06-30'),
(119, 5, 119, 3, 100, '2022-06-30'),
(120, 5, 120, 3, 100, '2022-06-30'),
(121, 5, 121, 3, 100, '2022-06-30'),
(122, 5, 122, 3, 100, '2022-06-30'),
(123, 5, 123, 3, 100, '2022-06-30'),
(124, 5, 124, 3, 100, '2022-06-30'),
(125, 5, 125, 3, 100, '2022-06-30'),
(126, 5, 126, 3, 100, '2022-06-30'),
(127, 5, 127, 3, 100, '2022-06-30'),
(128, 6, 128, 3, 100, '2022-06-30'),
(129, 6, 129, 3, 100, '2022-06-30'),
(130, 6, 130, 3, 100, '2022-06-30'),
(131, 6, 131, 3, 100, '2022-06-30'),
(132, 6, 132, 3, 100, '2022-06-30'),
(133, 6, 133, 3, 100, '2022-06-30'),
(134, 6, 134, 3, 100, '2022-06-30'),
(135, 6, 135, 3, 100, '2022-06-30'),
(136, 6, 136, 3, 100, '2022-06-30'),
(137, 6, 137, 3, 100, '2022-06-30'),
(138, 6, 138, 3, 100, '2022-06-30'),
(139, 6, 139, 3, 100, '2022-06-30'),
(140, 7, 140, 3, 100, '2022-06-30'),
(141, 7, 141, 3, 100, '2022-06-30'),
(142, 7, 142, 3, 100, '2022-06-30'),
(143, 7, 143, 3, 100, '2022-06-30'),
(144, 7, 144, 3, 100, '2022-06-30'),
(145, 7, 145, 3, 100, '2022-06-30'),
(146, 7, 146, 3, 100, '2022-06-30'),
(147, 7, 147, 3, 100, '2022-06-30'),
(148, 7, 148, 3, 100, '2022-06-30'),
(149, 7, 149, 3, 100, '2022-06-30'),
(150, 7, 150, 3, 100, '2022-06-30'),
(151, 7, 151, 3, 100, '2022-06-30'),
(152, 7, 152, 3, 100, '2022-06-30'),
(153, 7, 153, 3, 100, '2022-06-30'),
(154, 7, 154, 3, 100, '2022-06-30'),
(155, 40, 155, 3, 100, '2022-06-30'),
(156, 40, 156, 3, 100, '2022-06-30'),
(157, 40, 157, 3, 100, '2022-06-30'),
(158, 8, 158, 3, 100, '2022-06-30'),
(159, 8, 159, 3, 100, '2022-06-30'),
(160, 8, 160, 3, 100, '2022-06-30'),
(161, 8, 161, 3, 100, '2022-06-30'),
(162, 8, 162, 3, 100, '2022-06-30'),
(163, 8, 163, 3, 100, '2022-06-30'),
(164, 8, 164, 3, 100, '2022-06-30'),
(165, 8, 165, 3, 100, '2022-06-30'),
(166, 8, 166, 3, 100, '2022-06-30'),
(167, 9, 167, 3, 100, '2022-06-30'),
(168, 9, 168, 3, 100, '2022-06-30'),
(169, 9, 169, 3, 100, '2022-06-30'),
(170, 9, 170, 3, 100, '2022-06-30'),
(171, 9, 171, 3, 100, '2022-06-30'),
(172, 9, 172, 3, 100, '2022-06-30'),
(173, 9, 173, 3, 100, '2022-06-30'),
(174, 9, 174, 3, 100, '2022-06-30'),
(175, 9, 175, 3, 100, '2022-06-30'),
(176, 9, 176, 3, 100, '2022-06-30'),
(177, 9, 177, 3, 100, '2022-06-30'),
(178, 9, 178, 3, 100, '2022-06-30'),
(179, 9, 179, 3, 100, '2022-06-30'),
(180, 9, 180, 3, 100, '2022-06-30'),
(181, 9, 181, 3, 100, '2022-06-30'),
(182, 9, 182, 3, 100, '2022-06-30'),
(183, 9, 183, 3, 100, '2022-06-30'),
(184, 9, 184, 3, 100, '2022-06-30'),
(185, 9, 185, 3, 100, '2022-06-30'),
(186, 9, 186, 3, 100, '2022-06-30'),
(187, 9, 187, 3, 100, '2022-06-30'),
(188, 9, 188, 3, 100, '2022-06-30'),
(189, 9, 189, 3, 100, '2022-06-30'),
(190, 9, 190, 3, 100, '2022-06-30'),
(191, 9, 191, 3, 100, '2022-06-30'),
(192, 9, 192, 3, 100, '2022-06-30'),
(193, 9, 193, 3, 100, '2022-06-30'),
(194, 9, 194, 3, 100, '2022-06-30'),
(195, 9, 195, 3, 100, '2022-06-30'),
(196, 9, 196, 3, 100, '2022-06-30'),
(197, 9, 197, 3, 100, '2022-06-30'),
(198, 9, 198, 3, 100, '2022-06-30'),
(199, 9, 199, 3, 100, '2022-06-30'),
(200, 9, 200, 3, 100, '2022-06-30'),
(201, 9, 201, 3, 100, '2022-06-30'),
(202, 9, 202, 3, 100, '2022-06-30'),
(203, 9, 203, 3, 100, '2022-06-30'),
(204, 9, 204, 3, 100, '2022-06-30'),
(205, 9, 205, 3, 100, '2022-06-30'),
(206, 9, 206, 3, 100, '2022-06-30'),
(207, 12, 207, 3, 100, '2022-06-30'),
(208, 12, 208, 3, 100, '2022-06-30'),
(209, 12, 209, 3, 100, '2022-06-30'),
(210, 12, 210, 3, 100, '2022-06-30'),
(211, 10, 211, 3, 100, '2022-06-30'),
(212, 10, 212, 3, 100, '2022-06-30'),
(213, 10, 213, 3, 100, '2022-06-30'),
(214, 10, 214, 3, 100, '2022-06-30'),
(215, 10, 215, 3, 100, '2022-06-30'),
(216, 10, 216, 3, 100, '2022-06-30'),
(217, 10, 217, 3, 100, '2022-06-30'),
(218, 10, 218, 3, 100, '2022-06-30'),
(219, 10, 219, 3, 100, '2022-06-30'),
(220, 10, 220, 3, 100, '2022-06-30'),
(221, 10, 221, 3, 100, '2022-06-30'),
(222, 10, 222, 3, 100, '2022-06-30'),
(223, 10, 223, 3, 100, '2022-06-30'),
(224, 10, 224, 3, 100, '2022-06-30'),
(225, 10, 225, 3, 100, '2022-06-30'),
(226, 10, 226, 3, 100, '2022-06-30'),
(227, 10, 227, 3, 100, '2022-06-30'),
(228, 10, 228, 3, 100, '2022-06-30'),
(229, 10, 229, 3, 100, '2022-06-30'),
(230, 10, 230, 3, 100, '2022-06-30'),
(231, 10, 231, 3, 100, '2022-06-30'),
(232, 10, 232, 3, 100, '2022-06-30'),
(233, 10, 233, 3, 100, '2022-06-30'),
(234, 10, 234, 3, 100, '2022-06-30'),
(235, 10, 235, 3, 100, '2022-06-30'),
(236, 10, 236, 3, 100, '2022-06-30'),
(237, 10, 237, 3, 100, '2022-06-30'),
(238, 10, 238, 3, 100, '2022-06-30'),
(239, 10, 239, 3, 100, '2022-06-30'),
(240, 10, 240, 3, 100, '2022-06-30'),
(241, 10, 241, 3, 100, '2022-06-30'),
(242, 10, 242, 3, 100, '2022-06-30'),
(243, 10, 243, 3, 100, '2022-06-30'),
(244, 14, 244, 3, 100, '2022-06-30'),
(245, 14, 245, 3, 100, '2022-06-30'),
(246, 14, 246, 3, 100, '2022-06-30'),
(247, 14, 247, 3, 100, '2022-06-30'),
(248, 14, 248, 3, 100, '2022-06-30'),
(249, 14, 249, 3, 100, '2022-06-30'),
(250, 14, 250, 3, 100, '2022-06-30'),
(251, 14, 251, 3, 100, '2022-06-30'),
(252, 14, 252, 3, 100, '2022-06-30'),
(253, 14, 253, 3, 100, '2022-06-30'),
(254, 14, 254, 3, 100, '2022-06-30'),
(255, 14, 255, 3, 100, '2022-06-30'),
(256, 14, 256, 3, 100, '2022-06-30'),
(257, 14, 257, 3, 100, '2022-06-30'),
(258, 15, 258, 3, 100, '2022-06-30'),
(259, 15, 259, 3, 100, '2022-06-30'),
(260, 15, 260, 3, 100, '2022-06-30'),
(261, 15, 261, 3, 100, '2022-06-30'),
(262, 15, 262, 3, 100, '2022-06-30'),
(263, 15, 263, 3, 100, '2022-06-30'),
(264, 15, 264, 3, 100, '2022-06-30'),
(265, 15, 265, 3, 100, '2022-06-30'),
(266, 15, 266, 3, 100, '2022-06-30'),
(267, 15, 267, 3, 100, '2022-06-30'),
(268, 15, 268, 3, 100, '2022-06-30'),
(269, 15, 269, 3, 100, '2022-06-30'),
(270, 15, 270, 3, 100, '2022-06-30'),
(271, 15, 271, 3, 100, '2022-06-30'),
(272, 15, 272, 3, 100, '2022-06-30'),
(273, 15, 273, 3, 100, '2022-06-30'),
(274, 15, 274, 3, 100, '2022-06-30'),
(275, 15, 275, 3, 100, '2022-06-30'),
(276, 15, 276, 3, 100, '2022-06-30'),
(277, 15, 277, 3, 100, '2022-06-30'),
(278, 15, 278, 3, 100, '2022-06-30'),
(279, 15, 279, 3, 100, '2022-06-30'),
(280, 15, 280, 3, 100, '2022-06-30'),
(281, 15, 281, 3, 100, '2022-06-30'),
(282, 15, 282, 3, 100, '2022-06-30'),
(283, 15, 283, 3, 100, '2022-06-30'),
(284, 15, 284, 3, 100, '2022-06-30'),
(285, 15, 285, 3, 100, '2022-06-30'),
(286, 15, 286, 3, 100, '2022-06-30'),
(287, 15, 287, 3, 100, '2022-06-30'),
(288, 18, 288, 3, 100, '2022-06-30'),
(289, 18, 289, 3, 100, '2022-06-30'),
(290, 18, 290, 3, 100, '2022-06-30'),
(291, 18, 291, 3, 100, '2022-06-30'),
(292, 18, 292, 3, 100, '2022-06-30'),
(293, 18, 293, 3, 100, '2022-06-30'),
(294, 18, 294, 3, 100, '2022-06-30'),
(295, 18, 295, 3, 100, '2022-06-30'),
(296, 18, 296, 3, 100, '2022-06-30'),
(297, 18, 297, 3, 100, '2022-06-30'),
(298, 18, 298, 3, 100, '2022-06-30'),
(299, 18, 299, 3, 100, '2022-06-30'),
(300, 18, 300, 3, 100, '2022-06-30'),
(301, 18, 301, 3, 100, '2022-06-30'),
(302, 18, 302, 3, 100, '2022-06-30'),
(303, 18, 303, 3, 100, '2022-06-30'),
(304, 18, 304, 3, 100, '2022-06-30'),
(305, 18, 305, 3, 100, '2022-06-30'),
(306, 18, 306, 3, 100, '2022-06-30'),
(307, 18, 307, 3, 100, '2022-06-30'),
(308, 18, 308, 3, 100, '2022-06-30'),
(309, 19, 309, 3, 100, '2022-06-30'),
(310, 19, 310, 3, 100, '2022-06-30'),
(311, 19, 311, 3, 100, '2022-06-30'),
(312, 19, 312, 3, 100, '2022-06-30'),
(313, 19, 313, 3, 100, '2022-06-30'),
(314, 19, 314, 3, 100, '2022-06-30'),
(315, 20, 315, 3, 100, '2022-06-30'),
(316, 20, 316, 3, 100, '2022-06-30'),
(317, 20, 317, 3, 100, '2022-06-30'),
(318, 20, 318, 3, 100, '2022-06-30'),
(319, 20, 319, 3, 100, '2022-06-30'),
(320, 20, 320, 3, 100, '2022-06-30'),
(321, 20, 321, 3, 100, '2022-06-30'),
(322, 20, 322, 3, 100, '2022-06-30'),
(323, 22, 323, 3, 100, '2022-06-30'),
(324, 22, 324, 3, 100, '2022-06-30'),
(325, 23, 325, 3, 100, '2022-06-30'),
(326, 23, 326, 3, 100, '2022-06-30'),
(327, 23, 327, 3, 100, '2022-06-30'),
(328, 23, 328, 3, 100, '2022-06-30'),
(329, 23, 329, 3, 100, '2022-06-30'),
(330, 23, 330, 3, 100, '2022-06-30'),
(331, 23, 331, 3, 100, '2022-06-30'),
(332, 23, 332, 3, 100, '2022-06-30'),
(333, 25, 333, 3, 100, '2022-06-30'),
(334, 25, 334, 3, 100, '2022-06-30'),
(335, 25, 335, 3, 100, '2022-06-30'),
(336, 25, 336, 3, 100, '2022-06-30'),
(337, 26, 337, 3, 100, '2022-06-30'),
(338, 26, 338, 3, 100, '2022-06-30'),
(339, 26, 339, 3, 100, '2022-06-30'),
(340, 26, 340, 3, 100, '2022-06-30'),
(341, 26, 341, 3, 100, '2022-06-30'),
(342, 26, 342, 3, 100, '2022-06-30'),
(343, 26, 343, 3, 99, '2022-06-30'),
(344, 26, 344, 3, 100, '2022-06-30'),
(345, 26, 345, 3, 100, '2022-06-30'),
(346, 26, 346, 3, 100, '2022-06-30'),
(347, 26, 347, 3, 100, '2022-06-30'),
(348, 24, 348, 3, 100, '2022-06-30'),
(349, 24, 349, 3, 100, '2022-06-30'),
(350, 24, 350, 3, 100, '2022-06-30'),
(351, 24, 351, 3, 100, '2022-06-30'),
(352, 24, 352, 3, 100, '2022-06-30'),
(353, 24, 353, 3, 100, '2022-06-30'),
(354, 24, 354, 3, 100, '2022-06-30'),
(355, 24, 355, 3, 100, '2022-06-30'),
(356, 24, 356, 3, 100, '2022-06-30'),
(357, 24, 357, 3, 100, '2022-06-30'),
(358, 24, 358, 3, 100, '2022-06-30'),
(359, 24, 359, 3, 100, '2022-06-30'),
(360, 27, 360, 3, 100, '2022-06-30'),
(361, 27, 361, 3, 100, '2022-06-30'),
(362, 27, 362, 3, 100, '2022-06-30'),
(363, 27, 363, 3, 100, '2022-06-30'),
(364, 27, 364, 3, 100, '2022-06-30'),
(365, 27, 365, 3, 100, '2022-06-30'),
(366, 28, 366, 3, 100, '2022-06-30'),
(367, 28, 367, 3, 100, '2022-06-30'),
(368, 28, 368, 3, 100, '2022-06-30'),
(369, 28, 369, 3, 100, '2022-06-30'),
(370, 28, 370, 3, 100, '2022-06-30'),
(371, 29, 371, 3, 100, '2022-06-30'),
(372, 29, 372, 3, 100, '2022-06-30'),
(373, 29, 373, 3, 100, '2022-06-30'),
(374, 29, 374, 3, 100, '2022-06-30'),
(375, 30, 375, 3, 100, '2022-06-30'),
(376, 30, 376, 3, 100, '2022-06-30'),
(377, 30, 377, 3, 100, '2022-06-30'),
(378, 30, 378, 3, 100, '2022-06-30'),
(379, 31, 379, 3, 100, '2022-06-30'),
(380, 31, 380, 3, 100, '2022-06-30'),
(381, 31, 381, 3, 100, '2022-06-30'),
(382, 31, 382, 3, 100, '2022-06-30'),
(383, 32, 383, 3, 100, '2022-06-30'),
(384, 32, 384, 3, 100, '2022-06-30'),
(385, 32, 385, 3, 100, '2022-06-30'),
(386, 32, 386, 3, 100, '2022-06-30'),
(387, 33, 387, 3, 100, '2022-06-30'),
(388, 33, 388, 3, 100, '2022-06-30'),
(389, 33, 389, 3, 100, '2022-06-30'),
(390, 41, 390, 3, 100, '2022-06-30'),
(391, 41, 391, 3, 100, '2022-06-30'),
(392, 41, 392, 3, 100, '2022-06-30'),
(393, 41, 393, 3, 100, '2022-06-30'),
(394, 42, 394, 3, 100, '2022-06-30'),
(395, 42, 395, 3, 100, '2022-06-30'),
(396, 42, 396, 3, 100, '2022-06-30'),
(397, 42, 397, 3, 100, '2022-06-30'),
(398, 42, 398, 3, 100, '2022-06-30'),
(399, 54, 399, 3, 100, '2022-06-30'),
(400, 44, 400, 3, 100, '2022-06-30'),
(401, 52, 401, 3, 100, '2022-06-30'),
(402, 11, 402, 3, 100, '2022-06-30'),
(403, 11, 403, 3, 100, '2022-06-30'),
(404, 11, 404, 3, 100, '2022-06-30'),
(405, 11, 405, 3, 100, '2022-06-30'),
(406, 11, 406, 3, 100, '2022-06-30'),
(407, 11, 407, 3, 100, '2022-06-30'),
(408, 11, 408, 3, 100, '2022-06-30'),
(409, 11, 409, 3, 100, '2022-06-30'),
(410, 11, 410, 3, 100, '2022-06-30'),
(411, 11, 411, 3, 100, '2022-06-30'),
(412, 11, 412, 3, 100, '2022-06-30'),
(413, 11, 413, 3, 100, '2022-06-30'),
(414, 11, 414, 3, 100, '2022-06-30'),
(415, 11, 415, 3, 100, '2022-06-30'),
(416, 11, 416, 3, 100, '2022-06-30'),
(417, 11, 417, 3, 100, '2022-06-30'),
(418, 11, 418, 3, 100, '2022-06-30'),
(419, 11, 419, 3, 100, '2022-06-30'),
(420, 72, 420, 3, 100, '2022-06-30'),
(421, 72, 421, 3, 100, '2022-06-30'),
(422, 72, 422, 3, 100, '2022-06-30'),
(423, 72, 423, 3, 100, '2022-06-30'),
(424, 72, 424, 3, 100, '2022-06-30'),
(425, 72, 425, 3, 100, '2022-06-30'),
(426, 72, 426, 3, 100, '2022-06-30'),
(427, 72, 427, 3, 100, '2022-06-30'),
(428, 72, 428, 3, 100, '2022-06-30'),
(429, 72, 429, 3, 100, '2022-06-30'),
(430, 72, 430, 3, 100, '2022-06-30'),
(431, 72, 431, 3, 100, '2022-06-30'),
(432, 72, 432, 3, 100, '2022-06-30'),
(433, 72, 433, 3, 100, '2022-06-30'),
(434, 39, 434, 3, 100, '2022-06-30'),
(435, 39, 435, 3, 100, '2022-06-30'),
(436, 39, 436, 3, 100, '2022-06-30'),
(437, 39, 437, 3, 100, '2022-06-30'),
(438, 39, 438, 3, 100, '2022-06-30'),
(439, 73, 439, 3, 100, '2022-06-30'),
(440, 73, 440, 3, 100, '2022-06-30'),
(441, 74, 441, 3, 100, '2022-06-30'),
(442, 74, 442, 3, 100, '2022-06-30'),
(443, 75, 443, 3, 100, '2022-06-30'),
(444, 75, 444, 3, 100, '2022-06-30'),
(445, 75, 445, 3, 100, '2022-06-30'),
(446, 75, 446, 3, 100, '2022-06-30'),
(447, 75, 447, 3, 100, '2022-06-30'),
(448, 75, 448, 3, 100, '2022-06-30'),
(449, 76, 449, 3, 100, '2022-06-30'),
(450, 77, 450, 3, 100, '2022-06-30'),
(451, 78, 451, 3, 100, '2022-06-30'),
(452, 79, 452, 3, 100, '2022-06-30'),
(453, 79, 453, 3, 100, '2022-06-30'),
(454, 79, 454, 3, 100, '2022-06-30'),
(455, 79, 455, 3, 100, '2022-06-30'),
(456, 79, 456, 3, 100, '2022-06-30'),
(457, 79, 457, 3, 100, '2022-06-30'),
(458, 79, 458, 3, 100, '2022-06-30'),
(459, 79, 459, 3, 100, '2022-06-30'),
(460, 79, 460, 3, 100, '2022-06-30'),
(461, 79, 461, 3, 100, '2022-06-30'),
(462, 79, 462, 3, 100, '2022-06-30'),
(463, 79, 463, 3, 100, '2022-06-30'),
(464, 79, 464, 3, 100, '2022-06-30'),
(465, 79, 465, 3, 100, '2022-06-30'),
(466, 79, 466, 3, 100, '2022-06-30'),
(467, 79, 467, 3, 100, '2022-06-30'),
(468, 79, 468, 3, 100, '2022-06-30'),
(469, 79, 469, 3, 100, '2022-06-30'),
(470, 79, 470, 3, 100, '2022-06-30'),
(471, 79, 471, 3, 100, '2022-06-30'),
(472, 80, 472, 3, 100, '2022-06-30'),
(473, 81, 473, 3, 100, '2022-06-30'),
(474, 82, 474, 3, 100, '2022-06-30'),
(475, 82, 475, 3, 100, '2022-06-30'),
(476, 82, 476, 3, 100, '2022-06-30'),
(477, 21, 477, 3, 100, '2022-06-30'),
(478, 21, 478, 3, 100, '2022-06-30'),
(479, 21, 479, 3, 100, '2022-06-30'),
(480, 21, 480, 3, 100, '2022-06-30'),
(481, 34, 481, 3, 100, '2022-06-30'),
(482, 34, 482, 3, 100, '2022-06-30'),
(483, 34, 483, 3, 100, '2022-06-30'),
(484, 83, 484, 3, 100, '2022-06-30'),
(485, 83, 485, 3, 100, '2022-06-30'),
(486, 36, 486, 3, 100, '2022-06-30'),
(487, 37, 487, 3, 100, '2022-06-30'),
(488, 38, 488, 3, 100, '2022-06-30'),
(489, 277, 489, 3, 100, '2022-06-30'),
(490, 69, 490, 3, 100, '2022-06-30'),
(491, 70, 491, 3, 100, '2022-06-30'),
(492, 71, 492, 3, 100, '2022-06-30'),
(493, 84, 493, 3, 100, '2022-06-30'),
(494, 85, 494, 3, 100, '2022-06-30'),
(495, 86, 495, 3, 100, '2022-06-30'),
(496, 87, 496, 3, 100, '2022-06-30'),
(497, 88, 497, 3, 100, '2022-06-30'),
(498, 90, 498, 3, 100, '2022-06-30'),
(499, 91, 499, 3, 100, '2022-06-30'),
(500, 92, 500, 3, 100, '2022-06-30'),
(501, 54, 501, 3, 100, '2022-06-30'),
(502, 43, 502, 3, 100, '2022-06-30'),
(503, 43, 503, 3, 100, '2022-06-30'),
(504, 43, 504, 3, 100, '2022-06-30'),
(505, 43, 505, 3, 100, '2022-06-30'),
(506, 43, 506, 3, 100, '2022-06-30'),
(507, 43, 507, 3, 100, '2022-06-30'),
(508, 43, 508, 3, 100, '2022-06-30'),
(509, 43, 509, 3, 100, '2022-06-30'),
(510, 43, 510, 3, 100, '2022-06-30'),
(511, 43, 511, 3, 100, '2022-06-30'),
(512, 43, 512, 3, 100, '2022-06-30'),
(513, 43, 513, 3, 100, '2022-06-30'),
(514, 43, 514, 3, 100, '2022-06-30'),
(515, 43, 515, 3, 100, '2022-06-30'),
(516, 43, 516, 3, 100, '2022-06-30'),
(517, 43, 517, 3, 100, '2022-06-30'),
(518, 43, 518, 3, 100, '2022-06-30'),
(519, 43, 519, 3, 100, '2022-06-30'),
(520, 43, 520, 3, 100, '2022-06-30'),
(521, 43, 521, 3, 100, '2022-06-30'),
(522, 43, 522, 3, 100, '2022-06-30'),
(523, 43, 523, 3, 100, '2022-06-30'),
(524, 43, 524, 3, 100, '2022-06-30'),
(525, 43, 525, 3, 100, '2022-06-30'),
(526, 43, 526, 3, 100, '2022-06-30'),
(527, 43, 527, 3, 100, '2022-06-30'),
(528, 43, 528, 3, 100, '2022-06-30'),
(529, 43, 529, 3, 100, '2022-06-30'),
(530, 43, 530, 3, 100, '2022-06-30'),
(531, 43, 531, 3, 100, '2022-06-30'),
(532, 43, 532, 3, 100, '2022-06-30'),
(533, 43, 533, 3, 100, '2022-06-30'),
(534, 43, 534, 3, 100, '2022-06-30'),
(535, 43, 535, 3, 100, '2022-06-30'),
(536, 43, 536, 3, 100, '2022-06-30'),
(537, 43, 537, 3, 100, '2022-06-30'),
(538, 43, 538, 3, 100, '2022-06-30'),
(539, 43, 539, 3, 100, '2022-06-30'),
(540, 43, 540, 3, 100, '2022-06-30'),
(541, 43, 541, 3, 100, '2022-06-30'),
(542, 43, 542, 3, 100, '2022-06-30'),
(543, 43, 543, 3, 100, '2022-06-30'),
(544, 43, 544, 3, 100, '2022-06-30'),
(545, 43, 545, 3, 100, '2022-06-30'),
(546, 43, 546, 3, 100, '2022-06-30'),
(547, 43, 547, 3, 100, '2022-06-30'),
(548, 43, 548, 3, 100, '2022-06-30'),
(549, 43, 549, 3, 100, '2022-06-30'),
(550, 43, 550, 3, 100, '2022-06-30'),
(551, 43, 551, 3, 100, '2022-06-30'),
(552, 43, 552, 3, 100, '2022-06-30'),
(553, 43, 553, 3, 100, '2022-06-30'),
(554, 43, 554, 3, 100, '2022-06-30'),
(555, 43, 555, 3, 100, '2022-06-30'),
(556, 43, 556, 3, 100, '2022-06-30'),
(557, 43, 557, 3, 100, '2022-06-30'),
(558, 43, 558, 3, 100, '2022-06-30'),
(559, 43, 559, 3, 100, '2022-06-30'),
(560, 44, 560, 3, 100, '2022-06-30'),
(561, 44, 561, 3, 100, '2022-06-30'),
(562, 44, 562, 3, 100, '2022-06-30'),
(563, 44, 563, 3, 100, '2022-06-30'),
(564, 44, 564, 3, 100, '2022-06-30'),
(565, 44, 565, 3, 100, '2022-06-30'),
(566, 44, 566, 3, 100, '2022-06-30'),
(567, 44, 567, 3, 100, '2022-06-30'),
(568, 44, 568, 3, 100, '2022-06-30'),
(569, 44, 569, 3, 100, '2022-06-30'),
(570, 44, 570, 3, 100, '2022-06-30'),
(571, 44, 571, 3, 100, '2022-06-30'),
(572, 44, 572, 3, 100, '2022-06-30'),
(573, 44, 573, 3, 100, '2022-06-30'),
(574, 44, 574, 3, 100, '2022-06-30'),
(575, 44, 575, 3, 100, '2022-06-30'),
(576, 44, 576, 3, 100, '2022-06-30'),
(577, 44, 577, 3, 100, '2022-06-30'),
(578, 44, 578, 3, 100, '2022-06-30'),
(579, 44, 579, 3, 100, '2022-06-30'),
(580, 44, 580, 3, 100, '2022-06-30'),
(581, 44, 581, 3, 100, '2022-06-30'),
(582, 44, 582, 3, 100, '2022-06-30'),
(583, 44, 583, 3, 100, '2022-06-30'),
(584, 44, 584, 3, 100, '2022-06-30'),
(585, 44, 585, 3, 100, '2022-06-30'),
(586, 44, 586, 3, 100, '2022-06-30'),
(587, 44, 587, 3, 100, '2022-06-30'),
(588, 44, 588, 3, 100, '2022-06-30'),
(589, 44, 589, 3, 100, '2022-06-30'),
(590, 44, 590, 3, 100, '2022-06-30'),
(591, 44, 591, 3, 100, '2022-06-30'),
(592, 44, 592, 3, 100, '2022-06-30'),
(593, 44, 593, 3, 100, '2022-06-30'),
(594, 44, 594, 3, 100, '2022-06-30'),
(595, 44, 595, 3, 100, '2022-06-30'),
(596, 44, 596, 3, 100, '2022-06-30'),
(597, 44, 597, 3, 100, '2022-06-30'),
(598, 44, 598, 3, 100, '2022-06-30'),
(599, 44, 599, 3, 100, '2022-06-30'),
(600, 44, 600, 3, 100, '2022-06-30'),
(601, 44, 601, 3, 100, '2022-06-30'),
(602, 44, 602, 3, 100, '2022-06-30'),
(603, 44, 603, 3, 100, '2022-06-30'),
(604, 45, 604, 3, 100, '2022-06-30'),
(605, 45, 605, 3, 100, '2022-06-30'),
(606, 45, 606, 3, 100, '2022-06-30'),
(607, 45, 607, 3, 100, '2022-06-30'),
(608, 45, 608, 3, 100, '2022-06-30'),
(609, 45, 609, 3, 100, '2022-06-30'),
(610, 45, 610, 3, 100, '2022-06-30'),
(611, 45, 611, 3, 100, '2022-06-30'),
(612, 45, 612, 3, 100, '2022-06-30'),
(613, 45, 613, 3, 100, '2022-06-30'),
(614, 45, 614, 3, 100, '2022-06-30'),
(615, 45, 615, 3, 100, '2022-06-30'),
(616, 45, 616, 3, 100, '2022-06-30'),
(617, 45, 617, 3, 100, '2022-06-30'),
(618, 46, 618, 3, 100, '2022-06-30'),
(619, 46, 619, 3, 100, '2022-06-30'),
(620, 46, 620, 3, 100, '2022-06-30'),
(621, 46, 621, 3, 100, '2022-06-30'),
(622, 46, 622, 3, 100, '2022-06-30'),
(623, 46, 623, 3, 100, '2022-06-30'),
(624, 46, 624, 3, 100, '2022-06-30'),
(625, 46, 625, 3, 100, '2022-06-30'),
(626, 46, 626, 3, 100, '2022-06-30'),
(627, 46, 627, 3, 100, '2022-06-30'),
(628, 46, 628, 3, 100, '2022-06-30'),
(629, 46, 629, 3, 100, '2022-06-30'),
(630, 46, 630, 3, 100, '2022-06-30'),
(631, 46, 631, 3, 100, '2022-06-30'),
(632, 46, 632, 3, 100, '2022-06-30'),
(633, 46, 633, 3, 100, '2022-06-30'),
(634, 46, 634, 3, 100, '2022-06-30'),
(635, 46, 635, 3, 100, '2022-06-30'),
(636, 46, 636, 3, 100, '2022-06-30'),
(637, 46, 637, 3, 100, '2022-06-30'),
(638, 46, 638, 3, 100, '2022-06-30'),
(639, 46, 639, 3, 100, '2022-06-30'),
(640, 46, 640, 3, 100, '2022-06-30'),
(641, 46, 641, 3, 100, '2022-06-30'),
(642, 46, 642, 3, 100, '2022-06-30'),
(643, 46, 643, 3, 100, '2022-06-30'),
(644, 46, 644, 3, 100, '2022-06-30'),
(645, 46, 645, 3, 100, '2022-06-30'),
(646, 46, 646, 3, 100, '2022-06-30'),
(647, 46, 647, 3, 100, '2022-06-30'),
(648, 46, 648, 3, 100, '2022-06-30'),
(649, 46, 649, 3, 100, '2022-06-30'),
(650, 46, 650, 3, 100, '2022-06-30'),
(651, 46, 651, 3, 100, '2022-06-30'),
(652, 46, 652, 3, 100, '2022-06-30'),
(653, 46, 653, 3, 100, '2022-06-30'),
(654, 46, 654, 3, 100, '2022-06-30'),
(655, 46, 655, 3, 100, '2022-06-30'),
(656, 46, 656, 3, 100, '2022-06-30'),
(657, 46, 657, 3, 100, '2022-06-30'),
(658, 46, 658, 3, 100, '2022-06-30'),
(659, 46, 659, 3, 100, '2022-06-30'),
(660, 46, 660, 3, 100, '2022-06-30'),
(661, 46, 661, 3, 100, '2022-06-30'),
(662, 46, 662, 3, 100, '2022-06-30'),
(663, 46, 663, 3, 100, '2022-06-30'),
(664, 46, 664, 3, 100, '2022-06-30'),
(665, 46, 665, 3, 100, '2022-06-30'),
(666, 93, 666, 3, 100, '2022-06-30'),
(667, 93, 667, 3, 100, '2022-06-30'),
(668, 93, 668, 3, 100, '2022-06-30'),
(669, 93, 669, 3, 100, '2022-06-30'),
(670, 93, 670, 3, 100, '2022-06-30'),
(671, 93, 671, 3, 100, '2022-06-30'),
(672, 93, 672, 3, 100, '2022-06-30'),
(673, 93, 673, 3, 100, '2022-06-30'),
(674, 93, 674, 3, 100, '2022-06-30'),
(675, 93, 675, 3, 100, '2022-06-30'),
(676, 93, 676, 3, 100, '2022-06-30'),
(677, 93, 677, 3, 100, '2022-06-30'),
(678, 93, 678, 3, 100, '2022-06-30'),
(679, 93, 679, 3, 100, '2022-06-30'),
(680, 93, 680, 3, 100, '2022-06-30'),
(681, 93, 681, 3, 100, '2022-06-30'),
(682, 93, 682, 3, 100, '2022-06-30'),
(683, 93, 683, 3, 100, '2022-06-30'),
(684, 93, 684, 3, 100, '2022-06-30'),
(685, 93, 685, 3, 100, '2022-06-30'),
(686, 93, 686, 3, 100, '2022-06-30'),
(687, 93, 687, 3, 100, '2022-06-30'),
(688, 93, 688, 3, 100, '2022-06-30'),
(689, 93, 689, 3, 100, '2022-06-30'),
(690, 93, 690, 3, 100, '2022-06-30'),
(691, 93, 691, 3, 100, '2022-06-30'),
(692, 93, 692, 3, 100, '2022-06-30'),
(693, 93, 693, 3, 100, '2022-06-30'),
(694, 93, 694, 3, 100, '2022-06-30'),
(695, 93, 695, 3, 100, '2022-06-30'),
(696, 93, 696, 3, 100, '2022-06-30'),
(697, 93, 697, 3, 100, '2022-06-30'),
(698, 93, 698, 3, 100, '2022-06-30'),
(699, 93, 699, 3, 100, '2022-06-30'),
(700, 93, 700, 3, 100, '2022-06-30'),
(701, 93, 701, 3, 100, '2022-06-30'),
(702, 93, 702, 3, 100, '2022-06-30'),
(703, 93, 703, 3, 100, '2022-06-30'),
(704, 93, 704, 3, 100, '2022-06-30'),
(705, 93, 705, 3, 100, '2022-06-30'),
(706, 93, 706, 3, 100, '2022-06-30'),
(707, 93, 707, 3, 100, '2022-06-30'),
(708, 93, 708, 3, 100, '2022-06-30'),
(709, 93, 709, 3, 100, '2022-06-30'),
(710, 93, 710, 3, 100, '2022-06-30'),
(711, 93, 711, 3, 100, '2022-06-30'),
(712, 93, 712, 3, 100, '2022-06-30'),
(713, 93, 713, 3, 100, '2022-06-30'),
(714, 94, 714, 3, 100, '2022-06-30'),
(715, 94, 715, 3, 100, '2022-06-30'),
(716, 94, 716, 3, 100, '2022-06-30'),
(717, 94, 717, 3, 100, '2022-06-30'),
(718, 94, 718, 3, 100, '2022-06-30'),
(719, 94, 719, 3, 100, '2022-06-30'),
(720, 94, 720, 3, 100, '2022-06-30'),
(721, 94, 721, 3, 100, '2022-06-30'),
(722, 94, 722, 3, 100, '2022-06-30'),
(723, 94, 723, 3, 100, '2022-06-30'),
(724, 94, 724, 3, 100, '2022-06-30'),
(725, 94, 725, 3, 100, '2022-06-30'),
(726, 248, 726, 3, 100, '2022-06-30'),
(727, 248, 727, 3, 100, '2022-06-30'),
(728, 248, 728, 3, 100, '2022-06-30'),
(729, 248, 729, 3, 100, '2022-06-30'),
(730, 248, 730, 3, 100, '2022-06-30'),
(731, 248, 731, 3, 100, '2022-06-30'),
(732, 248, 732, 3, 100, '2022-06-30'),
(733, 248, 733, 3, 100, '2022-06-30'),
(734, 248, 734, 3, 100, '2022-06-30'),
(735, 248, 735, 3, 100, '2022-06-30'),
(736, 248, 736, 3, 100, '2022-06-30'),
(737, 248, 737, 3, 100, '2022-06-30'),
(738, 248, 738, 3, 100, '2022-06-30'),
(739, 248, 739, 3, 100, '2022-06-30'),
(740, 248, 740, 3, 100, '2022-06-30'),
(741, 248, 741, 3, 100, '2022-06-30'),
(742, 248, 742, 3, 100, '2022-06-30'),
(743, 248, 743, 3, 100, '2022-06-30'),
(744, 248, 744, 3, 100, '2022-06-30'),
(745, 248, 745, 3, 100, '2022-06-30'),
(746, 248, 746, 3, 100, '2022-06-30'),
(747, 248, 747, 3, 100, '2022-06-30'),
(748, 248, 748, 3, 100, '2022-06-30'),
(749, 248, 749, 3, 100, '2022-06-30'),
(750, 248, 750, 3, 100, '2022-06-30'),
(751, 248, 751, 3, 100, '2022-06-30'),
(752, 248, 752, 3, 100, '2022-06-30'),
(753, 248, 753, 3, 100, '2022-06-30'),
(754, 15, 754, 3, 100, '2022-06-30'),
(755, 96, 755, 3, 100, '2022-06-30'),
(756, 97, 756, 3, 100, '2022-06-30'),
(757, 98, 757, 3, 100, '2022-06-30'),
(758, 99, 758, 3, 100, '2022-06-30'),
(759, 100, 759, 3, 100, '2022-06-30'),
(760, 100, 760, 3, 100, '2022-06-30'),
(761, 102, 761, 3, 100, '2022-06-30'),
(762, 103, 762, 3, 100, '2022-06-30'),
(763, 104, 763, 3, 100, '2022-06-30'),
(764, 105, 764, 3, 100, '2022-06-30'),
(765, 106, 765, 3, 100, '2022-06-30'),
(766, 107, 766, 3, 100, '2022-06-30'),
(767, 108, 767, 3, 100, '2022-06-30'),
(768, 109, 768, 3, 100, '2022-06-30'),
(769, 110, 769, 3, 100, '2022-06-30'),
(770, 111, 770, 3, 100, '2022-06-30'),
(771, 112, 771, 3, 100, '2022-06-30'),
(772, 113, 772, 3, 100, '2022-06-30'),
(773, 114, 773, 3, 100, '2022-06-30'),
(774, 115, 774, 3, 100, '2022-06-30'),
(775, 116, 775, 3, 100, '2022-06-30'),
(776, 117, 776, 3, 100, '2022-06-30'),
(777, 118, 777, 3, 100, '2022-06-30'),
(778, 119, 778, 3, 100, '2022-06-30'),
(779, 120, 779, 3, 100, '2022-06-30'),
(780, 121, 780, 3, 100, '2022-06-30'),
(781, 50, 781, 3, 100, '2022-06-30'),
(782, 51, 782, 3, 100, '2022-06-30'),
(783, 122, 783, 3, 100, '2022-06-30'),
(784, 123, 784, 3, 100, '2022-06-30'),
(785, 124, 785, 3, 100, '2022-06-30'),
(786, 125, 786, 3, 100, '2022-06-30'),
(787, 126, 787, 3, 100, '2022-06-30'),
(788, 127, 788, 3, 100, '2022-06-30'),
(789, 128, 789, 3, 100, '2022-06-30'),
(790, 129, 790, 3, 100, '2022-06-30'),
(791, 130, 791, 3, 100, '2022-06-30'),
(792, 131, 792, 3, 100, '2022-06-30'),
(793, 131, 793, 3, 100, '2022-06-30'),
(794, 131, 794, 3, 100, '2022-06-30'),
(795, 131, 795, 3, 100, '2022-06-30'),
(796, 131, 796, 3, 100, '2022-06-30'),
(797, 131, 797, 3, 100, '2022-06-30'),
(798, 131, 798, 3, 100, '2022-06-30'),
(799, 131, 799, 3, 100, '2022-06-30'),
(800, 131, 800, 3, 100, '2022-06-30'),
(801, 132, 801, 3, 100, '2022-06-30'),
(802, 132, 802, 3, 100, '2022-06-30'),
(803, 132, 803, 3, 100, '2022-06-30'),
(804, 132, 804, 3, 100, '2022-06-30'),
(805, 132, 805, 3, 100, '2022-06-30'),
(806, 132, 806, 3, 100, '2022-06-30'),
(807, 132, 807, 3, 100, '2022-06-30'),
(808, 132, 808, 3, 100, '2022-06-30'),
(809, 133, 809, 3, 100, '2022-06-30'),
(810, 133, 810, 3, 100, '2022-06-30'),
(811, 62, 811, 3, 100, '2022-06-30'),
(812, 62, 812, 3, 100, '2022-06-30'),
(813, 62, 813, 3, 100, '2022-06-30'),
(814, 62, 814, 3, 100, '2022-06-30'),
(815, 62, 815, 3, 100, '2022-06-30'),
(816, 62, 816, 3, 100, '2022-06-30'),
(817, 63, 817, 3, 100, '2022-06-30'),
(818, 63, 818, 3, 100, '2022-06-30'),
(819, 63, 819, 3, 100, '2022-06-30'),
(820, 63, 820, 3, 100, '2022-06-30'),
(821, 63, 821, 3, 100, '2022-06-30'),
(822, 63, 822, 3, 100, '2022-06-30'),
(823, 136, 823, 3, 100, '2022-06-30'),
(824, 137, 824, 3, 99, '2022-06-30'),
(825, 138, 825, 3, 100, '2022-06-30'),
(826, 139, 826, 3, 100, '2022-06-30'),
(827, 140, 827, 3, 100, '2022-06-30'),
(828, 141, 828, 3, 100, '2022-06-30'),
(829, 142, 829, 3, 95, '2022-06-30'),
(830, 143, 830, 3, 100, '2022-06-30'),
(831, 61, 831, 3, 99, '2022-06-30'),
(832, 64, 832, 3, 100, '2022-06-30'),
(833, 65, 833, 3, 100, '2022-06-30'),
(834, 66, 834, 3, 100, '2022-06-30'),
(835, 67, 835, 3, 100, '2022-06-30'),
(836, 145, 836, 3, 100, '2022-06-30'),
(837, 144, 837, 3, 100, '2022-06-30'),
(838, 146, 838, 3, 100, '2022-06-30'),
(839, 147, 839, 3, 100, '2022-06-30'),
(840, 148, 840, 3, 100, '2022-06-30'),
(841, 149, 841, 3, 100, '2022-06-30'),
(842, 150, 842, 3, 100, '2022-06-30'),
(843, 151, 843, 3, 100, '2022-06-30'),
(844, 152, 844, 3, 99, '2022-06-30'),
(845, 153, 845, 3, 100, '2022-06-30'),
(846, 155, 846, 3, 100, '2022-06-30'),
(847, 156, 847, 3, 100, '2022-06-30'),
(848, 157, 848, 3, 100, '2022-06-30'),
(849, 158, 849, 3, 100, '2022-06-30'),
(850, 159, 850, 3, 100, '2022-06-30'),
(851, 160, 851, 3, 100, '2022-06-30'),
(852, 161, 852, 3, 100, '2022-06-30'),
(853, 162, 853, 3, 100, '2022-06-30'),
(854, 163, 854, 3, 100, '2022-06-30'),
(855, 164, 855, 3, 100, '2022-06-30'),
(856, 165, 856, 3, 100, '2022-06-30'),
(857, 167, 857, 3, 100, '2022-06-30'),
(858, 168, 858, 3, 100, '2022-06-30'),
(859, 169, 859, 3, 100, '2022-06-30'),
(860, 170, 860, 3, 100, '2022-06-30'),
(861, 171, 861, 3, 100, '2022-06-30'),
(862, 172, 862, 3, 100, '2022-06-30'),
(863, 173, 863, 3, 100, '2022-06-30'),
(864, 174, 864, 3, 100, '2022-06-30'),
(865, 175, 865, 3, 100, '2022-06-30'),
(866, 176, 866, 3, 100, '2022-06-30'),
(867, 177, 867, 3, 100, '2022-06-30'),
(868, 178, 868, 3, 100, '2022-06-30'),
(869, 179, 869, 3, 100, '2022-06-30'),
(870, 180, 870, 3, 100, '2022-06-30'),
(871, 181, 871, 3, 100, '2022-06-30'),
(872, 182, 872, 3, 100, '2022-06-30'),
(873, 183, 873, 3, 100, '2022-06-30'),
(874, 184, 874, 3, 100, '2022-06-30'),
(875, 185, 875, 3, 100, '2022-06-30'),
(876, 186, 876, 3, 100, '2022-06-30'),
(877, 187, 877, 3, 100, '2022-06-30'),
(878, 188, 878, 3, 100, '2022-06-30'),
(879, 189, 879, 3, 100, '2022-06-30'),
(880, 190, 880, 3, 100, '2022-06-30'),
(881, 191, 881, 3, 100, '2022-06-30'),
(882, 249, 882, 3, 100, '2022-06-30'),
(883, 192, 883, 3, 100, '2022-06-30'),
(884, 193, 884, 3, 100, '2022-06-30'),
(885, 194, 885, 3, 100, '2022-06-30'),
(886, 195, 886, 3, 100, '2022-06-30'),
(887, 196, 887, 3, 100, '2022-06-30'),
(888, 197, 888, 3, 100, '2022-06-30'),
(889, 198, 889, 3, 100, '2022-06-30'),
(890, 199, 890, 3, 100, '2022-06-30'),
(891, 200, 891, 3, 100, '2022-06-30'),
(892, 201, 892, 3, 100, '2022-06-30'),
(893, 202, 893, 3, 100, '2022-06-30'),
(894, 205, 894, 3, 100, '2022-06-30'),
(895, 204, 895, 3, 100, '2022-06-30'),
(896, 203, 896, 3, 100, '2022-06-30'),
(897, 206, 897, 3, 100, '2022-06-30'),
(898, 207, 898, 3, 100, '2022-06-30'),
(899, 208, 899, 3, 100, '2022-06-30'),
(900, 209, 900, 3, 100, '2022-06-30'),
(901, 16, 901, 3, 100, '2022-06-30'),
(902, 16, 902, 3, 100, '2022-06-30'),
(903, 16, 903, 3, 100, '2022-06-30'),
(904, 16, 904, 3, 100, '2022-06-30'),
(905, 16, 905, 3, 100, '2022-06-30'),
(906, 16, 906, 3, 100, '2022-06-30'),
(907, 16, 907, 3, 100, '2022-06-30'),
(908, 16, 908, 3, 100, '2022-06-30'),
(909, 291, 909, 3, 100, '2022-06-30'),
(910, 292, 910, 3, 100, '2022-06-30'),
(911, 22, 911, 3, 100, '2022-06-30'),
(912, 22, 912, 3, 100, '2022-06-30'),
(913, 22, 913, 3, 100, '2022-06-30'),
(914, 263, 914, 3, 100, '2022-06-30'),
(915, 263, 915, 3, 100, '2022-06-30'),
(916, 263, 916, 3, 100, '2022-06-30'),
(917, 263, 917, 3, 100, '2022-06-30'),
(918, 263, 918, 3, 100, '2022-06-30'),
(919, 261, 919, 3, 100, '2022-06-30'),
(920, 261, 920, 3, 100, '2022-06-30'),
(921, 261, 921, 3, 100, '2022-06-30'),
(922, 261, 922, 3, 100, '2022-06-30'),
(923, 261, 923, 3, 100, '2022-06-30'),
(924, 261, 924, 3, 100, '2022-06-30'),
(925, 293, 925, 3, 100, '2022-06-30'),
(926, 293, 926, 3, 100, '2022-06-30'),
(927, 293, 927, 3, 100, '2022-06-30'),
(928, 293, 928, 3, 100, '2022-06-30'),
(929, 293, 929, 3, 100, '2022-06-30'),
(930, 293, 930, 3, 100, '2022-06-30'),
(931, 293, 931, 3, 100, '2022-06-30'),
(932, 294, 932, 3, 100, '2022-06-30'),
(933, 294, 933, 3, 100, '2022-06-30'),
(934, 294, 934, 3, 100, '2022-06-30'),
(935, 294, 935, 3, 100, '2022-06-30'),
(936, 264, 936, 3, 100, '2022-06-30'),
(937, 264, 937, 3, 100, '2022-06-30'),
(938, 264, 938, 3, 99, '2022-06-30'),
(939, 264, 939, 3, 100, '2022-06-30'),
(940, 264, 940, 3, 100, '2022-06-30'),
(941, 19, 941, 3, 100, '2022-06-30'),
(942, 19, 942, 3, 100, '2022-06-30'),
(943, 2, 943, 3, 100, '2022-06-30'),
(944, 5, 944, 3, 100, '2022-06-30'),
(945, 75, 945, 3, 100, '2022-06-30'),
(946, 296, 946, 3, 100, '2022-06-30'),
(947, 298, 947, 3, 100, '2022-06-30'),
(948, 298, 948, 3, 100, '2022-06-30'),
(949, 298, 949, 3, 100, '2022-06-30'),
(950, 298, 950, 3, 100, '2022-06-30'),
(951, 298, 951, 3, 100, '2022-06-30'),
(952, 298, 952, 3, 100, '2022-06-30'),
(953, 298, 953, 3, 100, '2022-06-30'),
(954, 298, 954, 3, 100, '2022-06-30'),
(955, 298, 955, 3, 100, '2022-06-30'),
(956, 298, 956, 3, 100, '2022-06-30'),
(957, 26, 957, 3, 100, '2022-06-30'),
(958, 20, 958, 3, 100, '2022-06-30'),
(959, 301, 959, 3, 100, '2022-06-30'),
(960, 301, 960, 3, 100, '2022-06-30'),
(961, 301, 961, 3, 100, '2022-06-30'),
(962, 301, 962, 3, 100, '2022-06-30'),
(963, 301, 963, 3, 100, '2022-06-30'),
(964, 301, 964, 3, 100, '2022-06-30'),
(965, 75, 965, 3, 100, '2022-06-30'),
(966, 75, 966, 3, 100, '2022-06-30'),
(967, 75, 967, 3, 100, '2022-06-30'),
(968, 75, 968, 3, 100, '2022-06-30'),
(969, 75, 969, 3, 100, '2022-06-30'),
(970, 60, 970, 3, 100, '2022-06-30'),
(971, 60, 971, 3, 100, '2022-06-30'),
(972, 60, 972, 3, 100, '2022-06-30'),
(973, 60, 973, 3, 100, '2022-06-30'),
(974, 60, 974, 3, 100, '2022-06-30'),
(975, 60, 975, 3, 100, '2022-06-30'),
(976, 60, 976, 3, 100, '2022-06-30'),
(977, 303, 977, 3, 100, '2022-06-30'),
(978, 303, 978, 3, 100, '2022-06-30'),
(979, 303, 979, 3, 100, '2022-06-30'),
(980, 303, 980, 3, 100, '2022-06-30'),
(981, 303, 981, 3, 100, '2022-06-30'),
(982, 294, 982, 3, 100, '2022-06-30'),
(983, 294, 983, 3, 100, '2022-06-30'),
(984, 294, 984, 3, 100, '2022-06-30'),
(985, 294, 985, 3, 100, '2022-06-30'),
(986, 294, 986, 3, 100, '2022-06-30'),
(987, 294, 987, 3, 100, '2022-06-30'),
(988, 294, 988, 3, 100, '2022-06-30'),
(989, 259, 989, 3, 100, '2022-06-30'),
(990, 259, 990, 3, 100, '2022-06-30'),
(991, 259, 991, 3, 100, '2022-06-30'),
(992, 259, 992, 3, 100, '2022-06-30'),
(993, 259, 993, 3, 100, '2022-06-30'),
(994, 259, 994, 3, 100, '2022-06-30'),
(995, 259, 995, 3, 100, '2022-06-30'),
(996, 253, 996, 3, 100, '2022-06-30'),
(997, 253, 997, 3, 100, '2022-06-30'),
(998, 253, 998, 3, 100, '2022-06-30'),
(999, 253, 999, 3, 100, '2022-06-30'),
(1000, 253, 1000, 3, 100, '2022-06-30'),
(1001, 253, 1001, 3, 100, '2022-06-30'),
(1002, 253, 1002, 3, 100, '2022-06-30'),
(1003, 261, 1003, 3, 100, '2022-06-30'),
(1004, 261, 1004, 3, 99, '2022-06-30'),
(1005, 261, 1005, 3, 100, '2022-06-30'),
(1006, 261, 1006, 3, 100, '2022-06-30'),
(1007, 306, 1007, 3, 100, '2022-06-30'),
(1008, 306, 1008, 3, 99, '2022-06-30'),
(1009, 306, 1009, 3, 100, '2022-06-30'),
(1010, 306, 1010, 3, 100, '2022-06-30'),
(1011, 306, 1011, 3, 99, '2022-06-30'),
(1012, 306, 1012, 3, 100, '2022-06-30'),
(1013, 306, 1013, 3, 100, '2022-06-30'),
(1014, 307, 1014, 3, 100, '2022-06-30'),
(1015, 307, 1015, 3, 100, '2022-06-30'),
(1016, 307, 1016, 3, 100, '2022-06-30'),
(1017, 307, 1017, 3, 100, '2022-06-30'),
(1018, 307, 1018, 3, 100, '2022-06-30'),
(1019, 307, 1019, 3, 100, '2022-06-30'),
(1020, 307, 1020, 3, 100, '2022-06-30'),
(1021, 309, 1021, 3, 100, '2022-06-30'),
(1022, 309, 1022, 3, 100, '2022-06-30'),
(1023, 309, 1023, 3, 100, '2022-06-30'),
(1024, 309, 1024, 3, 100, '2022-06-30'),
(1025, 309, 1025, 3, 100, '2022-06-30'),
(1026, 309, 1026, 3, 100, '2022-06-30'),
(1027, 309, 1027, 3, 100, '2022-06-30'),
(1028, 60, 1028, 3, 100, '2022-06-30'),
(1029, 257, 1029, 3, 100, '2022-06-30'),
(1030, 257, 1030, 3, 100, '2022-06-30'),
(1031, 257, 1031, 3, 100, '2022-06-30'),
(1032, 257, 1032, 3, 100, '2022-06-30'),
(1033, 257, 1033, 3, 100, '2022-06-30'),
(1034, 257, 1034, 3, 100, '2022-06-30'),
(1035, 310, 1035, 3, 100, '2022-06-30'),
(1036, 310, 1036, 3, 100, '2022-06-30'),
(1037, 310, 1037, 3, 100, '2022-06-30'),
(1038, 310, 1038, 3, 100, '2022-06-30'),
(1039, 310, 1039, 3, 100, '2022-06-30'),
(1040, 310, 1040, 3, 100, '2022-06-30'),
(1041, 310, 1041, 3, 100, '2022-06-30'),
(1042, 52, 1042, 3, 100, '2022-06-30'),
(1043, 52, 1043, 3, 100, '2022-06-30'),
(1044, 52, 1044, 3, 100, '2022-06-30'),
(1045, 52, 1045, 3, 100, '2022-06-30'),
(1046, 52, 1046, 3, 100, '2022-06-30'),
(1047, 52, 1047, 3, 100, '2022-06-30'),
(1048, 52, 1048, 3, 100, '2022-06-30'),
(1049, 311, 1049, 3, 100, '2022-06-30'),
(1050, 311, 1050, 3, 100, '2022-06-30'),
(1051, 311, 1051, 3, 100, '2022-06-30'),
(1052, 311, 1052, 3, 100, '2022-06-30'),
(1053, 311, 1053, 3, 100, '2022-06-30'),
(1054, 311, 1054, 3, 100, '2022-06-30'),
(1055, 311, 1055, 3, 100, '2022-06-30'),
(1056, 255, 1056, 3, 100, '2022-06-30'),
(1057, 255, 1057, 3, 100, '2022-06-30'),
(1058, 255, 1058, 3, 100, '2022-06-30'),
(1059, 255, 1059, 3, 100, '2022-06-30'),
(1060, 255, 1060, 3, 100, '2022-06-30'),
(1061, 255, 1061, 3, 100, '2022-06-30'),
(1062, 255, 1062, 3, 100, '2022-06-30'),
(1063, 260, 1063, 3, 100, '2022-06-30'),
(1064, 260, 1064, 3, 100, '2022-06-30'),
(1065, 260, 1065, 3, 100, '2022-06-30'),
(1066, 260, 1066, 3, 100, '2022-06-30'),
(1067, 260, 1067, 3, 99, '2022-06-30'),
(1068, 312, 1068, 3, 100, '2022-06-30'),
(1069, 312, 1069, 3, 100, '2022-06-30'),
(1070, 260, 1070, 3, 99, '2022-06-30'),
(1071, 260, 1071, 3, 100, '2022-06-30'),
(1072, 312, 1072, 3, 100, '2022-06-30'),
(1073, 312, 1073, 3, 100, '2022-06-30'),
(1074, 312, 1074, 3, 100, '2022-06-30'),
(1075, 312, 1075, 3, 100, '2022-06-30'),
(1076, 312, 1076, 3, 100, '2022-06-30'),
(1077, 313, 1077, 3, 100, '2022-06-30'),
(1078, 313, 1078, 3, 100, '2022-06-30'),
(1079, 313, 1079, 3, 100, '2022-06-30'),
(1080, 303, 1080, 3, 100, '2022-06-30'),
(1081, 264, 1081, 3, 100, '2022-06-30'),
(1082, 285, 1082, 3, 100, '2022-06-30'),
(1083, 285, 1083, 3, 100, '2022-06-30'),
(1084, 285, 1084, 3, 100, '2022-06-30'),
(1085, 285, 1085, 3, 100, '2022-06-30'),
(1086, 285, 1086, 3, 100, '2022-06-30'),
(1087, 285, 1087, 3, 100, '2022-06-30'),
(1088, 285, 1088, 3, 100, '2022-06-30'),
(1089, 263, 1089, 3, 100, '2022-06-30'),
(1090, 263, 1090, 3, 100, '2022-06-30'),
(1091, 251, 1091, 3, 100, '2022-06-30'),
(1092, 314, 1092, 3, 100, '2022-06-30'),
(1093, 314, 1093, 3, 100, '2022-06-30'),
(1094, 314, 1094, 3, 100, '2022-06-30'),
(1095, 314, 1095, 3, 100, '2022-06-30'),
(1096, 314, 1096, 3, 100, '2022-06-30'),
(1097, 314, 1097, 3, 100, '2022-06-30'),
(1098, 314, 1098, 3, 100, '2022-06-30'),
(1099, 262, 1099, 3, 100, '2022-06-30'),
(1100, 262, 1100, 3, 100, '2022-06-30'),
(1101, 262, 1101, 3, 100, '2022-06-30'),
(1102, 262, 1102, 3, 100, '2022-06-30'),
(1103, 262, 1103, 3, 100, '2022-06-30'),
(1104, 262, 1104, 3, 100, '2022-06-30'),
(1105, 262, 1105, 3, 100, '2022-06-30'),
(1106, 284, 1106, 3, 100, '2022-06-30'),
(1107, 284, 1107, 3, 100, '2022-06-30'),
(1108, 284, 1108, 3, 100, '2022-06-30'),
(1109, 284, 1109, 3, 100, '2022-06-30'),
(1110, 284, 1110, 3, 100, '2022-06-30'),
(1111, 284, 1111, 3, 100, '2022-06-30'),
(1112, 284, 1112, 3, 100, '2022-06-30'),
(1113, 284, 1113, 3, 100, '2022-06-30'),
(1114, 284, 1114, 3, 100, '2022-06-30'),
(1115, 284, 1115, 3, 100, '2022-06-30'),
(1116, 284, 1116, 3, 100, '2022-06-30'),
(1117, 284, 1117, 3, 100, '2022-06-30'),
(1118, 315, 1118, 3, 100, '2022-06-30'),
(1119, 283, 1119, 3, 100, '2022-06-30'),
(1120, 283, 1120, 3, 100, '2022-06-30'),
(1121, 283, 1121, 3, 100, '2022-06-30'),
(1122, 283, 1122, 3, 100, '2022-06-30'),
(1123, 283, 1123, 3, 100, '2022-06-30'),
(1124, 283, 1124, 3, 100, '2022-06-30'),
(1125, 283, 1125, 3, 100, '2022-06-30'),
(1126, 283, 1126, 3, 100, '2022-06-30'),
(1127, 283, 1127, 3, 100, '2022-06-30'),
(1128, 283, 1128, 3, 100, '2022-06-30'),
(1129, 283, 1129, 3, 100, '2022-06-30'),
(1130, 283, 1130, 3, 100, '2022-06-30'),
(1131, 283, 1131, 3, 100, '2022-06-30'),
(1132, 283, 1132, 3, 100, '2022-06-30'),
(1133, 283, 1133, 3, 100, '2022-06-30'),
(1134, 283, 1134, 3, 100, '2022-06-30'),
(1135, 283, 1135, 3, 100, '2022-06-30'),
(1136, 283, 1136, 3, 100, '2022-06-30'),
(1137, 316, 1137, 3, 100, '2022-06-30'),
(1138, 210, 1138, 3, 99, '2022-06-30'),
(1139, 48, 1139, 3, 100, '2022-06-30'),
(1140, 57, 1140, 3, 98, '2022-06-30'),
(1141, 211, 1141, 3, 100, '2022-06-30'),
(1142, 213, 1142, 3, 99, '2022-06-30'),
(1143, 214, 1143, 3, 99, '2022-06-30'),
(1144, 215, 1144, 3, 99, '2022-06-30'),
(1145, 216, 1145, 3, 100, '2022-06-30'),
(1146, 217, 1146, 3, 100, '2022-06-30'),
(1147, 212, 1147, 3, 100, '2022-06-30'),
(1148, 318, 1148, 3, 99, '2022-06-30'),
(1149, 318, 1149, 3, 100, '2022-06-30'),
(1150, 318, 1150, 3, 100, '2022-06-30'),
(1151, 318, 1151, 3, 100, '2022-06-30'),
(1152, 318, 1152, 3, 100, '2022-06-30'),
(1153, 318, 1153, 3, 100, '2022-06-30'),
(1154, 318, 1154, 3, 100, '2022-06-30'),
(1155, 44, 1155, 3, 100, '2022-06-30'),
(1156, 44, 1156, 3, 100, '2022-06-30'),
(1157, 44, 1157, 3, 100, '2022-06-30'),
(1158, 44, 1158, 3, 100, '2022-06-30'),
(1159, 44, 1159, 3, 100, '2022-06-30'),
(1160, 44, 1160, 3, 100, '2022-06-30'),
(1161, 44, 1161, 3, 100, '2022-06-30'),
(1162, 44, 1162, 3, 100, '2022-06-30'),
(1163, 44, 1163, 3, 100, '2022-06-30'),
(1164, 44, 1164, 3, 100, '2022-06-30'),
(1165, 44, 1165, 3, 100, '2022-06-30'),
(1166, 44, 1166, 3, 100, '2022-06-30'),
(1167, 44, 1167, 3, 100, '2022-06-30'),
(1168, 44, 1168, 3, 100, '2022-06-30'),
(1169, 44, 1169, 3, 100, '2022-06-30'),
(1170, 44, 1170, 3, 100, '2022-06-30'),
(1171, 44, 1171, 3, 100, '2022-06-30'),
(1172, 44, 1172, 3, 100, '2022-06-30'),
(1173, 44, 1173, 3, 100, '2022-06-30'),
(1174, 44, 1174, 3, 100, '2022-06-30'),
(1175, 44, 1175, 3, 100, '2022-06-30'),
(1176, 44, 1176, 3, 100, '2022-06-30'),
(1177, 44, 1177, 3, 100, '2022-06-30'),
(1178, 44, 1178, 3, 100, '2022-06-30'),
(1179, 44, 1179, 3, 100, '2022-06-30'),
(1180, 44, 1180, 3, 100, '2022-06-30'),
(1181, 44, 1181, 3, 100, '2022-06-30'),
(1182, 44, 1182, 3, 100, '2022-06-30'),
(1183, 39, 1183, 3, 100, '2022-06-30'),
(1184, 39, 1184, 3, 100, '2022-06-30'),
(1185, 83, 1185, 3, 100, '2022-06-30'),
(1186, 300, 1186, 3, 100, '2022-06-30'),
(1187, 320, 1187, 3, 100, '2022-06-30'),
(1188, 323, 1188, 3, 100, '2022-06-30'),
(1189, 321, 1189, 3, 100, '2022-06-30'),
(1190, 321, 1190, 3, 100, '2022-06-30'),
(1191, 321, 1191, 3, 100, '2022-06-30'),
(1192, 321, 1192, 3, 100, '2022-06-30'),
(1193, 321, 1193, 3, 100, '2022-06-30'),
(1194, 322, 1194, 3, 100, '2022-06-30'),
(1195, 322, 1195, 3, 100, '2022-06-30'),
(1196, 322, 1196, 3, 100, '2022-06-30'),
(1197, 322, 1197, 3, 100, '2022-06-30'),
(1198, 322, 1198, 3, 100, '2022-06-30'),
(1199, 322, 1199, 3, 100, '2022-06-30'),
(1200, 12, 1200, 3, 100, '2022-06-30'),
(1201, 79, 1201, 3, 100, '2022-06-30'),
(1202, 324, 1202, 3, 100, '2022-06-30'),
(1203, 218, 1203, 3, 100, '2022-06-30'),
(1204, 219, 1204, 3, 100, '2022-06-30'),
(1205, 221, 1205, 3, 100, '2022-06-30'),
(1206, 220, 1206, 3, 100, '2022-06-30'),
(1207, 224, 1207, 3, 100, '2022-06-30'),
(1208, 225, 1208, 3, 99, '2022-06-30'),
(1209, 223, 1209, 3, 100, '2022-06-30'),
(1210, 222, 1210, 3, 100, '2022-06-30'),
(1211, 226, 1211, 3, 100, '2022-06-30'),
(1212, 227, 1212, 3, 100, '2022-06-30'),
(1213, 230, 1213, 3, 100, '2022-06-30'),
(1214, 229, 1214, 3, 100, '2022-06-30'),
(1215, 231, 1215, 3, 100, '2022-06-30'),
(1216, 232, 1216, 3, 100, '2022-06-30'),
(1217, 233, 1217, 3, 100, '2022-06-30'),
(1218, 236, 1218, 3, 100, '2022-06-30'),
(1219, 235, 1219, 3, 100, '2022-06-30'),
(1220, 237, 1220, 3, 100, '2022-06-30'),
(1221, 238, 1221, 3, 100, '2022-06-30'),
(1222, 239, 1222, 3, 100, '2022-06-30'),
(1223, 240, 1223, 3, 100, '2022-06-30'),
(1224, 241, 1224, 3, 100, '2022-06-30'),
(1225, 242, 1225, 3, 100, '2022-06-30'),
(1226, 243, 1226, 3, 99, '2022-06-30'),
(1227, 244, 1227, 3, 100, '2022-06-30'),
(1228, 245, 1228, 3, 100, '2022-06-30'),
(1229, 246, 1229, 3, 100, '2022-06-30'),
(1230, 247, 1230, 3, 100, '2022-06-30'),
(1231, 68, 1231, 3, 100, '2022-06-30'),
(1232, 321, 1232, 3, 100, '2022-06-30'),
(1233, 364, 1233, 3, 100, '2022-06-30'),
(1234, 274, 1234, 3, 100, '2022-06-30'),
(1235, 275, 1235, 3, 100, '2022-06-30'),
(1236, 281, 1236, 3, 100, '2022-06-30'),
(1237, 268, 1237, 3, 100, '2022-06-30'),
(1238, 366, 1238, 3, 100, '2022-06-30'),
(1239, 318, 1239, 3, 100, '2022-06-30'),
(1240, 318, 1240, 3, 100, '2022-06-30'),
(1241, 318, 1241, 3, 100, '2022-06-30'),
(1242, 318, 1242, 3, 100, '2022-06-30'),
(1243, 318, 1243, 3, 100, '2022-06-30'),
(1244, 318, 1244, 3, 100, '2022-06-30'),
(1245, 318, 1245, 3, 100, '2022-06-30'),
(1246, 360, 1246, 3, 100, '2022-06-30'),
(1247, 362, 1247, 3, 100, '2022-06-30'),
(1248, 361, 1248, 3, 100, '2022-06-30'),
(1249, 384, 1249, 3, 100, '2022-06-30'),
(1250, 385, 1250, 3, 100, '2022-06-30'),
(1251, 358, 1251, 3, 100, '2022-06-30'),
(1252, 359, 1252, 3, 100, '2022-06-30'),
(1253, 334, 1253, 3, 100, '2022-06-30'),
(1254, 328, 1254, 3, 100, '2022-06-30'),
(1255, 327, 1255, 3, 100, '2022-06-30'),
(1256, 333, 1256, 3, 100, '2022-06-30'),
(1257, 333, 1257, 3, 100, '2022-06-30'),
(1258, 347, 1258, 3, 100, '2022-06-30'),
(1259, 347, 1259, 3, 100, '2022-06-30'),
(1260, 342, 1260, 3, 100, '2022-06-30'),
(1261, 345, 1261, 3, 100, '2022-06-30'),
(1262, 340, 1262, 3, 100, '2022-06-30'),
(1263, 348, 1263, 3, 100, '2022-06-30'),
(1264, 332, 1264, 3, 100, '2022-06-30'),
(1265, 386, 1265, 3, 100, '2022-06-30'),
(1266, 339, 1266, 3, 100, '2022-06-30'),
(1267, 387, 1267, 3, 100, '2022-06-30'),
(1268, 374, 1268, 3, 100, '2022-06-30'),
(1269, 388, 1269, 3, 100, '2022-06-30'),
(1270, 388, 1270, 3, 100, '2022-06-30'),
(1271, 389, 1271, 3, 100, '2022-06-30'),
(1272, 389, 1272, 3, 100, '2022-06-30'),
(1273, 385, 1273, 3, 100, '2022-06-30'),
(1274, 391, 1274, 3, 100, '2022-06-30'),
(1275, 391, 1275, 3, 100, '2022-06-30'),
(1276, 391, 1276, 3, 100, '2022-06-30'),
(1277, 391, 1277, 3, 100, '2022-06-30'),
(1278, 391, 1278, 3, 100, '2022-06-30'),
(1279, 391, 1279, 3, 100, '2022-06-30'),
(1280, 257, 1280, 3, 100, '2022-06-30'),
(1281, 345, 1281, 3, 100, '2022-06-30'),
(1282, 345, 1282, 3, 100, '2022-06-30'),
(1283, 345, 1283, 3, 100, '2022-06-30'),
(1284, 345, 1284, 3, 100, '2022-06-30'),
(1285, 345, 1285, 3, 100, '2022-06-30'),
(1286, 345, 1286, 3, 100, '2022-06-30'),
(1287, 393, 1287, 3, 100, '2022-06-30'),
(1288, 393, 1288, 3, 100, '2022-06-30'),
(1289, 393, 1289, 3, 100, '2022-06-30'),
(1290, 393, 1290, 3, 100, '2022-06-30'),
(1291, 393, 1291, 3, 100, '2022-06-30'),
(1292, 333, 1292, 3, 100, '2022-06-30'),
(1293, 333, 1293, 3, 100, '2022-06-30'),
(1294, 350, 1294, 3, 100, '2022-06-30'),
(1295, 353, 1295, 3, 100, '2022-06-30'),
(1296, 339, 1296, 3, 100, '2022-06-30'),
(1297, 394, 1297, 3, 100, '2022-06-30'),
(1298, 395, 1298, 3, 100, '2022-06-30'),
(1299, 398, 1299, 3, 100, '2022-06-30'),
(1300, 397, 1300, 3, 100, '2022-06-30'),
(1301, 396, 1301, 3, 100, '2022-06-30'),
(1302, 33, 1302, 3, 100, '2022-06-30'),
(1303, 33, 1303, 3, 100, '2022-06-30'),
(1304, 33, 1304, 3, 100, '2022-06-30'),
(1305, 399, 1305, 3, 100, '2022-06-30'),
(1306, 399, 1306, 3, 100, '2022-06-30'),
(1307, 399, 1307, 3, 100, '2022-06-30'),
(1308, 399, 1308, 3, 100, '2022-06-30'),
(1309, 399, 1309, 3, 100, '2022-06-30'),
(1310, 399, 1310, 3, 100, '2022-06-30'),
(1311, 399, 1311, 3, 100, '2022-06-30'),
(1312, 400, 1312, 3, 100, '2022-06-30'),
(1313, 340, 1313, 3, 100, '2022-06-30'),
(1314, 360, 1314, 3, 100, '2022-06-30'),
(1315, 401, 1315, 3, 100, '2022-06-30'),
(1316, 402, 1316, 3, 100, '2022-06-30'),
(1317, 355, 1317, 3, 100, '2022-06-30'),
(1318, 360, 1318, 3, 100, '2022-06-30'),
(1319, 332, 1319, 3, 100, '2022-06-30'),
(1320, 332, 1320, 3, 100, '2022-06-30'),
(1321, 403, 1321, 3, 100, '2022-06-30'),
(1322, 404, 1322, 3, 100, '2022-06-30'),
(1323, 361, 1323, 3, 100, '2022-06-30'),
(1324, 401, 1324, 3, 100, '2022-06-30'),
(1325, 346, 1325, 3, 100, '2022-06-30'),
(1326, 329, 1326, 3, 100, '2022-06-30'),
(1327, 360, 1327, 3, 100, '2022-06-30'),
(1328, 402, 1328, 3, 100, '2022-06-30'),
(1329, 362, 1329, 3, 100, '2022-06-30'),
(1330, 1, 1330, 3, 100, '2022-06-30'),
(1331, 394, 1331, 3, 100, '2022-06-30'),
(1332, 34, 1332, 3, 100, '2022-06-30'),
(1333, 334, 1333, 3, 100, '2022-06-30'),
(1334, 395, 1334, 3, 100, '2022-06-30'),
(1335, 349, 1335, 3, 100, '2022-06-30'),
(1336, 339, 1336, 3, 100, '2022-06-30'),
(1337, 339, 1337, 3, 100, '2022-06-30'),
(1338, 406, 1338, 3, 100, '2022-06-30'),
(1339, 401, 1339, 3, 100, '2022-06-30'),
(1340, 372, 1340, 3, 100, '2022-06-30'),
(1341, 401, 1341, 3, 100, '2022-06-30'),
(1342, 408, 1342, 3, 100, '2022-06-30'),
(1343, 408, 1343, 3, 100, '2022-06-30'),
(1344, 408, 1344, 3, 100, '2022-06-30'),
(1345, 407, 1345, 3, 100, '2022-06-30'),
(1346, 224, 1346, 3, 100, '2022-06-30'),
(1347, 224, 1347, 3, 100, '2022-06-30'),
(1348, 224, 1348, 3, 100, '2022-06-30'),
(1349, 224, 1349, 3, 100, '2022-06-30'),
(1350, 43, 1350, 3, 100, '2022-06-30'),
(1351, 384, 1351, 3, 100, '2022-06-30'),
(1352, 395, 1352, 3, 100, '2022-06-30'),
(1353, 349, 1353, 3, 100, '2022-06-30'),
(1354, 350, 1354, 3, 100, '2022-06-30'),
(1355, 354, 1355, 3, 100, '2022-06-30'),
(1356, 2, 1356, 3, 100, '2022-06-30'),
(1357, 411, 1357, 3, 100, '2022-06-30'),
(1358, 357, 1358, 3, 100, '2022-06-30'),
(1359, 347, 1359, 3, 100, '2022-06-30'),
(1360, 132, 1360, 3, 100, '2022-06-30'),
(1361, 132, 1361, 3, 100, '2022-06-30'),
(1362, 132, 1362, 3, 100, '2022-06-30');
INSERT INTO `branch_inventory_tb` (`branch_inventory_id`, `product_id`, `warehouse_inventory_id`, `branch_id`, `quantity`, `date`) VALUES
(1363, 132, 1363, 3, 100, '2022-06-30'),
(1364, 132, 1364, 3, 100, '2022-06-30'),
(1365, 132, 1365, 3, 100, '2022-06-30'),
(1366, 132, 1366, 3, 100, '2022-06-30'),
(1367, 54, 1367, 3, 100, '2022-06-30'),
(1368, 55, 1368, 3, 100, '2022-06-30'),
(1369, 30, 1369, 3, 100, '2022-06-30'),
(1370, 7, 1370, 3, 100, '2022-06-30'),
(1371, 7, 1371, 3, 100, '2022-06-30'),
(1372, 7, 1372, 3, 100, '2022-06-30'),
(1373, 7, 1373, 3, 100, '2022-06-30'),
(1374, 7, 1374, 3, 100, '2022-06-30'),
(1375, 7, 1375, 3, 100, '2022-06-30'),
(1376, 14, 1376, 3, 100, '2022-06-30'),
(1377, 386, 1377, 3, 100, '2022-06-30'),
(1378, 412, 1378, 3, 100, '2022-06-30'),
(1379, 1, 1379, 3, 100, '2022-06-30'),
(1380, 55, 1380, 3, 100, '2022-06-30'),
(1381, 93, 1381, 3, 100, '2022-06-30'),
(1382, 413, 1382, 3, 100, '2022-06-30'),
(1383, 415, 1383, 3, 100, '2022-06-30'),
(1384, 415, 1384, 3, 100, '2022-06-30'),
(1385, 415, 1385, 3, 100, '2022-06-30'),
(1386, 415, 1386, 3, 100, '2022-06-30'),
(1387, 415, 1387, 3, 100, '2022-06-30'),
(1388, 414, 1388, 3, 100, '2022-06-30'),
(1389, 414, 1389, 3, 100, '2022-06-30'),
(1390, 414, 1390, 3, 100, '2022-06-30'),
(1391, 414, 1391, 3, 100, '2022-06-30'),
(1392, 414, 1392, 3, 100, '2022-06-30'),
(1393, 414, 1393, 3, 100, '2022-06-30'),
(1394, 414, 1394, 3, 100, '2022-06-30'),
(1395, 416, 1395, 3, 100, '2022-06-30'),
(1396, 416, 1396, 3, 100, '2022-06-30'),
(1397, 416, 1397, 3, 100, '2022-06-30'),
(1398, 416, 1398, 3, 100, '2022-06-30'),
(1399, 416, 1399, 3, 100, '2022-06-30'),
(1400, 416, 1400, 3, 100, '2022-06-30'),
(1401, 416, 1401, 3, 100, '2022-06-30'),
(1402, 417, 1402, 3, 100, '2022-06-30'),
(1403, 417, 1403, 3, 100, '2022-06-30'),
(1404, 417, 1404, 3, 100, '2022-06-30'),
(1405, 417, 1405, 3, 100, '2022-06-30'),
(1406, 417, 1406, 3, 100, '2022-06-30'),
(1407, 417, 1407, 3, 100, '2022-06-30'),
(1408, 418, 1408, 3, 100, '2022-06-30'),
(1409, 418, 1409, 3, 100, '2022-06-30'),
(1410, 418, 1410, 3, 100, '2022-06-30'),
(1411, 418, 1411, 3, 100, '2022-06-30'),
(1412, 418, 1412, 3, 100, '2022-06-30'),
(1413, 418, 1413, 3, 100, '2022-06-30'),
(1414, 418, 1414, 3, 100, '2022-06-30'),
(1415, 418, 1415, 3, 100, '2022-06-30'),
(1416, 418, 1416, 3, 100, '2022-06-30'),
(1417, 45, 1417, 3, 100, '2022-06-30'),
(1418, 45, 1418, 3, 100, '2022-06-30'),
(1419, 45, 1419, 3, 100, '2022-06-30'),
(1420, 45, 1420, 3, 100, '2022-06-30'),
(1421, 45, 1421, 3, 100, '2022-06-30'),
(1422, 45, 1422, 3, 100, '2022-06-30'),
(1423, 45, 1423, 3, 100, '2022-06-30'),
(1424, 45, 1424, 3, 100, '2022-06-30'),
(1425, 45, 1425, 3, 100, '2022-06-30'),
(1426, 254, 1426, 3, 100, '2022-06-30'),
(1427, 254, 1427, 3, 100, '2022-06-30'),
(1428, 419, 1428, 3, 100, '2022-06-30'),
(1429, 419, 1429, 3, 100, '2022-06-30'),
(1430, 419, 1430, 3, 100, '2022-06-30'),
(1431, 419, 1431, 3, 100, '2022-06-30'),
(1432, 419, 1432, 3, 100, '2022-06-30'),
(1433, 420, 1433, 3, 100, '2022-06-30'),
(1434, 420, 1434, 3, 100, '2022-06-30'),
(1435, 420, 1435, 3, 100, '2022-06-30'),
(1436, 420, 1436, 3, 100, '2022-06-30'),
(1437, 420, 1437, 3, 100, '2022-06-30'),
(1438, 420, 1438, 3, 100, '2022-06-30'),
(1439, 420, 1439, 3, 100, '2022-06-30'),
(1440, 421, 1440, 3, 100, '2022-06-30'),
(1441, 7, 1441, 3, 100, '2022-06-30'),
(1442, 7, 1442, 3, 100, '2022-06-30'),
(1443, 7, 1443, 3, 100, '2022-06-30'),
(1444, 12, 1444, 3, 100, '2022-06-30'),
(1445, 8, 1445, 3, 100, '2022-06-30'),
(1446, 8, 1446, 3, 100, '2022-06-30'),
(1447, 1, 1447, 3, 100, '2022-06-30'),
(1448, 1, 1448, 3, 100, '2022-06-30'),
(1449, 3, 1449, 3, 100, '2022-06-30'),
(1450, 24, 1450, 3, 100, '2022-06-30'),
(1451, 79, 1451, 3, 100, '2022-06-30'),
(1452, 79, 1452, 3, 100, '2022-06-30'),
(1453, 22, 1453, 3, 100, '2022-06-30'),
(1454, 22, 1454, 3, 100, '2022-06-30'),
(1455, 22, 1455, 3, 100, '2022-06-30'),
(1456, 22, 1456, 3, 100, '2022-06-30'),
(1457, 22, 1457, 3, 100, '2022-06-30'),
(1458, 22, 1458, 3, 100, '2022-06-30'),
(1459, 22, 1459, 3, 100, '2022-06-30'),
(1460, 72, 1460, 3, 100, '2022-06-30'),
(1461, 72, 1461, 3, 100, '2022-06-30'),
(1462, 7, 1462, 3, 100, '2022-06-30'),
(1463, 7, 1463, 3, 100, '2022-06-30'),
(1464, 7, 1464, 3, 100, '2022-06-30'),
(1465, 422, 1465, 3, 100, '2022-06-30'),
(1466, 39, 1466, 3, 100, '2022-06-30'),
(1467, 1, 1, 2, 100, '2022-06-30'),
(1468, 1, 2, 2, 100, '2022-06-30'),
(1469, 1, 3, 2, 100, '2022-06-30'),
(1470, 1, 4, 2, 100, '2022-06-30'),
(1471, 1, 5, 2, 100, '2022-06-30'),
(1472, 1, 6, 2, 100, '2022-06-30'),
(1473, 1, 7, 2, 100, '2022-06-30'),
(1474, 1, 8, 2, 100, '2022-06-30'),
(1475, 1, 9, 2, 100, '2022-06-30'),
(1476, 1, 10, 2, 100, '2022-06-30'),
(1477, 1, 11, 2, 100, '2022-06-30'),
(1478, 1, 12, 2, 100, '2022-06-30'),
(1479, 1, 13, 2, 100, '2022-06-30'),
(1480, 1, 14, 2, 100, '2022-06-30'),
(1481, 1, 15, 2, 100, '2022-06-30'),
(1482, 1, 16, 2, 100, '2022-06-30'),
(1483, 1, 17, 2, 100, '2022-06-30'),
(1484, 1, 18, 2, 100, '2022-06-30'),
(1485, 1, 19, 2, 100, '2022-06-30'),
(1486, 1, 20, 2, 100, '2022-06-30'),
(1487, 1, 21, 2, 100, '2022-06-30'),
(1488, 1, 22, 2, 100, '2022-06-30'),
(1489, 1, 23, 2, 100, '2022-06-30'),
(1490, 1, 24, 2, 100, '2022-06-30'),
(1491, 1, 25, 2, 100, '2022-06-30'),
(1492, 1, 26, 2, 100, '2022-06-30'),
(1493, 1, 27, 2, 100, '2022-06-30'),
(1494, 1, 28, 2, 100, '2022-06-30'),
(1495, 1, 29, 2, 100, '2022-06-30'),
(1496, 1, 30, 2, 100, '2022-06-30'),
(1497, 1, 31, 2, 100, '2022-06-30'),
(1498, 1, 32, 2, 100, '2022-06-30'),
(1499, 1, 33, 2, 100, '2022-06-30'),
(1500, 1, 34, 2, 100, '2022-06-30'),
(1501, 1, 35, 2, 100, '2022-06-30'),
(1502, 1, 36, 2, 100, '2022-06-30'),
(1503, 1, 37, 2, 100, '2022-06-30'),
(1504, 2, 38, 2, 100, '2022-06-30'),
(1505, 2, 39, 2, 100, '2022-06-30'),
(1506, 2, 40, 2, 100, '2022-06-30'),
(1507, 2, 41, 2, 100, '2022-06-30'),
(1508, 2, 42, 2, 100, '2022-06-30'),
(1509, 2, 43, 2, 100, '2022-06-30'),
(1510, 2, 44, 2, 100, '2022-06-30'),
(1511, 2, 45, 2, 100, '2022-06-30'),
(1512, 2, 46, 2, 100, '2022-06-30'),
(1513, 2, 47, 2, 100, '2022-06-30'),
(1514, 2, 48, 2, 100, '2022-06-30'),
(1515, 2, 49, 2, 100, '2022-06-30'),
(1516, 2, 50, 2, 100, '2022-06-30'),
(1517, 2, 51, 2, 100, '2022-06-30'),
(1518, 2, 52, 2, 100, '2022-06-30'),
(1519, 2, 53, 2, 100, '2022-06-30'),
(1520, 2, 54, 3, 100, '2022-06-30'),
(1521, 2, 55, 3, 100, '2022-06-30'),
(1522, 2, 56, 3, 100, '2022-06-30'),
(1523, 2, 57, 3, 100, '2022-06-30'),
(1524, 2, 58, 3, 100, '2022-06-30'),
(1525, 2, 59, 3, 100, '2022-06-30'),
(1526, 2, 60, 3, 100, '2022-06-30'),
(1527, 2, 61, 3, 100, '2022-06-30'),
(1528, 2, 62, 3, 100, '2022-06-30'),
(1529, 2, 63, 3, 100, '2022-06-30'),
(1530, 2, 64, 3, 100, '2022-06-30'),
(1531, 2, 65, 3, 100, '2022-06-30'),
(1532, 2, 66, 3, 100, '2022-06-30'),
(1533, 4, 67, 2, 100, '2022-06-30'),
(1534, 4, 68, 2, 100, '2022-06-30'),
(1535, 4, 69, 2, 100, '2022-06-30'),
(1536, 4, 70, 2, 100, '2022-06-30'),
(1537, 4, 71, 2, 100, '2022-06-30'),
(1538, 4, 72, 2, 100, '2022-06-30'),
(1539, 4, 73, 2, 100, '2022-06-30'),
(1540, 4, 74, 2, 100, '2022-06-30'),
(1541, 17, 75, 2, 100, '2022-06-30'),
(1542, 17, 76, 2, 100, '2022-06-30'),
(1543, 17, 77, 2, 100, '2022-06-30'),
(1544, 17, 78, 2, 100, '2022-06-30'),
(1545, 17, 79, 2, 100, '2022-06-30'),
(1546, 17, 80, 2, 100, '2022-06-30'),
(1547, 17, 81, 2, 100, '2022-06-30'),
(1548, 17, 82, 2, 100, '2022-06-30'),
(1549, 17, 83, 2, 100, '2022-06-30'),
(1550, 17, 84, 2, 100, '2022-06-30'),
(1551, 17, 85, 2, 100, '2022-06-30'),
(1552, 5, 86, 2, 100, '2022-06-30'),
(1553, 5, 87, 2, 100, '2022-06-30'),
(1554, 5, 88, 2, 100, '2022-06-30'),
(1555, 5, 89, 2, 100, '2022-06-30'),
(1556, 5, 90, 2, 100, '2022-06-30'),
(1557, 5, 91, 2, 100, '2022-06-30'),
(1558, 5, 92, 2, 100, '2022-06-30'),
(1559, 5, 93, 2, 100, '2022-06-30'),
(1560, 5, 94, 2, 100, '2022-06-30'),
(1561, 5, 95, 2, 100, '2022-06-30'),
(1562, 5, 96, 2, 100, '2022-06-30'),
(1563, 5, 97, 2, 100, '2022-06-30'),
(1564, 5, 98, 2, 100, '2022-06-30'),
(1565, 5, 99, 2, 100, '2022-06-30'),
(1566, 5, 100, 2, 100, '2022-06-30'),
(1567, 5, 101, 2, 100, '2022-06-30'),
(1568, 5, 102, 2, 100, '2022-06-30'),
(1569, 5, 103, 2, 100, '2022-06-30'),
(1570, 5, 104, 2, 100, '2022-06-30'),
(1571, 5, 105, 2, 100, '2022-06-30'),
(1572, 5, 106, 2, 100, '2022-06-30'),
(1573, 5, 107, 2, 100, '2022-06-30'),
(1574, 5, 108, 2, 100, '2022-06-30'),
(1575, 5, 109, 2, 100, '2022-06-30'),
(1576, 5, 110, 2, 100, '2022-06-30'),
(1577, 5, 111, 2, 100, '2022-06-30'),
(1578, 5, 112, 2, 100, '2022-06-30'),
(1579, 5, 113, 2, 100, '2022-06-30'),
(1580, 5, 114, 2, 100, '2022-06-30'),
(1581, 5, 115, 2, 100, '2022-06-30'),
(1582, 5, 116, 2, 100, '2022-06-30'),
(1583, 5, 117, 2, 100, '2022-06-30'),
(1584, 5, 118, 2, 100, '2022-06-30'),
(1585, 5, 119, 2, 100, '2022-06-30'),
(1586, 5, 120, 2, 100, '2022-06-30'),
(1587, 5, 121, 2, 100, '2022-06-30'),
(1588, 5, 122, 2, 100, '2022-06-30'),
(1589, 5, 123, 2, 100, '2022-06-30'),
(1590, 5, 124, 2, 100, '2022-06-30'),
(1591, 5, 125, 2, 100, '2022-06-30'),
(1592, 5, 126, 2, 100, '2022-06-30'),
(1593, 5, 127, 2, 100, '2022-06-30'),
(1594, 6, 128, 2, 100, '2022-06-30'),
(1595, 6, 129, 2, 100, '2022-06-30'),
(1596, 6, 130, 2, 100, '2022-06-30'),
(1597, 6, 131, 2, 100, '2022-06-30'),
(1598, 6, 132, 2, 100, '2022-06-30'),
(1599, 6, 133, 2, 100, '2022-06-30'),
(1600, 6, 134, 2, 100, '2022-06-30'),
(1601, 6, 135, 2, 100, '2022-06-30'),
(1602, 6, 136, 2, 100, '2022-06-30'),
(1603, 6, 137, 2, 100, '2022-06-30'),
(1604, 6, 138, 2, 100, '2022-06-30'),
(1605, 6, 139, 2, 100, '2022-06-30'),
(1606, 7, 140, 2, 100, '2022-06-30'),
(1607, 7, 141, 2, 100, '2022-06-30'),
(1608, 7, 142, 2, 100, '2022-06-30'),
(1609, 7, 143, 2, 100, '2022-06-30'),
(1610, 7, 144, 2, 100, '2022-06-30'),
(1611, 7, 145, 2, 100, '2022-06-30'),
(1612, 7, 146, 2, 100, '2022-06-30'),
(1613, 7, 147, 2, 100, '2022-06-30'),
(1614, 7, 148, 2, 100, '2022-06-30'),
(1615, 7, 149, 2, 100, '2022-06-30'),
(1616, 7, 150, 2, 100, '2022-06-30'),
(1617, 7, 151, 2, 100, '2022-06-30'),
(1618, 7, 152, 2, 100, '2022-06-30'),
(1619, 7, 153, 2, 100, '2022-06-30'),
(1620, 7, 154, 2, 100, '2022-06-30'),
(1621, 40, 155, 2, 100, '2022-06-30'),
(1622, 40, 156, 2, 100, '2022-06-30'),
(1623, 40, 157, 2, 100, '2022-06-30'),
(1624, 8, 158, 2, 100, '2022-06-30'),
(1625, 8, 159, 2, 100, '2022-06-30'),
(1626, 8, 160, 2, 100, '2022-06-30'),
(1627, 8, 161, 2, 100, '2022-06-30'),
(1628, 8, 162, 2, 100, '2022-06-30'),
(1629, 8, 163, 2, 100, '2022-06-30'),
(1630, 8, 164, 2, 100, '2022-06-30'),
(1631, 8, 165, 2, 100, '2022-06-30'),
(1632, 8, 166, 2, 100, '2022-06-30'),
(1633, 9, 167, 2, 100, '2022-06-30'),
(1634, 9, 168, 2, 100, '2022-06-30'),
(1635, 9, 169, 2, 100, '2022-06-30'),
(1636, 9, 170, 2, 100, '2022-06-30'),
(1637, 9, 171, 2, 100, '2022-06-30'),
(1638, 9, 172, 2, 100, '2022-06-30'),
(1639, 9, 173, 2, 100, '2022-06-30'),
(1640, 9, 174, 2, 100, '2022-06-30'),
(1641, 9, 175, 2, 100, '2022-06-30'),
(1642, 9, 176, 2, 100, '2022-06-30'),
(1643, 9, 177, 2, 100, '2022-06-30'),
(1644, 9, 178, 2, 100, '2022-06-30'),
(1645, 9, 179, 2, 100, '2022-06-30'),
(1646, 9, 180, 2, 100, '2022-06-30'),
(1647, 9, 181, 2, 100, '2022-06-30'),
(1648, 9, 182, 2, 100, '2022-06-30'),
(1649, 9, 183, 2, 100, '2022-06-30'),
(1650, 9, 184, 2, 100, '2022-06-30'),
(1651, 9, 185, 2, 100, '2022-06-30'),
(1652, 9, 186, 2, 100, '2022-06-30'),
(1653, 9, 187, 2, 100, '2022-06-30'),
(1654, 9, 188, 2, 100, '2022-06-30'),
(1655, 9, 189, 2, 100, '2022-06-30'),
(1656, 9, 190, 2, 100, '2022-06-30'),
(1657, 9, 191, 2, 100, '2022-06-30'),
(1658, 9, 192, 2, 100, '2022-06-30'),
(1659, 9, 193, 2, 100, '2022-06-30'),
(1660, 9, 194, 2, 100, '2022-06-30'),
(1661, 9, 195, 2, 100, '2022-06-30'),
(1662, 9, 196, 2, 100, '2022-06-30'),
(1663, 9, 197, 2, 100, '2022-06-30'),
(1664, 9, 198, 2, 100, '2022-06-30'),
(1665, 9, 199, 2, 100, '2022-06-30'),
(1666, 9, 200, 2, 100, '2022-06-30'),
(1667, 9, 201, 2, 100, '2022-06-30'),
(1668, 9, 202, 2, 100, '2022-06-30'),
(1669, 9, 203, 2, 100, '2022-06-30'),
(1670, 9, 204, 2, 100, '2022-06-30'),
(1671, 9, 205, 2, 100, '2022-06-30'),
(1672, 9, 206, 2, 100, '2022-06-30'),
(1673, 12, 207, 2, 100, '2022-06-30'),
(1674, 12, 208, 2, 100, '2022-06-30'),
(1675, 12, 209, 2, 100, '2022-06-30'),
(1676, 12, 210, 2, 100, '2022-06-30'),
(1677, 10, 211, 2, 100, '2022-06-30'),
(1678, 10, 212, 2, 100, '2022-06-30'),
(1679, 10, 213, 2, 100, '2022-06-30'),
(1680, 10, 214, 2, 100, '2022-06-30'),
(1681, 10, 215, 2, 100, '2022-06-30'),
(1682, 10, 216, 2, 100, '2022-06-30'),
(1683, 10, 217, 2, 100, '2022-06-30'),
(1684, 10, 218, 2, 100, '2022-06-30'),
(1685, 10, 219, 2, 100, '2022-06-30'),
(1686, 10, 220, 2, 100, '2022-06-30'),
(1687, 10, 221, 2, 100, '2022-06-30'),
(1688, 10, 222, 2, 100, '2022-06-30'),
(1689, 10, 223, 2, 100, '2022-06-30'),
(1690, 10, 224, 2, 100, '2022-06-30'),
(1691, 10, 225, 2, 100, '2022-06-30'),
(1692, 10, 226, 2, 100, '2022-06-30'),
(1693, 10, 227, 2, 100, '2022-06-30'),
(1694, 10, 228, 2, 100, '2022-06-30'),
(1695, 10, 229, 2, 100, '2022-06-30'),
(1696, 10, 230, 2, 100, '2022-06-30'),
(1697, 10, 231, 2, 100, '2022-06-30'),
(1698, 10, 232, 2, 100, '2022-06-30'),
(1699, 10, 233, 2, 100, '2022-06-30'),
(1700, 10, 234, 2, 100, '2022-06-30'),
(1701, 10, 235, 2, 100, '2022-06-30'),
(1702, 10, 236, 2, 100, '2022-06-30'),
(1703, 10, 237, 2, 100, '2022-06-30'),
(1704, 10, 238, 2, 100, '2022-06-30'),
(1705, 10, 239, 2, 100, '2022-06-30'),
(1706, 10, 240, 2, 100, '2022-06-30'),
(1707, 10, 241, 2, 100, '2022-06-30'),
(1708, 10, 242, 2, 100, '2022-06-30'),
(1709, 10, 243, 2, 100, '2022-06-30'),
(1710, 14, 244, 2, 100, '2022-06-30'),
(1711, 14, 245, 2, 100, '2022-06-30'),
(1712, 14, 246, 2, 100, '2022-06-30'),
(1713, 14, 247, 2, 100, '2022-06-30'),
(1714, 14, 248, 2, 100, '2022-06-30'),
(1715, 14, 249, 2, 100, '2022-06-30'),
(1716, 14, 250, 2, 100, '2022-06-30'),
(1717, 14, 251, 2, 100, '2022-06-30'),
(1718, 14, 252, 2, 100, '2022-06-30'),
(1719, 14, 253, 2, 100, '2022-06-30'),
(1720, 14, 254, 2, 100, '2022-06-30'),
(1721, 14, 255, 2, 100, '2022-06-30'),
(1722, 14, 256, 2, 100, '2022-06-30'),
(1723, 14, 257, 2, 100, '2022-06-30'),
(1724, 15, 258, 2, 100, '2022-06-30'),
(1725, 15, 259, 2, 100, '2022-06-30'),
(1726, 15, 260, 2, 100, '2022-06-30'),
(1727, 15, 261, 2, 100, '2022-06-30'),
(1728, 15, 262, 2, 100, '2022-06-30'),
(1729, 15, 263, 2, 100, '2022-06-30'),
(1730, 15, 264, 2, 100, '2022-06-30'),
(1731, 15, 265, 2, 100, '2022-06-30'),
(1732, 15, 266, 2, 100, '2022-06-30'),
(1733, 15, 267, 2, 100, '2022-06-30'),
(1734, 15, 268, 2, 100, '2022-06-30'),
(1735, 15, 269, 2, 100, '2022-06-30'),
(1736, 15, 270, 2, 100, '2022-06-30'),
(1737, 15, 271, 2, 100, '2022-06-30'),
(1738, 15, 272, 2, 100, '2022-06-30'),
(1739, 15, 273, 2, 100, '2022-06-30'),
(1740, 15, 274, 2, 100, '2022-06-30'),
(1741, 15, 275, 2, 100, '2022-06-30'),
(1742, 15, 276, 2, 100, '2022-06-30'),
(1743, 15, 277, 2, 100, '2022-06-30'),
(1744, 15, 278, 2, 100, '2022-06-30'),
(1745, 15, 279, 2, 100, '2022-06-30'),
(1746, 15, 280, 2, 100, '2022-06-30'),
(1747, 15, 281, 2, 100, '2022-06-30'),
(1748, 15, 282, 2, 100, '2022-06-30'),
(1749, 15, 283, 2, 100, '2022-06-30'),
(1750, 15, 284, 2, 100, '2022-06-30'),
(1751, 15, 285, 2, 100, '2022-06-30'),
(1752, 15, 286, 2, 100, '2022-06-30'),
(1753, 15, 287, 2, 100, '2022-06-30'),
(1754, 18, 288, 2, 100, '2022-06-30'),
(1755, 18, 289, 2, 100, '2022-06-30'),
(1756, 18, 290, 2, 100, '2022-06-30'),
(1757, 18, 291, 2, 100, '2022-06-30'),
(1758, 18, 292, 2, 100, '2022-06-30'),
(1759, 18, 293, 2, 100, '2022-06-30'),
(1760, 18, 294, 2, 100, '2022-06-30'),
(1761, 18, 295, 2, 100, '2022-06-30'),
(1762, 18, 296, 2, 100, '2022-06-30'),
(1763, 18, 297, 2, 100, '2022-06-30'),
(1764, 18, 298, 2, 100, '2022-06-30'),
(1765, 18, 299, 2, 100, '2022-06-30'),
(1766, 18, 300, 2, 100, '2022-06-30'),
(1767, 18, 301, 2, 100, '2022-06-30'),
(1768, 18, 302, 2, 100, '2022-06-30'),
(1769, 18, 303, 2, 100, '2022-06-30'),
(1770, 18, 304, 2, 100, '2022-06-30'),
(1771, 18, 305, 2, 100, '2022-06-30'),
(1772, 18, 306, 2, 100, '2022-06-30'),
(1773, 18, 307, 2, 100, '2022-06-30'),
(1774, 18, 308, 2, 100, '2022-06-30'),
(1775, 19, 309, 2, 100, '2022-06-30'),
(1776, 19, 310, 2, 100, '2022-06-30'),
(1777, 19, 311, 2, 100, '2022-06-30'),
(1778, 19, 312, 2, 100, '2022-06-30'),
(1779, 19, 313, 2, 100, '2022-06-30'),
(1780, 19, 314, 2, 100, '2022-06-30'),
(1781, 20, 315, 2, 100, '2022-06-30'),
(1782, 20, 316, 2, 100, '2022-06-30'),
(1783, 20, 317, 2, 100, '2022-06-30'),
(1784, 20, 318, 2, 100, '2022-06-30'),
(1785, 20, 319, 2, 100, '2022-06-30'),
(1786, 20, 320, 2, 100, '2022-06-30'),
(1787, 20, 321, 2, 100, '2022-06-30'),
(1788, 20, 322, 2, 100, '2022-06-30'),
(1789, 22, 323, 2, 100, '2022-06-30'),
(1790, 22, 324, 2, 100, '2022-06-30'),
(1791, 23, 325, 2, 100, '2022-06-30'),
(1792, 23, 326, 2, 100, '2022-06-30'),
(1793, 23, 327, 2, 100, '2022-06-30'),
(1794, 23, 328, 2, 100, '2022-06-30'),
(1795, 23, 329, 2, 100, '2022-06-30'),
(1796, 23, 330, 2, 100, '2022-06-30'),
(1797, 23, 331, 2, 100, '2022-06-30'),
(1798, 23, 332, 2, 100, '2022-06-30'),
(1799, 25, 333, 2, 100, '2022-06-30'),
(1800, 25, 334, 2, 100, '2022-06-30'),
(1801, 25, 335, 2, 100, '2022-06-30'),
(1802, 25, 336, 2, 100, '2022-06-30'),
(1803, 26, 337, 2, 100, '2022-06-30'),
(1804, 26, 338, 2, 100, '2022-06-30'),
(1805, 26, 339, 2, 100, '2022-06-30'),
(1806, 26, 340, 2, 100, '2022-06-30'),
(1807, 26, 341, 2, 100, '2022-06-30'),
(1808, 26, 342, 2, 100, '2022-06-30'),
(1809, 26, 343, 2, 100, '2022-06-30'),
(1810, 26, 344, 2, 100, '2022-06-30'),
(1811, 26, 345, 2, 100, '2022-06-30'),
(1812, 26, 346, 2, 100, '2022-06-30'),
(1813, 26, 347, 2, 100, '2022-06-30'),
(1814, 24, 348, 2, 100, '2022-06-30'),
(1815, 24, 349, 2, 100, '2022-06-30'),
(1816, 24, 350, 2, 100, '2022-06-30'),
(1817, 24, 351, 2, 100, '2022-06-30'),
(1818, 24, 352, 2, 100, '2022-06-30'),
(1819, 24, 353, 2, 100, '2022-06-30'),
(1820, 24, 354, 2, 100, '2022-06-30'),
(1821, 24, 355, 2, 100, '2022-06-30'),
(1822, 24, 356, 2, 100, '2022-06-30'),
(1823, 24, 357, 2, 100, '2022-06-30'),
(1824, 24, 358, 2, 100, '2022-06-30'),
(1825, 24, 359, 2, 100, '2022-06-30'),
(1826, 27, 360, 2, 100, '2022-06-30'),
(1827, 27, 361, 2, 100, '2022-06-30'),
(1828, 27, 362, 2, 100, '2022-06-30'),
(1829, 27, 363, 2, 100, '2022-06-30'),
(1830, 27, 364, 2, 100, '2022-06-30'),
(1831, 27, 365, 2, 100, '2022-06-30'),
(1832, 28, 366, 2, 100, '2022-06-30'),
(1833, 28, 367, 2, 100, '2022-06-30'),
(1834, 28, 368, 2, 100, '2022-06-30'),
(1835, 28, 369, 2, 100, '2022-06-30'),
(1836, 28, 370, 2, 100, '2022-06-30'),
(1837, 29, 371, 2, 100, '2022-06-30'),
(1838, 29, 372, 2, 100, '2022-06-30'),
(1839, 29, 373, 2, 100, '2022-06-30'),
(1840, 29, 374, 2, 100, '2022-06-30'),
(1841, 30, 375, 2, 100, '2022-06-30'),
(1842, 30, 376, 2, 100, '2022-06-30'),
(1843, 30, 377, 2, 100, '2022-06-30'),
(1844, 30, 378, 2, 100, '2022-06-30'),
(1845, 31, 379, 2, 100, '2022-06-30'),
(1846, 31, 380, 2, 100, '2022-06-30'),
(1847, 31, 381, 2, 100, '2022-06-30'),
(1848, 31, 382, 2, 100, '2022-06-30'),
(1849, 32, 383, 2, 100, '2022-06-30'),
(1850, 32, 384, 2, 100, '2022-06-30'),
(1851, 32, 385, 2, 100, '2022-06-30'),
(1852, 32, 386, 2, 100, '2022-06-30'),
(1853, 33, 387, 2, 100, '2022-06-30'),
(1854, 33, 388, 2, 100, '2022-06-30'),
(1855, 33, 389, 2, 100, '2022-06-30'),
(1856, 41, 390, 2, 100, '2022-06-30'),
(1857, 41, 391, 2, 100, '2022-06-30'),
(1858, 41, 392, 2, 100, '2022-06-30'),
(1859, 41, 393, 2, 100, '2022-06-30'),
(1860, 42, 394, 2, 100, '2022-06-30'),
(1861, 42, 395, 2, 100, '2022-06-30'),
(1862, 42, 396, 2, 100, '2022-06-30'),
(1863, 42, 397, 2, 100, '2022-06-30'),
(1864, 42, 398, 2, 100, '2022-06-30'),
(1865, 54, 399, 2, 100, '2022-06-30'),
(1866, 44, 400, 2, 100, '2022-06-30'),
(1867, 52, 401, 2, 100, '2022-06-30'),
(1868, 11, 402, 2, 100, '2022-06-30'),
(1869, 11, 403, 2, 100, '2022-06-30'),
(1870, 11, 404, 2, 100, '2022-06-30'),
(1871, 11, 405, 2, 100, '2022-06-30'),
(1872, 11, 406, 2, 100, '2022-06-30'),
(1873, 11, 407, 2, 100, '2022-06-30'),
(1874, 11, 408, 2, 100, '2022-06-30'),
(1875, 11, 409, 2, 100, '2022-06-30'),
(1876, 11, 410, 2, 100, '2022-06-30'),
(1877, 11, 411, 2, 100, '2022-06-30'),
(1878, 11, 412, 2, 100, '2022-06-30'),
(1879, 11, 413, 2, 100, '2022-06-30'),
(1880, 11, 414, 2, 100, '2022-06-30'),
(1881, 11, 415, 2, 100, '2022-06-30'),
(1882, 11, 416, 2, 100, '2022-06-30'),
(1883, 11, 417, 2, 100, '2022-06-30'),
(1884, 11, 418, 2, 100, '2022-06-30'),
(1885, 11, 419, 2, 100, '2022-06-30'),
(1886, 72, 420, 2, 100, '2022-06-30'),
(1887, 72, 421, 2, 100, '2022-06-30'),
(1888, 72, 422, 2, 100, '2022-06-30'),
(1889, 72, 423, 2, 100, '2022-06-30'),
(1890, 72, 424, 2, 100, '2022-06-30'),
(1891, 72, 425, 2, 100, '2022-06-30'),
(1892, 72, 426, 2, 100, '2022-06-30'),
(1893, 72, 427, 2, 100, '2022-06-30'),
(1894, 72, 428, 2, 100, '2022-06-30'),
(1895, 72, 429, 2, 100, '2022-06-30'),
(1896, 72, 430, 2, 100, '2022-06-30'),
(1897, 72, 431, 2, 100, '2022-06-30'),
(1898, 72, 432, 2, 100, '2022-06-30'),
(1899, 72, 433, 2, 100, '2022-06-30'),
(1900, 39, 434, 2, 100, '2022-06-30'),
(1901, 39, 435, 2, 100, '2022-06-30'),
(1902, 39, 436, 2, 100, '2022-06-30'),
(1903, 39, 437, 2, 100, '2022-06-30'),
(1904, 39, 438, 2, 100, '2022-06-30'),
(1905, 73, 439, 2, 100, '2022-06-30'),
(1906, 73, 440, 2, 100, '2022-06-30'),
(1907, 74, 441, 2, 100, '2022-06-30'),
(1908, 74, 442, 2, 100, '2022-06-30'),
(1909, 75, 443, 2, 100, '2022-06-30'),
(1910, 75, 444, 2, 100, '2022-06-30'),
(1911, 75, 445, 2, 100, '2022-06-30'),
(1912, 75, 446, 2, 100, '2022-06-30'),
(1913, 75, 447, 2, 100, '2022-06-30'),
(1914, 75, 448, 2, 100, '2022-06-30'),
(1915, 76, 449, 2, 100, '2022-06-30'),
(1916, 77, 450, 2, 100, '2022-06-30'),
(1917, 78, 451, 2, 100, '2022-06-30'),
(1918, 79, 452, 2, 100, '2022-06-30'),
(1919, 79, 453, 2, 100, '2022-06-30'),
(1920, 79, 454, 2, 100, '2022-06-30'),
(1921, 79, 455, 2, 100, '2022-06-30'),
(1922, 79, 456, 2, 100, '2022-06-30'),
(1923, 79, 457, 2, 100, '2022-06-30'),
(1924, 79, 458, 2, 100, '2022-06-30'),
(1925, 79, 459, 2, 100, '2022-06-30'),
(1926, 79, 460, 2, 100, '2022-06-30'),
(1927, 79, 461, 2, 100, '2022-06-30'),
(1928, 79, 462, 2, 100, '2022-06-30'),
(1929, 79, 463, 2, 100, '2022-06-30'),
(1930, 79, 464, 2, 100, '2022-06-30'),
(1931, 79, 465, 2, 100, '2022-06-30'),
(1932, 79, 466, 2, 100, '2022-06-30'),
(1933, 79, 467, 2, 100, '2022-06-30'),
(1934, 79, 468, 2, 100, '2022-06-30'),
(1935, 79, 469, 2, 100, '2022-06-30'),
(1936, 79, 470, 2, 100, '2022-06-30'),
(1937, 79, 471, 2, 100, '2022-06-30'),
(1938, 80, 472, 2, 100, '2022-06-30'),
(1939, 81, 473, 2, 100, '2022-06-30'),
(1940, 82, 474, 2, 100, '2022-06-30'),
(1941, 82, 475, 2, 100, '2022-06-30'),
(1942, 82, 476, 2, 100, '2022-06-30'),
(1943, 21, 477, 2, 100, '2022-06-30'),
(1944, 21, 478, 2, 100, '2022-06-30'),
(1945, 21, 479, 2, 100, '2022-06-30'),
(1946, 21, 480, 2, 100, '2022-06-30'),
(1947, 34, 481, 2, 100, '2022-06-30'),
(1948, 34, 482, 2, 100, '2022-06-30'),
(1949, 34, 483, 2, 100, '2022-06-30'),
(1950, 83, 484, 2, 100, '2022-06-30'),
(1951, 83, 485, 2, 100, '2022-06-30'),
(1952, 36, 486, 2, 100, '2022-06-30'),
(1953, 37, 487, 2, 100, '2022-06-30'),
(1954, 38, 488, 2, 100, '2022-06-30'),
(1955, 277, 489, 2, 100, '2022-06-30'),
(1956, 69, 490, 2, 100, '2022-06-30'),
(1957, 70, 491, 2, 100, '2022-06-30'),
(1958, 71, 492, 2, 100, '2022-06-30'),
(1959, 84, 493, 2, 100, '2022-06-30'),
(1960, 85, 494, 2, 100, '2022-06-30'),
(1961, 86, 495, 2, 100, '2022-06-30'),
(1962, 87, 496, 2, 100, '2022-06-30'),
(1963, 88, 497, 2, 100, '2022-06-30'),
(1964, 90, 498, 2, 100, '2022-06-30'),
(1965, 91, 499, 2, 100, '2022-06-30'),
(1966, 92, 500, 2, 100, '2022-06-30'),
(1967, 54, 501, 2, 100, '2022-06-30'),
(1968, 43, 502, 2, 100, '2022-06-30'),
(1969, 43, 503, 2, 100, '2022-06-30'),
(1970, 43, 504, 2, 100, '2022-06-30'),
(1971, 43, 505, 2, 100, '2022-06-30'),
(1972, 43, 506, 2, 100, '2022-06-30'),
(1973, 43, 507, 2, 100, '2022-06-30'),
(1974, 43, 508, 2, 100, '2022-06-30'),
(1975, 43, 509, 2, 100, '2022-06-30'),
(1976, 43, 510, 2, 100, '2022-06-30'),
(1977, 43, 511, 2, 100, '2022-06-30'),
(1978, 43, 512, 2, 100, '2022-06-30'),
(1979, 43, 513, 2, 100, '2022-06-30'),
(1980, 43, 514, 2, 100, '2022-06-30'),
(1981, 43, 515, 2, 100, '2022-06-30'),
(1982, 43, 516, 2, 100, '2022-06-30'),
(1983, 43, 517, 2, 100, '2022-06-30'),
(1984, 43, 518, 2, 100, '2022-06-30'),
(1985, 43, 519, 2, 100, '2022-06-30'),
(1986, 43, 520, 2, 100, '2022-06-30'),
(1987, 43, 521, 2, 100, '2022-06-30'),
(1988, 43, 522, 2, 100, '2022-06-30'),
(1989, 43, 523, 2, 100, '2022-06-30'),
(1990, 43, 524, 2, 100, '2022-06-30'),
(1991, 43, 525, 2, 100, '2022-06-30'),
(1992, 43, 526, 2, 100, '2022-06-30'),
(1993, 43, 527, 2, 100, '2022-06-30'),
(1994, 43, 528, 2, 100, '2022-06-30'),
(1995, 43, 529, 2, 100, '2022-06-30'),
(1996, 43, 530, 2, 100, '2022-06-30'),
(1997, 43, 531, 2, 100, '2022-06-30'),
(1998, 43, 532, 2, 100, '2022-06-30'),
(1999, 43, 533, 2, 100, '2022-06-30'),
(2000, 43, 534, 2, 100, '2022-06-30'),
(2001, 43, 535, 2, 100, '2022-06-30'),
(2002, 43, 536, 2, 100, '2022-06-30'),
(2003, 43, 537, 2, 100, '2022-06-30'),
(2004, 43, 538, 2, 100, '2022-06-30'),
(2005, 43, 539, 2, 100, '2022-06-30'),
(2006, 43, 540, 2, 100, '2022-06-30'),
(2007, 43, 541, 2, 100, '2022-06-30'),
(2008, 43, 542, 2, 100, '2022-06-30'),
(2009, 43, 543, 2, 100, '2022-06-30'),
(2010, 43, 544, 2, 100, '2022-06-30'),
(2011, 43, 545, 2, 100, '2022-06-30'),
(2012, 43, 546, 2, 100, '2022-06-30'),
(2013, 43, 547, 2, 100, '2022-06-30'),
(2014, 43, 548, 2, 100, '2022-06-30'),
(2015, 43, 549, 2, 100, '2022-06-30'),
(2016, 43, 550, 2, 100, '2022-06-30'),
(2017, 43, 551, 2, 100, '2022-06-30'),
(2018, 43, 552, 2, 100, '2022-06-30'),
(2019, 43, 553, 2, 100, '2022-06-30'),
(2020, 43, 554, 2, 100, '2022-06-30'),
(2021, 43, 555, 2, 100, '2022-06-30'),
(2022, 43, 556, 2, 100, '2022-06-30'),
(2023, 43, 557, 2, 100, '2022-06-30'),
(2024, 43, 558, 2, 100, '2022-06-30'),
(2025, 43, 559, 2, 100, '2022-06-30'),
(2026, 44, 560, 2, 100, '2022-06-30'),
(2027, 44, 561, 2, 100, '2022-06-30'),
(2028, 44, 562, 2, 100, '2022-06-30'),
(2029, 44, 563, 2, 100, '2022-06-30'),
(2030, 44, 564, 2, 100, '2022-06-30'),
(2031, 44, 565, 2, 100, '2022-06-30'),
(2032, 44, 566, 2, 100, '2022-06-30'),
(2033, 44, 567, 2, 100, '2022-06-30'),
(2034, 44, 568, 2, 100, '2022-06-30'),
(2035, 44, 569, 2, 100, '2022-06-30'),
(2036, 44, 570, 2, 100, '2022-06-30'),
(2037, 44, 571, 2, 100, '2022-06-30'),
(2038, 44, 572, 2, 100, '2022-06-30'),
(2039, 44, 573, 2, 100, '2022-06-30'),
(2040, 44, 574, 2, 100, '2022-06-30'),
(2041, 44, 575, 2, 100, '2022-06-30'),
(2042, 44, 576, 2, 100, '2022-06-30'),
(2043, 44, 577, 2, 100, '2022-06-30'),
(2044, 44, 578, 2, 100, '2022-06-30'),
(2045, 44, 579, 2, 100, '2022-06-30'),
(2046, 44, 580, 2, 100, '2022-06-30'),
(2047, 44, 581, 2, 100, '2022-06-30'),
(2048, 44, 582, 2, 100, '2022-06-30'),
(2049, 44, 583, 2, 100, '2022-06-30'),
(2050, 44, 584, 2, 100, '2022-06-30'),
(2051, 44, 585, 2, 100, '2022-06-30'),
(2052, 44, 586, 2, 100, '2022-06-30'),
(2053, 44, 587, 2, 100, '2022-06-30'),
(2054, 44, 588, 2, 100, '2022-06-30'),
(2055, 44, 589, 2, 100, '2022-06-30'),
(2056, 44, 590, 2, 100, '2022-06-30'),
(2057, 44, 591, 2, 100, '2022-06-30'),
(2058, 44, 592, 2, 100, '2022-06-30'),
(2059, 44, 593, 2, 100, '2022-06-30'),
(2060, 44, 594, 2, 100, '2022-06-30'),
(2061, 44, 595, 2, 100, '2022-06-30'),
(2062, 44, 596, 2, 100, '2022-06-30'),
(2063, 44, 597, 2, 100, '2022-06-30'),
(2064, 44, 598, 2, 100, '2022-06-30'),
(2065, 44, 599, 2, 100, '2022-06-30'),
(2066, 44, 600, 2, 100, '2022-06-30'),
(2067, 44, 601, 2, 100, '2022-06-30'),
(2068, 44, 602, 2, 100, '2022-06-30'),
(2069, 44, 603, 2, 100, '2022-06-30'),
(2070, 45, 604, 2, 100, '2022-06-30'),
(2071, 45, 605, 2, 100, '2022-06-30'),
(2072, 45, 606, 2, 100, '2022-06-30'),
(2073, 45, 607, 2, 100, '2022-06-30'),
(2074, 45, 608, 2, 100, '2022-06-30'),
(2075, 45, 609, 2, 100, '2022-06-30'),
(2076, 45, 610, 2, 100, '2022-06-30'),
(2077, 45, 611, 2, 100, '2022-06-30'),
(2078, 45, 612, 2, 100, '2022-06-30'),
(2079, 45, 613, 2, 100, '2022-06-30'),
(2080, 45, 614, 2, 100, '2022-06-30'),
(2081, 45, 615, 2, 100, '2022-06-30'),
(2082, 45, 616, 2, 100, '2022-06-30'),
(2083, 45, 617, 2, 100, '2022-06-30'),
(2084, 46, 618, 2, 100, '2022-06-30'),
(2085, 46, 619, 2, 100, '2022-06-30'),
(2086, 46, 620, 2, 100, '2022-06-30'),
(2087, 46, 621, 2, 100, '2022-06-30'),
(2088, 46, 622, 2, 100, '2022-06-30'),
(2089, 46, 623, 2, 100, '2022-06-30'),
(2090, 46, 624, 2, 100, '2022-06-30'),
(2091, 46, 625, 2, 100, '2022-06-30'),
(2092, 46, 626, 2, 100, '2022-06-30'),
(2093, 46, 627, 2, 100, '2022-06-30'),
(2094, 46, 628, 2, 100, '2022-06-30'),
(2095, 46, 629, 2, 100, '2022-06-30'),
(2096, 46, 630, 2, 100, '2022-06-30'),
(2097, 46, 631, 2, 100, '2022-06-30'),
(2098, 46, 632, 2, 100, '2022-06-30'),
(2099, 46, 633, 2, 100, '2022-06-30'),
(2100, 46, 634, 2, 100, '2022-06-30'),
(2101, 46, 635, 2, 100, '2022-06-30'),
(2102, 46, 636, 2, 100, '2022-06-30'),
(2103, 46, 637, 2, 100, '2022-06-30'),
(2104, 46, 638, 2, 100, '2022-06-30'),
(2105, 46, 639, 2, 100, '2022-06-30'),
(2106, 46, 640, 2, 100, '2022-06-30'),
(2107, 46, 641, 2, 100, '2022-06-30'),
(2108, 46, 642, 2, 100, '2022-06-30'),
(2109, 46, 643, 2, 100, '2022-06-30'),
(2110, 46, 644, 2, 100, '2022-06-30'),
(2111, 46, 645, 2, 100, '2022-06-30'),
(2112, 46, 646, 2, 100, '2022-06-30'),
(2113, 46, 647, 2, 100, '2022-06-30'),
(2114, 46, 648, 2, 100, '2022-06-30'),
(2115, 46, 649, 2, 100, '2022-06-30'),
(2116, 46, 650, 2, 100, '2022-06-30'),
(2117, 46, 651, 2, 100, '2022-06-30'),
(2118, 46, 652, 2, 100, '2022-06-30'),
(2119, 46, 653, 2, 100, '2022-06-30'),
(2120, 46, 654, 2, 100, '2022-06-30'),
(2121, 46, 655, 2, 100, '2022-06-30'),
(2122, 46, 656, 2, 100, '2022-06-30'),
(2123, 46, 657, 2, 100, '2022-06-30'),
(2124, 46, 658, 2, 100, '2022-06-30'),
(2125, 46, 659, 2, 100, '2022-06-30'),
(2126, 46, 660, 2, 100, '2022-06-30'),
(2127, 46, 661, 2, 100, '2022-06-30'),
(2128, 46, 662, 2, 100, '2022-06-30'),
(2129, 46, 663, 2, 100, '2022-06-30'),
(2130, 46, 664, 2, 100, '2022-06-30'),
(2131, 46, 665, 2, 100, '2022-06-30'),
(2132, 93, 666, 2, 100, '2022-06-30'),
(2133, 93, 667, 2, 100, '2022-06-30'),
(2134, 93, 668, 2, 100, '2022-06-30'),
(2135, 93, 669, 2, 100, '2022-06-30'),
(2136, 93, 670, 2, 100, '2022-06-30'),
(2137, 93, 671, 2, 100, '2022-06-30'),
(2138, 93, 672, 2, 100, '2022-06-30'),
(2139, 93, 673, 2, 100, '2022-06-30'),
(2140, 93, 674, 2, 100, '2022-06-30'),
(2141, 93, 675, 2, 100, '2022-06-30'),
(2142, 93, 676, 2, 100, '2022-06-30'),
(2143, 93, 677, 2, 100, '2022-06-30'),
(2144, 93, 678, 2, 100, '2022-06-30'),
(2145, 93, 679, 2, 100, '2022-06-30'),
(2146, 93, 680, 2, 100, '2022-06-30'),
(2147, 93, 681, 2, 100, '2022-06-30'),
(2148, 93, 682, 2, 100, '2022-06-30'),
(2149, 93, 683, 2, 100, '2022-06-30'),
(2150, 93, 684, 2, 100, '2022-06-30'),
(2151, 93, 685, 2, 100, '2022-06-30'),
(2152, 93, 686, 2, 100, '2022-06-30'),
(2153, 93, 687, 2, 100, '2022-06-30'),
(2154, 93, 688, 2, 100, '2022-06-30'),
(2155, 93, 689, 2, 100, '2022-06-30'),
(2156, 93, 690, 2, 100, '2022-06-30'),
(2157, 93, 691, 2, 100, '2022-06-30'),
(2158, 93, 692, 2, 100, '2022-06-30'),
(2159, 93, 693, 2, 100, '2022-06-30'),
(2160, 93, 694, 2, 100, '2022-06-30'),
(2161, 93, 695, 2, 100, '2022-06-30'),
(2162, 93, 696, 2, 100, '2022-06-30'),
(2163, 93, 697, 2, 100, '2022-06-30'),
(2164, 93, 698, 2, 100, '2022-06-30'),
(2165, 93, 699, 2, 100, '2022-06-30'),
(2166, 93, 700, 2, 100, '2022-06-30'),
(2167, 93, 701, 2, 100, '2022-06-30'),
(2168, 93, 702, 2, 100, '2022-06-30'),
(2169, 93, 703, 2, 100, '2022-06-30'),
(2170, 93, 704, 2, 100, '2022-06-30'),
(2171, 93, 705, 2, 100, '2022-06-30'),
(2172, 93, 706, 2, 100, '2022-06-30'),
(2173, 93, 707, 2, 100, '2022-06-30'),
(2174, 93, 708, 2, 100, '2022-06-30'),
(2175, 93, 709, 2, 100, '2022-06-30'),
(2176, 93, 710, 2, 100, '2022-06-30'),
(2177, 93, 711, 2, 100, '2022-06-30'),
(2178, 93, 712, 2, 100, '2022-06-30'),
(2179, 93, 713, 2, 100, '2022-06-30'),
(2180, 94, 714, 2, 100, '2022-06-30'),
(2181, 94, 715, 2, 100, '2022-06-30'),
(2182, 94, 716, 2, 100, '2022-06-30'),
(2183, 94, 717, 2, 100, '2022-06-30'),
(2184, 94, 718, 2, 100, '2022-06-30'),
(2185, 94, 719, 2, 100, '2022-06-30'),
(2186, 94, 720, 2, 100, '2022-06-30'),
(2187, 94, 721, 2, 100, '2022-06-30'),
(2188, 94, 722, 2, 100, '2022-06-30'),
(2189, 94, 723, 2, 100, '2022-06-30'),
(2190, 94, 724, 2, 100, '2022-06-30'),
(2191, 94, 725, 2, 100, '2022-06-30'),
(2192, 248, 726, 2, 100, '2022-06-30'),
(2193, 248, 727, 2, 100, '2022-06-30'),
(2194, 248, 728, 2, 100, '2022-06-30'),
(2195, 248, 729, 2, 100, '2022-06-30'),
(2196, 248, 730, 2, 100, '2022-06-30'),
(2197, 248, 731, 2, 100, '2022-06-30'),
(2198, 248, 732, 2, 100, '2022-06-30'),
(2199, 248, 733, 2, 100, '2022-06-30'),
(2200, 248, 734, 2, 100, '2022-06-30'),
(2201, 248, 735, 2, 100, '2022-06-30'),
(2202, 248, 736, 2, 100, '2022-06-30'),
(2203, 248, 737, 2, 100, '2022-06-30'),
(2204, 248, 738, 2, 100, '2022-06-30'),
(2205, 248, 739, 2, 100, '2022-06-30'),
(2206, 248, 740, 2, 100, '2022-06-30'),
(2207, 248, 741, 2, 100, '2022-06-30'),
(2208, 248, 742, 2, 100, '2022-06-30'),
(2209, 248, 743, 2, 100, '2022-06-30'),
(2210, 248, 744, 2, 100, '2022-06-30'),
(2211, 248, 745, 2, 100, '2022-06-30'),
(2212, 248, 746, 2, 100, '2022-06-30'),
(2213, 248, 747, 2, 100, '2022-06-30'),
(2214, 248, 748, 2, 100, '2022-06-30'),
(2215, 248, 749, 2, 100, '2022-06-30'),
(2216, 248, 750, 2, 100, '2022-06-30'),
(2217, 248, 751, 2, 100, '2022-06-30'),
(2218, 248, 752, 2, 100, '2022-06-30'),
(2219, 248, 753, 2, 100, '2022-06-30'),
(2220, 15, 754, 2, 100, '2022-06-30'),
(2221, 96, 755, 2, 100, '2022-06-30'),
(2222, 97, 756, 2, 100, '2022-06-30'),
(2223, 98, 757, 2, 100, '2022-06-30'),
(2224, 99, 758, 2, 100, '2022-06-30'),
(2225, 100, 759, 2, 100, '2022-06-30'),
(2226, 100, 760, 2, 100, '2022-06-30'),
(2227, 102, 761, 2, 100, '2022-06-30'),
(2228, 103, 762, 2, 100, '2022-06-30'),
(2229, 104, 763, 2, 100, '2022-06-30'),
(2230, 105, 764, 2, 100, '2022-06-30'),
(2231, 106, 765, 2, 100, '2022-06-30'),
(2232, 107, 766, 2, 100, '2022-06-30'),
(2233, 108, 767, 2, 100, '2022-06-30'),
(2234, 109, 768, 2, 100, '2022-06-30'),
(2235, 110, 769, 2, 100, '2022-06-30'),
(2236, 111, 770, 2, 100, '2022-06-30'),
(2237, 112, 771, 2, 100, '2022-06-30'),
(2238, 113, 772, 2, 100, '2022-06-30'),
(2239, 114, 773, 2, 100, '2022-06-30'),
(2240, 115, 774, 2, 100, '2022-06-30'),
(2241, 116, 775, 2, 100, '2022-06-30'),
(2242, 117, 776, 2, 100, '2022-06-30'),
(2243, 118, 777, 2, 100, '2022-06-30'),
(2244, 119, 778, 2, 100, '2022-06-30'),
(2245, 120, 779, 2, 100, '2022-06-30'),
(2246, 121, 780, 2, 100, '2022-06-30'),
(2247, 50, 781, 2, 100, '2022-06-30'),
(2248, 51, 782, 2, 100, '2022-06-30'),
(2249, 122, 783, 2, 100, '2022-06-30'),
(2250, 123, 784, 2, 100, '2022-06-30'),
(2251, 124, 785, 2, 100, '2022-06-30'),
(2252, 125, 786, 2, 100, '2022-06-30'),
(2253, 126, 787, 2, 100, '2022-06-30'),
(2254, 127, 788, 2, 100, '2022-06-30'),
(2255, 128, 789, 2, 100, '2022-06-30'),
(2256, 129, 790, 2, 100, '2022-06-30'),
(2257, 130, 791, 2, 100, '2022-06-30'),
(2258, 131, 792, 2, 100, '2022-06-30'),
(2259, 131, 793, 2, 100, '2022-06-30'),
(2260, 131, 794, 2, 100, '2022-06-30'),
(2261, 131, 795, 2, 100, '2022-06-30'),
(2262, 131, 796, 2, 100, '2022-06-30'),
(2263, 131, 797, 2, 100, '2022-06-30'),
(2264, 131, 798, 2, 100, '2022-06-30'),
(2265, 131, 799, 2, 100, '2022-06-30'),
(2266, 131, 800, 2, 100, '2022-06-30'),
(2267, 132, 801, 2, 100, '2022-06-30'),
(2268, 132, 802, 2, 100, '2022-06-30'),
(2269, 132, 803, 2, 100, '2022-06-30'),
(2270, 132, 804, 2, 100, '2022-06-30'),
(2271, 132, 805, 2, 100, '2022-06-30'),
(2272, 132, 806, 2, 100, '2022-06-30'),
(2273, 132, 807, 2, 100, '2022-06-30'),
(2274, 132, 808, 2, 100, '2022-06-30'),
(2275, 133, 809, 2, 100, '2022-06-30'),
(2276, 133, 810, 2, 100, '2022-06-30'),
(2277, 62, 811, 2, 100, '2022-06-30'),
(2278, 62, 812, 2, 100, '2022-06-30'),
(2279, 62, 813, 2, 100, '2022-06-30'),
(2280, 62, 814, 2, 100, '2022-06-30'),
(2281, 62, 815, 2, 100, '2022-06-30'),
(2282, 62, 816, 2, 100, '2022-06-30'),
(2283, 63, 817, 2, 100, '2022-06-30'),
(2284, 63, 818, 2, 100, '2022-06-30'),
(2285, 63, 819, 2, 100, '2022-06-30'),
(2286, 63, 820, 2, 100, '2022-06-30'),
(2287, 63, 821, 2, 100, '2022-06-30'),
(2288, 63, 822, 2, 100, '2022-06-30'),
(2289, 136, 823, 2, 100, '2022-06-30'),
(2290, 137, 824, 2, 100, '2022-06-30'),
(2291, 138, 825, 2, 100, '2022-06-30'),
(2292, 139, 826, 2, 100, '2022-06-30'),
(2293, 140, 827, 2, 100, '2022-06-30'),
(2294, 141, 828, 2, 100, '2022-06-30'),
(2295, 142, 829, 2, 100, '2022-06-30'),
(2296, 143, 830, 2, 100, '2022-06-30'),
(2297, 61, 831, 2, 100, '2022-06-30'),
(2298, 64, 832, 2, 100, '2022-06-30'),
(2299, 65, 833, 2, 100, '2022-06-30'),
(2300, 66, 834, 2, 100, '2022-06-30'),
(2301, 67, 835, 2, 100, '2022-06-30'),
(2302, 145, 836, 2, 100, '2022-06-30'),
(2303, 144, 837, 2, 100, '2022-06-30'),
(2304, 146, 838, 2, 100, '2022-06-30'),
(2305, 147, 839, 2, 100, '2022-06-30'),
(2306, 148, 840, 2, 100, '2022-06-30'),
(2307, 149, 841, 2, 100, '2022-06-30'),
(2308, 150, 842, 2, 100, '2022-06-30'),
(2309, 151, 843, 2, 100, '2022-06-30'),
(2310, 152, 844, 2, 100, '2022-06-30'),
(2311, 153, 845, 2, 100, '2022-06-30'),
(2312, 155, 846, 2, 100, '2022-06-30'),
(2313, 156, 847, 2, 100, '2022-06-30'),
(2314, 157, 848, 2, 100, '2022-06-30'),
(2315, 158, 849, 2, 100, '2022-06-30'),
(2316, 159, 850, 2, 100, '2022-06-30'),
(2317, 160, 851, 2, 100, '2022-06-30'),
(2318, 161, 852, 2, 100, '2022-06-30'),
(2319, 162, 853, 2, 100, '2022-06-30'),
(2320, 163, 854, 2, 100, '2022-06-30'),
(2321, 164, 855, 2, 100, '2022-06-30'),
(2322, 165, 856, 2, 100, '2022-06-30'),
(2323, 167, 857, 2, 100, '2022-06-30'),
(2324, 168, 858, 2, 100, '2022-06-30'),
(2325, 169, 859, 2, 100, '2022-06-30'),
(2326, 170, 860, 2, 100, '2022-06-30'),
(2327, 171, 861, 2, 100, '2022-06-30'),
(2328, 172, 862, 2, 100, '2022-06-30'),
(2329, 173, 863, 2, 100, '2022-06-30'),
(2330, 174, 864, 2, 100, '2022-06-30'),
(2331, 175, 865, 2, 100, '2022-06-30'),
(2332, 176, 866, 2, 100, '2022-06-30'),
(2333, 177, 867, 2, 100, '2022-06-30'),
(2334, 178, 868, 2, 100, '2022-06-30'),
(2335, 179, 869, 2, 100, '2022-06-30'),
(2336, 180, 870, 2, 100, '2022-06-30'),
(2337, 181, 871, 2, 100, '2022-06-30'),
(2338, 182, 872, 2, 100, '2022-06-30'),
(2339, 183, 873, 2, 100, '2022-06-30'),
(2340, 184, 874, 2, 100, '2022-06-30'),
(2341, 185, 875, 2, 100, '2022-06-30'),
(2342, 186, 876, 2, 100, '2022-06-30'),
(2343, 187, 877, 2, 100, '2022-06-30'),
(2344, 188, 878, 2, 100, '2022-06-30'),
(2345, 189, 879, 2, 100, '2022-06-30'),
(2346, 190, 880, 2, 100, '2022-06-30'),
(2347, 191, 881, 2, 100, '2022-06-30'),
(2348, 249, 882, 2, 100, '2022-06-30'),
(2349, 192, 883, 2, 100, '2022-06-30'),
(2350, 193, 884, 2, 100, '2022-06-30'),
(2351, 194, 885, 2, 100, '2022-06-30'),
(2352, 195, 886, 2, 100, '2022-06-30'),
(2353, 196, 887, 2, 100, '2022-06-30'),
(2354, 197, 888, 2, 100, '2022-06-30'),
(2355, 198, 889, 2, 100, '2022-06-30'),
(2356, 199, 890, 2, 100, '2022-06-30'),
(2357, 200, 891, 2, 100, '2022-06-30'),
(2358, 201, 892, 2, 100, '2022-06-30'),
(2359, 202, 893, 2, 100, '2022-06-30'),
(2360, 205, 894, 2, 100, '2022-06-30'),
(2361, 204, 895, 2, 100, '2022-06-30'),
(2362, 203, 896, 2, 100, '2022-06-30'),
(2363, 206, 897, 2, 100, '2022-06-30'),
(2364, 207, 898, 2, 100, '2022-06-30'),
(2365, 208, 899, 2, 100, '2022-06-30'),
(2366, 209, 900, 2, 100, '2022-06-30'),
(2367, 16, 901, 2, 100, '2022-06-30'),
(2368, 16, 902, 2, 100, '2022-06-30'),
(2369, 16, 903, 2, 100, '2022-06-30'),
(2370, 16, 904, 2, 100, '2022-06-30'),
(2371, 16, 905, 2, 100, '2022-06-30'),
(2372, 16, 906, 2, 100, '2022-06-30'),
(2373, 16, 907, 2, 100, '2022-06-30'),
(2374, 16, 908, 2, 100, '2022-06-30'),
(2375, 291, 909, 2, 100, '2022-06-30'),
(2376, 292, 910, 2, 100, '2022-06-30'),
(2377, 22, 911, 2, 100, '2022-06-30'),
(2378, 22, 912, 2, 100, '2022-06-30'),
(2379, 22, 913, 2, 100, '2022-06-30'),
(2380, 263, 914, 2, 100, '2022-06-30'),
(2381, 263, 915, 2, 100, '2022-06-30'),
(2382, 263, 916, 2, 100, '2022-06-30'),
(2383, 263, 917, 2, 100, '2022-06-30'),
(2384, 263, 918, 2, 100, '2022-06-30'),
(2385, 261, 919, 2, 100, '2022-06-30'),
(2386, 261, 920, 2, 100, '2022-06-30'),
(2387, 261, 921, 2, 100, '2022-06-30'),
(2388, 261, 922, 2, 100, '2022-06-30'),
(2389, 261, 923, 2, 100, '2022-06-30'),
(2390, 261, 924, 2, 100, '2022-06-30'),
(2391, 293, 925, 2, 100, '2022-06-30'),
(2392, 293, 926, 2, 100, '2022-06-30'),
(2393, 293, 927, 2, 100, '2022-06-30'),
(2394, 293, 928, 2, 100, '2022-06-30'),
(2395, 293, 929, 2, 100, '2022-06-30'),
(2396, 293, 930, 2, 100, '2022-06-30'),
(2397, 293, 931, 2, 100, '2022-06-30'),
(2398, 294, 932, 2, 100, '2022-06-30'),
(2399, 294, 933, 2, 100, '2022-06-30'),
(2400, 294, 934, 2, 100, '2022-06-30'),
(2401, 294, 935, 2, 100, '2022-06-30'),
(2402, 264, 936, 2, 100, '2022-06-30'),
(2403, 264, 937, 2, 100, '2022-06-30'),
(2404, 264, 938, 2, 100, '2022-06-30'),
(2405, 264, 939, 2, 100, '2022-06-30'),
(2406, 264, 940, 2, 100, '2022-06-30'),
(2407, 19, 941, 2, 100, '2022-06-30'),
(2408, 19, 942, 2, 100, '2022-06-30'),
(2409, 2, 943, 2, 100, '2022-06-30'),
(2410, 5, 944, 2, 100, '2022-06-30'),
(2411, 75, 945, 2, 100, '2022-06-30'),
(2412, 296, 946, 2, 100, '2022-06-30'),
(2413, 298, 947, 2, 100, '2022-06-30'),
(2414, 298, 948, 2, 100, '2022-06-30'),
(2415, 298, 949, 2, 100, '2022-06-30'),
(2416, 298, 950, 2, 100, '2022-06-30'),
(2417, 298, 951, 2, 100, '2022-06-30'),
(2418, 298, 952, 2, 100, '2022-06-30'),
(2419, 298, 953, 2, 100, '2022-06-30'),
(2420, 298, 954, 2, 100, '2022-06-30'),
(2421, 298, 955, 2, 100, '2022-06-30'),
(2422, 298, 956, 2, 100, '2022-06-30'),
(2423, 26, 957, 2, 100, '2022-06-30'),
(2424, 20, 958, 2, 100, '2022-06-30'),
(2425, 301, 959, 2, 100, '2022-06-30'),
(2426, 301, 960, 2, 100, '2022-06-30'),
(2427, 301, 961, 2, 100, '2022-06-30'),
(2428, 301, 962, 2, 100, '2022-06-30'),
(2429, 301, 963, 2, 100, '2022-06-30'),
(2430, 301, 964, 2, 100, '2022-06-30'),
(2431, 75, 965, 2, 100, '2022-06-30'),
(2432, 75, 966, 2, 100, '2022-06-30'),
(2433, 75, 967, 2, 100, '2022-06-30'),
(2434, 75, 968, 2, 100, '2022-06-30'),
(2435, 75, 969, 2, 100, '2022-06-30'),
(2436, 60, 970, 2, 100, '2022-06-30'),
(2437, 60, 971, 2, 100, '2022-06-30'),
(2438, 60, 972, 2, 100, '2022-06-30'),
(2439, 60, 973, 2, 100, '2022-06-30'),
(2440, 60, 974, 2, 100, '2022-06-30'),
(2441, 60, 975, 2, 100, '2022-06-30'),
(2442, 60, 976, 2, 100, '2022-06-30'),
(2443, 303, 977, 2, 100, '2022-06-30'),
(2444, 303, 978, 2, 100, '2022-06-30'),
(2445, 303, 979, 2, 100, '2022-06-30'),
(2446, 303, 980, 2, 100, '2022-06-30'),
(2447, 303, 981, 2, 100, '2022-06-30'),
(2448, 294, 982, 2, 100, '2022-06-30'),
(2449, 294, 983, 2, 100, '2022-06-30'),
(2450, 294, 984, 2, 100, '2022-06-30'),
(2451, 294, 985, 2, 100, '2022-06-30'),
(2452, 294, 986, 2, 100, '2022-06-30'),
(2453, 294, 987, 2, 100, '2022-06-30'),
(2454, 294, 988, 2, 100, '2022-06-30'),
(2455, 259, 989, 2, 100, '2022-06-30'),
(2456, 259, 990, 2, 100, '2022-06-30'),
(2457, 259, 991, 2, 100, '2022-06-30'),
(2458, 259, 992, 2, 100, '2022-06-30'),
(2459, 259, 993, 2, 100, '2022-06-30'),
(2460, 259, 994, 2, 100, '2022-06-30'),
(2461, 259, 995, 2, 100, '2022-06-30'),
(2462, 253, 996, 2, 100, '2022-06-30'),
(2463, 253, 997, 2, 100, '2022-06-30'),
(2464, 253, 998, 2, 100, '2022-06-30'),
(2465, 253, 999, 2, 100, '2022-06-30'),
(2466, 253, 1000, 2, 100, '2022-06-30'),
(2467, 253, 1001, 2, 100, '2022-06-30'),
(2468, 253, 1002, 2, 100, '2022-06-30'),
(2469, 261, 1003, 2, 100, '2022-06-30'),
(2470, 261, 1004, 2, 100, '2022-06-30'),
(2471, 261, 1005, 2, 100, '2022-06-30'),
(2472, 261, 1006, 2, 100, '2022-06-30'),
(2473, 306, 1007, 2, 100, '2022-06-30'),
(2474, 306, 1008, 2, 100, '2022-06-30'),
(2475, 306, 1009, 2, 100, '2022-06-30'),
(2476, 306, 1010, 2, 100, '2022-06-30'),
(2477, 306, 1011, 2, 100, '2022-06-30'),
(2478, 306, 1012, 2, 100, '2022-06-30'),
(2479, 306, 1013, 2, 100, '2022-06-30'),
(2480, 307, 1014, 2, 100, '2022-06-30'),
(2481, 307, 1015, 2, 100, '2022-06-30'),
(2482, 307, 1016, 2, 100, '2022-06-30'),
(2483, 307, 1017, 2, 100, '2022-06-30'),
(2484, 307, 1018, 2, 100, '2022-06-30'),
(2485, 307, 1019, 2, 100, '2022-06-30'),
(2486, 307, 1020, 2, 100, '2022-06-30'),
(2487, 309, 1021, 2, 100, '2022-06-30'),
(2488, 309, 1022, 2, 100, '2022-06-30'),
(2489, 309, 1023, 2, 100, '2022-06-30'),
(2490, 309, 1024, 2, 100, '2022-06-30'),
(2491, 309, 1025, 2, 100, '2022-06-30'),
(2492, 309, 1026, 2, 100, '2022-06-30'),
(2493, 309, 1027, 2, 100, '2022-06-30'),
(2494, 60, 1028, 2, 100, '2022-06-30'),
(2495, 257, 1029, 2, 100, '2022-06-30'),
(2496, 257, 1030, 2, 100, '2022-06-30'),
(2497, 257, 1031, 2, 100, '2022-06-30'),
(2498, 257, 1032, 2, 100, '2022-06-30'),
(2499, 257, 1033, 2, 100, '2022-06-30'),
(2500, 257, 1034, 2, 100, '2022-06-30'),
(2501, 310, 1035, 2, 100, '2022-06-30'),
(2502, 310, 1036, 2, 100, '2022-06-30'),
(2503, 310, 1037, 2, 100, '2022-06-30'),
(2504, 310, 1038, 2, 100, '2022-06-30'),
(2505, 310, 1039, 2, 100, '2022-06-30'),
(2506, 310, 1040, 2, 100, '2022-06-30'),
(2507, 310, 1041, 2, 100, '2022-06-30'),
(2508, 52, 1042, 2, 100, '2022-06-30'),
(2509, 52, 1043, 2, 100, '2022-06-30'),
(2510, 52, 1044, 2, 100, '2022-06-30'),
(2511, 52, 1045, 2, 100, '2022-06-30'),
(2512, 52, 1046, 2, 100, '2022-06-30'),
(2513, 52, 1047, 2, 100, '2022-06-30'),
(2514, 52, 1048, 2, 100, '2022-06-30'),
(2515, 311, 1049, 2, 100, '2022-06-30'),
(2516, 311, 1050, 2, 100, '2022-06-30'),
(2517, 311, 1051, 2, 100, '2022-06-30'),
(2518, 311, 1052, 2, 100, '2022-06-30'),
(2519, 311, 1053, 2, 100, '2022-06-30'),
(2520, 311, 1054, 2, 100, '2022-06-30'),
(2521, 311, 1055, 2, 100, '2022-06-30'),
(2522, 255, 1056, 2, 100, '2022-06-30'),
(2523, 255, 1057, 2, 100, '2022-06-30'),
(2524, 255, 1058, 2, 100, '2022-06-30'),
(2525, 255, 1059, 2, 100, '2022-06-30'),
(2526, 255, 1060, 2, 100, '2022-06-30'),
(2527, 255, 1061, 2, 100, '2022-06-30'),
(2528, 255, 1062, 2, 100, '2022-06-30'),
(2529, 260, 1063, 2, 100, '2022-06-30'),
(2530, 260, 1064, 2, 100, '2022-06-30'),
(2531, 260, 1065, 2, 100, '2022-06-30'),
(2532, 260, 1066, 2, 100, '2022-06-30'),
(2533, 260, 1067, 2, 100, '2022-06-30'),
(2534, 312, 1068, 2, 100, '2022-06-30'),
(2535, 312, 1069, 2, 100, '2022-06-30'),
(2536, 260, 1070, 2, 100, '2022-06-30'),
(2537, 260, 1071, 2, 100, '2022-06-30'),
(2538, 312, 1072, 2, 100, '2022-06-30'),
(2539, 312, 1073, 2, 100, '2022-06-30'),
(2540, 312, 1074, 2, 100, '2022-06-30'),
(2541, 312, 1075, 2, 100, '2022-06-30'),
(2542, 312, 1076, 2, 100, '2022-06-30'),
(2543, 313, 1077, 2, 100, '2022-06-30'),
(2544, 313, 1078, 2, 100, '2022-06-30'),
(2545, 313, 1079, 2, 100, '2022-06-30'),
(2546, 303, 1080, 2, 100, '2022-06-30'),
(2547, 264, 1081, 2, 100, '2022-06-30'),
(2548, 285, 1082, 2, 100, '2022-06-30'),
(2549, 285, 1083, 2, 100, '2022-06-30'),
(2550, 285, 1084, 2, 100, '2022-06-30'),
(2551, 285, 1085, 2, 100, '2022-06-30'),
(2552, 285, 1086, 2, 100, '2022-06-30'),
(2553, 285, 1087, 2, 100, '2022-06-30'),
(2554, 285, 1088, 2, 100, '2022-06-30'),
(2555, 263, 1089, 2, 100, '2022-06-30'),
(2556, 263, 1090, 2, 100, '2022-06-30'),
(2557, 251, 1091, 2, 100, '2022-06-30'),
(2558, 314, 1092, 2, 100, '2022-06-30'),
(2559, 314, 1093, 2, 100, '2022-06-30'),
(2560, 314, 1094, 2, 100, '2022-06-30'),
(2561, 314, 1095, 2, 100, '2022-06-30'),
(2562, 314, 1096, 2, 100, '2022-06-30'),
(2563, 314, 1097, 2, 100, '2022-06-30'),
(2564, 314, 1098, 2, 100, '2022-06-30'),
(2565, 262, 1099, 2, 100, '2022-06-30'),
(2566, 262, 1100, 2, 100, '2022-06-30'),
(2567, 262, 1101, 2, 100, '2022-06-30'),
(2568, 262, 1102, 2, 100, '2022-06-30'),
(2569, 262, 1103, 2, 100, '2022-06-30'),
(2570, 262, 1104, 2, 100, '2022-06-30'),
(2571, 262, 1105, 2, 100, '2022-06-30'),
(2572, 284, 1106, 2, 100, '2022-06-30'),
(2573, 284, 1107, 2, 100, '2022-06-30'),
(2574, 284, 1108, 2, 100, '2022-06-30'),
(2575, 284, 1109, 2, 100, '2022-06-30'),
(2576, 284, 1110, 2, 100, '2022-06-30'),
(2577, 284, 1111, 2, 100, '2022-06-30'),
(2578, 284, 1112, 2, 100, '2022-06-30'),
(2579, 284, 1113, 2, 100, '2022-06-30'),
(2580, 284, 1114, 2, 100, '2022-06-30'),
(2581, 284, 1115, 2, 100, '2022-06-30'),
(2582, 284, 1116, 2, 100, '2022-06-30'),
(2583, 284, 1117, 2, 100, '2022-06-30'),
(2584, 315, 1118, 2, 100, '2022-06-30'),
(2585, 283, 1119, 2, 100, '2022-06-30'),
(2586, 283, 1120, 2, 100, '2022-06-30'),
(2587, 283, 1121, 2, 100, '2022-06-30'),
(2588, 283, 1122, 2, 100, '2022-06-30'),
(2589, 283, 1123, 2, 100, '2022-06-30'),
(2590, 283, 1124, 2, 100, '2022-06-30'),
(2591, 283, 1125, 2, 100, '2022-06-30'),
(2592, 283, 1126, 2, 100, '2022-06-30'),
(2593, 283, 1127, 2, 100, '2022-06-30'),
(2594, 283, 1128, 2, 100, '2022-06-30'),
(2595, 283, 1129, 2, 100, '2022-06-30'),
(2596, 283, 1130, 2, 100, '2022-06-30'),
(2597, 283, 1131, 2, 100, '2022-06-30'),
(2598, 283, 1132, 2, 100, '2022-06-30'),
(2599, 283, 1133, 2, 100, '2022-06-30'),
(2600, 283, 1134, 2, 100, '2022-06-30'),
(2601, 283, 1135, 2, 100, '2022-06-30'),
(2602, 283, 1136, 2, 100, '2022-06-30'),
(2603, 316, 1137, 2, 100, '2022-06-30'),
(2604, 210, 1138, 2, 100, '2022-06-30'),
(2605, 48, 1139, 2, 100, '2022-06-30'),
(2606, 57, 1140, 2, 100, '2022-06-30'),
(2607, 211, 1141, 2, 100, '2022-06-30'),
(2608, 213, 1142, 2, 100, '2022-06-30'),
(2609, 214, 1143, 2, 100, '2022-06-30'),
(2610, 215, 1144, 2, 100, '2022-06-30'),
(2611, 216, 1145, 2, 100, '2022-06-30'),
(2612, 217, 1146, 2, 100, '2022-06-30'),
(2613, 212, 1147, 2, 100, '2022-06-30'),
(2614, 318, 1148, 2, 100, '2022-06-30'),
(2615, 318, 1149, 2, 100, '2022-06-30'),
(2616, 318, 1150, 2, 100, '2022-06-30'),
(2617, 318, 1151, 2, 100, '2022-06-30'),
(2618, 318, 1152, 2, 100, '2022-06-30'),
(2619, 318, 1153, 2, 100, '2022-06-30'),
(2620, 318, 1154, 2, 100, '2022-06-30'),
(2621, 44, 1155, 2, 100, '2022-06-30'),
(2622, 44, 1156, 2, 100, '2022-06-30'),
(2623, 44, 1157, 2, 100, '2022-06-30'),
(2624, 44, 1158, 2, 100, '2022-06-30'),
(2625, 44, 1159, 2, 100, '2022-06-30'),
(2626, 44, 1160, 2, 100, '2022-06-30'),
(2627, 44, 1161, 2, 100, '2022-06-30'),
(2628, 44, 1162, 2, 100, '2022-06-30'),
(2629, 44, 1163, 2, 100, '2022-06-30'),
(2630, 44, 1164, 2, 100, '2022-06-30'),
(2631, 44, 1165, 2, 100, '2022-06-30'),
(2632, 44, 1166, 2, 100, '2022-06-30'),
(2633, 44, 1167, 2, 100, '2022-06-30'),
(2634, 44, 1168, 2, 100, '2022-06-30'),
(2635, 44, 1169, 2, 100, '2022-06-30'),
(2636, 44, 1170, 2, 100, '2022-06-30'),
(2637, 44, 1171, 2, 100, '2022-06-30'),
(2638, 44, 1172, 2, 100, '2022-06-30'),
(2639, 44, 1173, 2, 100, '2022-06-30'),
(2640, 44, 1174, 2, 100, '2022-06-30'),
(2641, 44, 1175, 2, 100, '2022-06-30'),
(2642, 44, 1176, 2, 100, '2022-06-30'),
(2643, 44, 1177, 2, 100, '2022-06-30'),
(2644, 44, 1178, 2, 100, '2022-06-30'),
(2645, 44, 1179, 2, 100, '2022-06-30'),
(2646, 44, 1180, 2, 100, '2022-06-30'),
(2647, 44, 1181, 2, 100, '2022-06-30'),
(2648, 44, 1182, 2, 100, '2022-06-30'),
(2649, 39, 1183, 2, 100, '2022-06-30'),
(2650, 39, 1184, 2, 100, '2022-06-30'),
(2651, 83, 1185, 2, 100, '2022-06-30'),
(2652, 300, 1186, 2, 100, '2022-06-30'),
(2653, 320, 1187, 2, 100, '2022-06-30'),
(2654, 323, 1188, 2, 100, '2022-06-30'),
(2655, 321, 1189, 2, 100, '2022-06-30'),
(2656, 321, 1190, 2, 100, '2022-06-30'),
(2657, 321, 1191, 2, 100, '2022-06-30'),
(2658, 321, 1192, 2, 100, '2022-06-30'),
(2659, 321, 1193, 2, 100, '2022-06-30'),
(2660, 322, 1194, 2, 100, '2022-06-30'),
(2661, 322, 1195, 2, 100, '2022-06-30'),
(2662, 322, 1196, 2, 100, '2022-06-30'),
(2663, 322, 1197, 2, 100, '2022-06-30'),
(2664, 322, 1198, 2, 100, '2022-06-30'),
(2665, 322, 1199, 2, 100, '2022-06-30'),
(2666, 12, 1200, 2, 100, '2022-06-30'),
(2667, 79, 1201, 2, 100, '2022-06-30'),
(2668, 324, 1202, 2, 100, '2022-06-30'),
(2669, 218, 1203, 2, 100, '2022-06-30'),
(2670, 219, 1204, 2, 100, '2022-06-30'),
(2671, 221, 1205, 2, 100, '2022-06-30'),
(2672, 220, 1206, 2, 100, '2022-06-30'),
(2673, 224, 1207, 2, 100, '2022-06-30'),
(2674, 225, 1208, 2, 100, '2022-06-30'),
(2675, 223, 1209, 2, 100, '2022-06-30'),
(2676, 222, 1210, 2, 100, '2022-06-30'),
(2677, 226, 1211, 2, 100, '2022-06-30'),
(2678, 227, 1212, 2, 100, '2022-06-30'),
(2679, 230, 1213, 2, 100, '2022-06-30'),
(2680, 229, 1214, 2, 100, '2022-06-30'),
(2681, 231, 1215, 2, 100, '2022-06-30'),
(2682, 232, 1216, 2, 100, '2022-06-30'),
(2683, 233, 1217, 2, 100, '2022-06-30'),
(2684, 236, 1218, 2, 100, '2022-06-30'),
(2685, 235, 1219, 2, 100, '2022-06-30'),
(2686, 237, 1220, 2, 100, '2022-06-30'),
(2687, 238, 1221, 2, 100, '2022-06-30'),
(2688, 239, 1222, 2, 100, '2022-06-30'),
(2689, 240, 1223, 2, 100, '2022-06-30'),
(2690, 241, 1224, 2, 100, '2022-06-30'),
(2691, 242, 1225, 2, 100, '2022-06-30'),
(2692, 243, 1226, 2, 100, '2022-06-30'),
(2693, 244, 1227, 2, 100, '2022-06-30'),
(2694, 245, 1228, 2, 100, '2022-06-30'),
(2695, 246, 1229, 2, 100, '2022-06-30'),
(2696, 247, 1230, 2, 100, '2022-06-30');
INSERT INTO `branch_inventory_tb` (`branch_inventory_id`, `product_id`, `warehouse_inventory_id`, `branch_id`, `quantity`, `date`) VALUES
(2697, 68, 1231, 2, 100, '2022-06-30'),
(2698, 321, 1232, 2, 100, '2022-06-30'),
(2699, 364, 1233, 2, 100, '2022-06-30'),
(2700, 274, 1234, 2, 100, '2022-06-30'),
(2701, 275, 1235, 2, 100, '2022-06-30'),
(2702, 281, 1236, 2, 100, '2022-06-30'),
(2703, 268, 1237, 2, 100, '2022-06-30'),
(2704, 366, 1238, 2, 100, '2022-06-30'),
(2705, 318, 1239, 2, 100, '2022-06-30'),
(2706, 318, 1240, 2, 100, '2022-06-30'),
(2707, 318, 1241, 2, 100, '2022-06-30'),
(2708, 318, 1242, 2, 100, '2022-06-30'),
(2709, 318, 1243, 2, 100, '2022-06-30'),
(2710, 318, 1244, 2, 100, '2022-06-30'),
(2711, 318, 1245, 2, 100, '2022-06-30'),
(2712, 360, 1246, 2, 100, '2022-06-30'),
(2713, 362, 1247, 2, 100, '2022-06-30'),
(2714, 361, 1248, 2, 100, '2022-06-30'),
(2715, 384, 1249, 2, 100, '2022-06-30'),
(2716, 385, 1250, 2, 100, '2022-06-30'),
(2717, 358, 1251, 2, 100, '2022-06-30'),
(2718, 359, 1252, 2, 100, '2022-06-30'),
(2719, 334, 1253, 2, 100, '2022-06-30'),
(2720, 328, 1254, 2, 100, '2022-06-30'),
(2721, 327, 1255, 2, 100, '2022-06-30'),
(2722, 333, 1256, 2, 100, '2022-06-30'),
(2723, 333, 1257, 2, 100, '2022-06-30'),
(2724, 347, 1258, 2, 100, '2022-06-30'),
(2725, 347, 1259, 2, 100, '2022-06-30'),
(2726, 342, 1260, 2, 100, '2022-06-30'),
(2727, 345, 1261, 2, 100, '2022-06-30'),
(2728, 340, 1262, 2, 100, '2022-06-30'),
(2729, 348, 1263, 2, 100, '2022-06-30'),
(2730, 332, 1264, 2, 100, '2022-06-30'),
(2731, 386, 1265, 2, 100, '2022-06-30'),
(2732, 339, 1266, 2, 100, '2022-06-30'),
(2733, 387, 1267, 2, 100, '2022-06-30'),
(2734, 374, 1268, 2, 100, '2022-06-30'),
(2735, 388, 1269, 2, 100, '2022-06-30'),
(2736, 388, 1270, 2, 100, '2022-06-30'),
(2737, 389, 1271, 2, 100, '2022-06-30'),
(2738, 389, 1272, 2, 100, '2022-06-30'),
(2739, 385, 1273, 2, 100, '2022-06-30'),
(2740, 391, 1274, 2, 100, '2022-06-30'),
(2741, 391, 1275, 2, 100, '2022-06-30'),
(2742, 391, 1276, 2, 100, '2022-06-30'),
(2743, 391, 1277, 2, 100, '2022-06-30'),
(2744, 391, 1278, 2, 100, '2022-06-30'),
(2745, 391, 1279, 2, 100, '2022-06-30'),
(2746, 257, 1280, 2, 100, '2022-06-30'),
(2747, 345, 1281, 2, 100, '2022-06-30'),
(2748, 345, 1282, 2, 100, '2022-06-30'),
(2749, 345, 1283, 2, 100, '2022-06-30'),
(2750, 345, 1284, 2, 100, '2022-06-30'),
(2751, 345, 1285, 2, 100, '2022-06-30'),
(2752, 345, 1286, 2, 100, '2022-06-30'),
(2753, 393, 1287, 2, 100, '2022-06-30'),
(2754, 393, 1288, 2, 100, '2022-06-30'),
(2755, 393, 1289, 2, 100, '2022-06-30'),
(2756, 393, 1290, 2, 100, '2022-06-30'),
(2757, 393, 1291, 2, 100, '2022-06-30'),
(2758, 333, 1292, 2, 100, '2022-06-30'),
(2759, 333, 1293, 2, 100, '2022-06-30'),
(2760, 350, 1294, 2, 100, '2022-06-30'),
(2761, 353, 1295, 2, 100, '2022-06-30'),
(2762, 339, 1296, 2, 100, '2022-06-30'),
(2763, 394, 1297, 2, 100, '2022-06-30'),
(2764, 395, 1298, 2, 100, '2022-06-30'),
(2765, 398, 1299, 2, 100, '2022-06-30'),
(2766, 397, 1300, 2, 100, '2022-06-30'),
(2767, 396, 1301, 2, 100, '2022-06-30'),
(2768, 33, 1302, 2, 100, '2022-06-30'),
(2769, 33, 1303, 2, 100, '2022-06-30'),
(2770, 33, 1304, 2, 100, '2022-06-30'),
(2771, 399, 1305, 2, 100, '2022-06-30'),
(2772, 399, 1306, 2, 100, '2022-06-30'),
(2773, 399, 1307, 2, 100, '2022-06-30'),
(2774, 399, 1308, 2, 100, '2022-06-30'),
(2775, 399, 1309, 2, 100, '2022-06-30'),
(2776, 399, 1310, 2, 100, '2022-06-30'),
(2777, 399, 1311, 2, 100, '2022-06-30'),
(2778, 400, 1312, 2, 100, '2022-06-30'),
(2779, 340, 1313, 2, 100, '2022-06-30'),
(2780, 360, 1314, 2, 100, '2022-06-30'),
(2781, 401, 1315, 2, 100, '2022-06-30'),
(2782, 402, 1316, 2, 100, '2022-06-30'),
(2783, 355, 1317, 2, 100, '2022-06-30'),
(2784, 360, 1318, 2, 100, '2022-06-30'),
(2785, 332, 1319, 2, 100, '2022-06-30'),
(2786, 332, 1320, 2, 100, '2022-06-30'),
(2787, 403, 1321, 2, 100, '2022-06-30'),
(2788, 404, 1322, 2, 100, '2022-06-30'),
(2789, 361, 1323, 2, 100, '2022-06-30'),
(2790, 401, 1324, 2, 100, '2022-06-30'),
(2791, 346, 1325, 2, 100, '2022-06-30'),
(2792, 329, 1326, 2, 100, '2022-06-30'),
(2793, 360, 1327, 2, 100, '2022-06-30'),
(2794, 402, 1328, 2, 100, '2022-06-30'),
(2795, 362, 1329, 2, 100, '2022-06-30'),
(2796, 1, 1330, 2, 100, '2022-06-30'),
(2797, 394, 1331, 2, 100, '2022-06-30'),
(2798, 34, 1332, 2, 100, '2022-06-30'),
(2799, 334, 1333, 2, 100, '2022-06-30'),
(2800, 395, 1334, 2, 100, '2022-06-30'),
(2801, 349, 1335, 2, 100, '2022-06-30'),
(2802, 339, 1336, 2, 100, '2022-06-30'),
(2803, 339, 1337, 2, 100, '2022-06-30'),
(2804, 406, 1338, 2, 100, '2022-06-30'),
(2805, 401, 1339, 2, 100, '2022-06-30'),
(2806, 372, 1340, 2, 100, '2022-06-30'),
(2807, 401, 1341, 2, 100, '2022-06-30'),
(2808, 408, 1342, 2, 100, '2022-06-30'),
(2809, 408, 1343, 2, 100, '2022-06-30'),
(2810, 408, 1344, 2, 100, '2022-06-30'),
(2811, 407, 1345, 2, 100, '2022-06-30'),
(2812, 224, 1346, 2, 100, '2022-06-30'),
(2813, 224, 1347, 2, 100, '2022-06-30'),
(2814, 224, 1348, 2, 100, '2022-06-30'),
(2815, 224, 1349, 2, 100, '2022-06-30'),
(2816, 43, 1350, 2, 100, '2022-06-30'),
(2817, 384, 1351, 2, 100, '2022-06-30'),
(2818, 395, 1352, 2, 100, '2022-06-30'),
(2819, 349, 1353, 2, 100, '2022-06-30'),
(2820, 350, 1354, 2, 100, '2022-06-30'),
(2821, 354, 1355, 2, 100, '2022-06-30'),
(2822, 2, 1356, 2, 100, '2022-06-30'),
(2823, 411, 1357, 2, 100, '2022-06-30'),
(2824, 357, 1358, 2, 100, '2022-06-30'),
(2825, 347, 1359, 2, 100, '2022-06-30'),
(2826, 132, 1360, 2, 100, '2022-06-30'),
(2827, 132, 1361, 2, 100, '2022-06-30'),
(2828, 132, 1362, 2, 100, '2022-06-30'),
(2829, 132, 1363, 2, 100, '2022-06-30'),
(2830, 132, 1364, 2, 100, '2022-06-30'),
(2831, 132, 1365, 2, 100, '2022-06-30'),
(2832, 132, 1366, 2, 100, '2022-06-30'),
(2833, 54, 1367, 2, 100, '2022-06-30'),
(2834, 55, 1368, 2, 100, '2022-06-30'),
(2835, 30, 1369, 2, 100, '2022-06-30'),
(2836, 7, 1370, 2, 100, '2022-06-30'),
(2837, 7, 1371, 2, 100, '2022-06-30'),
(2838, 7, 1372, 2, 100, '2022-06-30'),
(2839, 7, 1373, 2, 100, '2022-06-30'),
(2840, 7, 1374, 2, 100, '2022-06-30'),
(2841, 7, 1375, 2, 100, '2022-06-30'),
(2842, 14, 1376, 2, 100, '2022-06-30'),
(2843, 386, 1377, 2, 100, '2022-06-30'),
(2844, 412, 1378, 2, 100, '2022-06-30'),
(2845, 1, 1379, 2, 100, '2022-06-30'),
(2846, 55, 1380, 2, 100, '2022-06-30'),
(2847, 93, 1381, 2, 100, '2022-06-30'),
(2848, 413, 1382, 2, 100, '2022-06-30'),
(2849, 415, 1383, 2, 100, '2022-06-30'),
(2850, 415, 1384, 2, 100, '2022-06-30'),
(2851, 415, 1385, 2, 100, '2022-06-30'),
(2852, 415, 1386, 2, 100, '2022-06-30'),
(2853, 415, 1387, 2, 100, '2022-06-30'),
(2854, 414, 1388, 2, 100, '2022-06-30'),
(2855, 414, 1389, 2, 100, '2022-06-30'),
(2856, 414, 1390, 2, 100, '2022-06-30'),
(2857, 414, 1391, 2, 100, '2022-06-30'),
(2858, 414, 1392, 2, 100, '2022-06-30'),
(2859, 414, 1393, 2, 100, '2022-06-30'),
(2860, 414, 1394, 2, 100, '2022-06-30'),
(2861, 416, 1395, 2, 100, '2022-06-30'),
(2862, 416, 1396, 2, 100, '2022-06-30'),
(2863, 416, 1397, 2, 100, '2022-06-30'),
(2864, 416, 1398, 2, 100, '2022-06-30'),
(2865, 416, 1399, 2, 100, '2022-06-30'),
(2866, 416, 1400, 2, 100, '2022-06-30'),
(2867, 416, 1401, 2, 100, '2022-06-30'),
(2868, 417, 1402, 2, 100, '2022-06-30'),
(2869, 417, 1403, 2, 100, '2022-06-30'),
(2870, 417, 1404, 2, 100, '2022-06-30'),
(2871, 417, 1405, 2, 100, '2022-06-30'),
(2872, 417, 1406, 2, 100, '2022-06-30'),
(2873, 417, 1407, 2, 100, '2022-06-30'),
(2874, 418, 1408, 2, 100, '2022-06-30'),
(2875, 418, 1409, 2, 100, '2022-06-30'),
(2876, 418, 1410, 2, 100, '2022-06-30'),
(2877, 418, 1411, 2, 100, '2022-06-30'),
(2878, 418, 1412, 2, 100, '2022-06-30'),
(2879, 418, 1413, 2, 100, '2022-06-30'),
(2880, 418, 1414, 2, 100, '2022-06-30'),
(2881, 418, 1415, 2, 100, '2022-06-30'),
(2882, 418, 1416, 2, 100, '2022-06-30'),
(2883, 45, 1417, 2, 100, '2022-06-30'),
(2884, 45, 1418, 2, 100, '2022-06-30'),
(2885, 45, 1419, 2, 100, '2022-06-30'),
(2886, 45, 1420, 2, 100, '2022-06-30'),
(2887, 45, 1421, 2, 100, '2022-06-30'),
(2888, 45, 1422, 2, 100, '2022-06-30'),
(2889, 45, 1423, 2, 100, '2022-06-30'),
(2890, 45, 1424, 2, 100, '2022-06-30'),
(2891, 45, 1425, 2, 100, '2022-06-30'),
(2892, 254, 1426, 2, 100, '2022-06-30'),
(2893, 254, 1427, 2, 100, '2022-06-30'),
(2894, 419, 1428, 2, 100, '2022-06-30'),
(2895, 419, 1429, 2, 100, '2022-06-30'),
(2896, 419, 1430, 2, 100, '2022-06-30'),
(2897, 419, 1431, 2, 100, '2022-06-30'),
(2898, 419, 1432, 2, 100, '2022-06-30'),
(2899, 420, 1433, 2, 100, '2022-06-30'),
(2900, 420, 1434, 2, 100, '2022-06-30'),
(2901, 420, 1435, 2, 100, '2022-06-30'),
(2902, 420, 1436, 2, 100, '2022-06-30'),
(2903, 420, 1437, 2, 100, '2022-06-30'),
(2904, 420, 1438, 2, 100, '2022-06-30'),
(2905, 420, 1439, 2, 100, '2022-06-30'),
(2906, 421, 1440, 2, 100, '2022-06-30'),
(2907, 7, 1441, 2, 100, '2022-06-30'),
(2908, 7, 1442, 2, 100, '2022-06-30'),
(2909, 7, 1443, 2, 100, '2022-06-30'),
(2910, 12, 1444, 2, 100, '2022-06-30'),
(2911, 8, 1445, 2, 100, '2022-06-30'),
(2912, 8, 1446, 2, 100, '2022-06-30'),
(2913, 1, 1447, 2, 100, '2022-06-30'),
(2914, 1, 1448, 2, 100, '2022-06-30'),
(2915, 2, 1449, 3, 100, '2022-06-30'),
(2916, 24, 1450, 2, 100, '2022-06-30'),
(2917, 79, 1451, 2, 100, '2022-06-30'),
(2918, 79, 1452, 2, 100, '2022-06-30'),
(2919, 22, 1453, 2, 100, '2022-06-30'),
(2920, 22, 1454, 2, 100, '2022-06-30'),
(2921, 22, 1455, 2, 100, '2022-06-30'),
(2922, 22, 1456, 2, 100, '2022-06-30'),
(2923, 22, 1457, 2, 100, '2022-06-30'),
(2924, 22, 1458, 2, 100, '2022-06-30'),
(2925, 22, 1459, 2, 100, '2022-06-30'),
(2926, 72, 1460, 2, 100, '2022-06-30'),
(2927, 72, 1461, 2, 100, '2022-06-30'),
(2928, 7, 1462, 2, 100, '2022-06-30'),
(2929, 7, 1463, 2, 100, '2022-06-30'),
(2930, 7, 1464, 2, 100, '2022-06-30'),
(2931, 422, 1465, 2, 100, '2022-06-30'),
(2932, 39, 1466, 2, 100, '2022-06-30'),
(2933, 1, 1, 1, 100, '2022-06-30'),
(2934, 1, 2, 1, 100, '2022-06-30'),
(2935, 1, 3, 1, 100, '2022-06-30'),
(2936, 1, 4, 1, 100, '2022-06-30'),
(2937, 1, 5, 1, 100, '2022-06-30'),
(2938, 1, 6, 1, 100, '2022-06-30'),
(2939, 1, 7, 1, 100, '2022-06-30'),
(2940, 1, 8, 1, 100, '2022-06-30'),
(2941, 1, 9, 1, 100, '2022-06-30'),
(2942, 1, 10, 1, 100, '2022-06-30'),
(2943, 1, 11, 1, 100, '2022-06-30'),
(2944, 1, 12, 1, 100, '2022-06-30'),
(2945, 1, 13, 1, 100, '2022-06-30'),
(2946, 1, 14, 1, 100, '2022-06-30'),
(2947, 1, 15, 1, 100, '2022-06-30'),
(2948, 1, 16, 1, 100, '2022-06-30'),
(2949, 1, 17, 1, 100, '2022-06-30'),
(2950, 1, 18, 1, 100, '2022-06-30'),
(2951, 1, 19, 1, 100, '2022-06-30'),
(2952, 1, 20, 1, 100, '2022-06-30'),
(2953, 1, 21, 1, 100, '2022-06-30'),
(2954, 1, 22, 1, 100, '2022-06-30'),
(2955, 1, 23, 1, 100, '2022-06-30'),
(2956, 1, 24, 1, 100, '2022-06-30'),
(2957, 1, 25, 1, 100, '2022-06-30'),
(2958, 1, 26, 1, 100, '2022-06-30'),
(2959, 1, 27, 1, 100, '2022-06-30'),
(2960, 1, 28, 1, 100, '2022-06-30'),
(2961, 1, 29, 1, 100, '2022-06-30'),
(2962, 1, 30, 1, 100, '2022-06-30'),
(2963, 1, 31, 1, 100, '2022-06-30'),
(2964, 1, 32, 1, 100, '2022-06-30'),
(2965, 1, 33, 1, 100, '2022-06-30'),
(2966, 1, 34, 1, 100, '2022-06-30'),
(2967, 1, 35, 1, 100, '2022-06-30'),
(2968, 1, 36, 1, 100, '2022-06-30'),
(2969, 1, 37, 1, 100, '2022-06-30'),
(2970, 2, 38, 1, 100, '2022-06-30'),
(2971, 2, 39, 1, 100, '2022-06-30'),
(2972, 2, 40, 1, 100, '2022-06-30'),
(2973, 2, 41, 1, 100, '2022-06-30'),
(2974, 2, 42, 1, 100, '2022-06-30'),
(2975, 2, 43, 1, 100, '2022-06-30'),
(2976, 2, 44, 1, 100, '2022-06-30'),
(2977, 2, 45, 1, 100, '2022-06-30'),
(2978, 2, 46, 1, 100, '2022-06-30'),
(2979, 2, 47, 1, 100, '2022-06-30'),
(2980, 2, 48, 1, 100, '2022-06-30'),
(2981, 2, 49, 1, 100, '2022-06-30'),
(2982, 2, 50, 1, 100, '2022-06-30'),
(2983, 2, 51, 1, 100, '2022-06-30'),
(2984, 2, 52, 1, 100, '2022-06-30'),
(2985, 2, 53, 1, 100, '2022-06-30'),
(2986, 1, 54, 3, 100, '2022-06-30'),
(2987, 1, 55, 3, 100, '2022-06-30'),
(2988, 1, 56, 3, 100, '2022-06-30'),
(2989, 1, 57, 3, 100, '2022-06-30'),
(2990, 1, 58, 3, 100, '2022-06-30'),
(2991, 1, 59, 3, 100, '2022-06-30'),
(2992, 1, 60, 3, 100, '2022-06-30'),
(2993, 1, 61, 3, 100, '2022-06-30'),
(2994, 1, 62, 3, 100, '2022-06-30'),
(2995, 1, 63, 3, 100, '2022-06-30'),
(2996, 1, 64, 3, 100, '2022-06-30'),
(2997, 1, 65, 3, 100, '2022-06-30'),
(2998, 1, 66, 3, 100, '2022-06-30'),
(2999, 4, 67, 1, 100, '2022-06-30'),
(3000, 4, 68, 1, 100, '2022-06-30'),
(3001, 4, 69, 1, 100, '2022-06-30'),
(3002, 4, 70, 1, 100, '2022-06-30'),
(3003, 4, 71, 1, 100, '2022-06-30'),
(3004, 4, 72, 1, 100, '2022-06-30'),
(3005, 4, 73, 1, 100, '2022-06-30'),
(3006, 4, 74, 1, 100, '2022-06-30'),
(3007, 17, 75, 1, 100, '2022-06-30'),
(3008, 17, 76, 1, 100, '2022-06-30'),
(3009, 17, 77, 1, 100, '2022-06-30'),
(3010, 17, 78, 1, 100, '2022-06-30'),
(3011, 17, 79, 1, 100, '2022-06-30'),
(3012, 17, 80, 1, 100, '2022-06-30'),
(3013, 17, 81, 1, 100, '2022-06-30'),
(3014, 17, 82, 1, 100, '2022-06-30'),
(3015, 17, 83, 1, 100, '2022-06-30'),
(3016, 17, 84, 1, 100, '2022-06-30'),
(3017, 17, 85, 1, 100, '2022-06-30'),
(3018, 5, 86, 1, 100, '2022-06-30'),
(3019, 5, 87, 1, 100, '2022-06-30'),
(3020, 5, 88, 1, 100, '2022-06-30'),
(3021, 5, 89, 1, 100, '2022-06-30'),
(3022, 5, 90, 1, 100, '2022-06-30'),
(3023, 5, 91, 1, 100, '2022-06-30'),
(3024, 5, 92, 1, 100, '2022-06-30'),
(3025, 5, 93, 1, 100, '2022-06-30'),
(3026, 5, 94, 1, 100, '2022-06-30'),
(3027, 5, 95, 1, 100, '2022-06-30'),
(3028, 5, 96, 1, 100, '2022-06-30'),
(3029, 5, 97, 1, 100, '2022-06-30'),
(3030, 5, 98, 1, 100, '2022-06-30'),
(3031, 5, 99, 1, 100, '2022-06-30'),
(3032, 5, 100, 1, 100, '2022-06-30'),
(3033, 5, 101, 1, 100, '2022-06-30'),
(3034, 5, 102, 1, 100, '2022-06-30'),
(3035, 5, 103, 1, 100, '2022-06-30'),
(3036, 5, 104, 1, 100, '2022-06-30'),
(3037, 5, 105, 1, 100, '2022-06-30'),
(3038, 5, 106, 1, 100, '2022-06-30'),
(3039, 5, 107, 1, 100, '2022-06-30'),
(3040, 5, 108, 1, 100, '2022-06-30'),
(3041, 5, 109, 1, 100, '2022-06-30'),
(3042, 5, 110, 1, 100, '2022-06-30'),
(3043, 5, 111, 1, 100, '2022-06-30'),
(3044, 5, 112, 1, 100, '2022-06-30'),
(3045, 5, 113, 1, 100, '2022-06-30'),
(3046, 5, 114, 1, 100, '2022-06-30'),
(3047, 5, 115, 1, 100, '2022-06-30'),
(3048, 5, 116, 1, 100, '2022-06-30'),
(3049, 5, 117, 1, 100, '2022-06-30'),
(3050, 5, 118, 1, 100, '2022-06-30'),
(3051, 5, 119, 1, 100, '2022-06-30'),
(3052, 5, 120, 1, 100, '2022-06-30'),
(3053, 5, 121, 1, 100, '2022-06-30'),
(3054, 5, 122, 1, 100, '2022-06-30'),
(3055, 5, 123, 1, 100, '2022-06-30'),
(3056, 5, 124, 1, 100, '2022-06-30'),
(3057, 5, 125, 1, 100, '2022-06-30'),
(3058, 5, 126, 1, 100, '2022-06-30'),
(3059, 5, 127, 1, 100, '2022-06-30'),
(3060, 6, 128, 1, 100, '2022-06-30'),
(3061, 6, 129, 1, 100, '2022-06-30'),
(3062, 6, 130, 1, 100, '2022-06-30'),
(3063, 6, 131, 1, 100, '2022-06-30'),
(3064, 6, 132, 1, 100, '2022-06-30'),
(3065, 6, 133, 1, 100, '2022-06-30'),
(3066, 6, 134, 1, 100, '2022-06-30'),
(3067, 6, 135, 1, 100, '2022-06-30'),
(3068, 6, 136, 1, 100, '2022-06-30'),
(3069, 6, 137, 1, 100, '2022-06-30'),
(3070, 6, 138, 1, 100, '2022-06-30'),
(3071, 6, 139, 1, 100, '2022-06-30'),
(3072, 7, 140, 1, 100, '2022-06-30'),
(3073, 7, 141, 1, 100, '2022-06-30'),
(3074, 7, 142, 1, 100, '2022-06-30'),
(3075, 7, 143, 1, 100, '2022-06-30'),
(3076, 7, 144, 1, 100, '2022-06-30'),
(3077, 7, 145, 1, 100, '2022-06-30'),
(3078, 7, 146, 1, 100, '2022-06-30'),
(3079, 7, 147, 1, 100, '2022-06-30'),
(3080, 7, 148, 1, 100, '2022-06-30'),
(3081, 7, 149, 1, 100, '2022-06-30'),
(3082, 7, 150, 1, 100, '2022-06-30'),
(3083, 7, 151, 1, 100, '2022-06-30'),
(3084, 7, 152, 1, 100, '2022-06-30'),
(3085, 7, 153, 1, 100, '2022-06-30'),
(3086, 7, 154, 1, 100, '2022-06-30'),
(3087, 40, 155, 1, 100, '2022-06-30'),
(3088, 40, 156, 1, 100, '2022-06-30'),
(3089, 40, 157, 1, 100, '2022-06-30'),
(3090, 8, 158, 1, 100, '2022-06-30'),
(3091, 8, 159, 1, 100, '2022-06-30'),
(3092, 8, 160, 1, 100, '2022-06-30'),
(3093, 8, 161, 1, 100, '2022-06-30'),
(3094, 8, 162, 1, 100, '2022-06-30'),
(3095, 8, 163, 1, 100, '2022-06-30'),
(3096, 8, 164, 1, 100, '2022-06-30'),
(3097, 8, 165, 1, 100, '2022-06-30'),
(3098, 8, 166, 1, 100, '2022-06-30'),
(3099, 9, 167, 1, 100, '2022-06-30'),
(3100, 9, 168, 1, 100, '2022-06-30'),
(3101, 9, 169, 1, 100, '2022-06-30'),
(3102, 9, 170, 1, 100, '2022-06-30'),
(3103, 9, 171, 1, 100, '2022-06-30'),
(3104, 9, 172, 1, 100, '2022-06-30'),
(3105, 9, 173, 1, 100, '2022-06-30'),
(3106, 9, 174, 1, 100, '2022-06-30'),
(3107, 9, 175, 1, 100, '2022-06-30'),
(3108, 9, 176, 1, 100, '2022-06-30'),
(3109, 9, 177, 1, 100, '2022-06-30'),
(3110, 9, 178, 1, 100, '2022-06-30'),
(3111, 9, 179, 1, 100, '2022-06-30'),
(3112, 9, 180, 1, 100, '2022-06-30'),
(3113, 9, 181, 1, 100, '2022-06-30'),
(3114, 9, 182, 1, 100, '2022-06-30'),
(3115, 9, 183, 1, 100, '2022-06-30'),
(3116, 9, 184, 1, 100, '2022-06-30'),
(3117, 9, 185, 1, 100, '2022-06-30'),
(3118, 9, 186, 1, 100, '2022-06-30'),
(3119, 9, 187, 1, 100, '2022-06-30'),
(3120, 9, 188, 1, 100, '2022-06-30'),
(3121, 9, 189, 1, 100, '2022-06-30'),
(3122, 9, 190, 1, 100, '2022-06-30'),
(3123, 9, 191, 1, 100, '2022-06-30'),
(3124, 9, 192, 1, 100, '2022-06-30'),
(3125, 9, 193, 1, 100, '2022-06-30'),
(3126, 9, 194, 1, 100, '2022-06-30'),
(3127, 9, 195, 1, 100, '2022-06-30'),
(3128, 9, 196, 1, 100, '2022-06-30'),
(3129, 9, 197, 1, 100, '2022-06-30'),
(3130, 9, 198, 1, 100, '2022-06-30'),
(3131, 9, 199, 1, 100, '2022-06-30'),
(3132, 9, 200, 1, 100, '2022-06-30'),
(3133, 9, 201, 1, 100, '2022-06-30'),
(3134, 9, 202, 1, 100, '2022-06-30'),
(3135, 9, 203, 1, 100, '2022-06-30'),
(3136, 9, 204, 1, 100, '2022-06-30'),
(3137, 9, 205, 1, 100, '2022-06-30'),
(3138, 9, 206, 1, 100, '2022-06-30'),
(3139, 12, 207, 1, 100, '2022-06-30'),
(3140, 12, 208, 1, 100, '2022-06-30'),
(3141, 12, 209, 1, 100, '2022-06-30'),
(3142, 12, 210, 1, 100, '2022-06-30'),
(3143, 10, 211, 1, 100, '2022-06-30'),
(3144, 10, 212, 1, 100, '2022-06-30'),
(3145, 10, 213, 1, 100, '2022-06-30'),
(3146, 10, 214, 1, 100, '2022-06-30'),
(3147, 10, 215, 1, 100, '2022-06-30'),
(3148, 10, 216, 1, 100, '2022-06-30'),
(3149, 10, 217, 1, 100, '2022-06-30'),
(3150, 10, 218, 1, 100, '2022-06-30'),
(3151, 10, 219, 1, 100, '2022-06-30'),
(3152, 10, 220, 1, 100, '2022-06-30'),
(3153, 10, 221, 1, 100, '2022-06-30'),
(3154, 10, 222, 1, 100, '2022-06-30'),
(3155, 10, 223, 1, 100, '2022-06-30'),
(3156, 10, 224, 1, 100, '2022-06-30'),
(3157, 10, 225, 1, 100, '2022-06-30'),
(3158, 10, 226, 1, 100, '2022-06-30'),
(3159, 10, 227, 1, 100, '2022-06-30'),
(3160, 10, 228, 1, 100, '2022-06-30'),
(3161, 10, 229, 1, 100, '2022-06-30'),
(3162, 10, 230, 1, 100, '2022-06-30'),
(3163, 10, 231, 1, 100, '2022-06-30'),
(3164, 10, 232, 1, 100, '2022-06-30'),
(3165, 10, 233, 1, 100, '2022-06-30'),
(3166, 10, 234, 1, 100, '2022-06-30'),
(3167, 10, 235, 1, 100, '2022-06-30'),
(3168, 10, 236, 1, 100, '2022-06-30'),
(3169, 10, 237, 1, 100, '2022-06-30'),
(3170, 10, 238, 1, 100, '2022-06-30'),
(3171, 10, 239, 1, 100, '2022-06-30'),
(3172, 10, 240, 1, 100, '2022-06-30'),
(3173, 10, 241, 1, 100, '2022-06-30'),
(3174, 10, 242, 1, 100, '2022-06-30'),
(3175, 10, 243, 1, 100, '2022-06-30'),
(3176, 14, 244, 1, 100, '2022-06-30'),
(3177, 14, 245, 1, 100, '2022-06-30'),
(3178, 14, 246, 1, 100, '2022-06-30'),
(3179, 14, 247, 1, 100, '2022-06-30'),
(3180, 14, 248, 1, 100, '2022-06-30'),
(3181, 14, 249, 1, 100, '2022-06-30'),
(3182, 14, 250, 1, 100, '2022-06-30'),
(3183, 14, 251, 1, 100, '2022-06-30'),
(3184, 14, 252, 1, 100, '2022-06-30'),
(3185, 14, 253, 1, 100, '2022-06-30'),
(3186, 14, 254, 1, 100, '2022-06-30'),
(3187, 14, 255, 1, 100, '2022-06-30'),
(3188, 14, 256, 1, 100, '2022-06-30'),
(3189, 14, 257, 1, 100, '2022-06-30'),
(3190, 15, 258, 1, 100, '2022-06-30'),
(3191, 15, 259, 1, 100, '2022-06-30'),
(3192, 15, 260, 1, 100, '2022-06-30'),
(3193, 15, 261, 1, 100, '2022-06-30'),
(3194, 15, 262, 1, 100, '2022-06-30'),
(3195, 15, 263, 1, 100, '2022-06-30'),
(3196, 15, 264, 1, 100, '2022-06-30'),
(3197, 15, 265, 1, 100, '2022-06-30'),
(3198, 15, 266, 1, 100, '2022-06-30'),
(3199, 15, 267, 1, 100, '2022-06-30'),
(3200, 15, 268, 1, 100, '2022-06-30'),
(3201, 15, 269, 1, 100, '2022-06-30'),
(3202, 15, 270, 1, 100, '2022-06-30'),
(3203, 15, 271, 1, 100, '2022-06-30'),
(3204, 15, 272, 1, 100, '2022-06-30'),
(3205, 15, 273, 1, 100, '2022-06-30'),
(3206, 15, 274, 1, 100, '2022-06-30'),
(3207, 15, 275, 1, 100, '2022-06-30'),
(3208, 15, 276, 1, 100, '2022-06-30'),
(3209, 15, 277, 1, 100, '2022-06-30'),
(3210, 15, 278, 1, 100, '2022-06-30'),
(3211, 15, 279, 1, 100, '2022-06-30'),
(3212, 15, 280, 1, 100, '2022-06-30'),
(3213, 15, 281, 1, 100, '2022-06-30'),
(3214, 15, 282, 1, 100, '2022-06-30'),
(3215, 15, 283, 1, 100, '2022-06-30'),
(3216, 15, 284, 1, 100, '2022-06-30'),
(3217, 15, 285, 1, 100, '2022-06-30'),
(3218, 15, 286, 1, 100, '2022-06-30'),
(3219, 15, 287, 1, 100, '2022-06-30'),
(3220, 18, 288, 1, 100, '2022-06-30'),
(3221, 18, 289, 1, 100, '2022-06-30'),
(3222, 18, 290, 1, 100, '2022-06-30'),
(3223, 18, 291, 1, 100, '2022-06-30'),
(3224, 18, 292, 1, 100, '2022-06-30'),
(3225, 18, 293, 1, 100, '2022-06-30'),
(3226, 18, 294, 1, 100, '2022-06-30'),
(3227, 18, 295, 1, 100, '2022-06-30'),
(3228, 18, 296, 1, 100, '2022-06-30'),
(3229, 18, 297, 1, 100, '2022-06-30'),
(3230, 18, 298, 1, 100, '2022-06-30'),
(3231, 18, 299, 1, 100, '2022-06-30'),
(3232, 18, 300, 1, 100, '2022-06-30'),
(3233, 18, 301, 1, 100, '2022-06-30'),
(3234, 18, 302, 1, 100, '2022-06-30'),
(3235, 18, 303, 1, 100, '2022-06-30'),
(3236, 18, 304, 1, 100, '2022-06-30'),
(3237, 18, 305, 1, 100, '2022-06-30'),
(3238, 18, 306, 1, 100, '2022-06-30'),
(3239, 18, 307, 1, 100, '2022-06-30'),
(3240, 18, 308, 1, 100, '2022-06-30'),
(3241, 19, 309, 1, 100, '2022-06-30'),
(3242, 19, 310, 1, 100, '2022-06-30'),
(3243, 19, 311, 1, 100, '2022-06-30'),
(3244, 19, 312, 1, 100, '2022-06-30'),
(3245, 19, 313, 1, 100, '2022-06-30'),
(3246, 19, 314, 1, 100, '2022-06-30'),
(3247, 20, 315, 1, 100, '2022-06-30'),
(3248, 20, 316, 1, 100, '2022-06-30'),
(3249, 20, 317, 1, 100, '2022-06-30'),
(3250, 20, 318, 1, 100, '2022-06-30'),
(3251, 20, 319, 1, 100, '2022-06-30'),
(3252, 20, 320, 1, 100, '2022-06-30'),
(3253, 20, 321, 1, 100, '2022-06-30'),
(3254, 20, 322, 1, 100, '2022-06-30'),
(3255, 22, 323, 1, 100, '2022-06-30'),
(3256, 22, 324, 1, 100, '2022-06-30'),
(3257, 23, 325, 1, 100, '2022-06-30'),
(3258, 23, 326, 1, 100, '2022-06-30'),
(3259, 23, 327, 1, 100, '2022-06-30'),
(3260, 23, 328, 1, 100, '2022-06-30'),
(3261, 23, 329, 1, 100, '2022-06-30'),
(3262, 23, 330, 1, 100, '2022-06-30'),
(3263, 23, 331, 1, 100, '2022-06-30'),
(3264, 23, 332, 1, 100, '2022-06-30'),
(3265, 25, 333, 1, 100, '2022-06-30'),
(3266, 25, 334, 1, 100, '2022-06-30'),
(3267, 25, 335, 1, 100, '2022-06-30'),
(3268, 25, 336, 1, 100, '2022-06-30'),
(3269, 26, 337, 1, 100, '2022-06-30'),
(3270, 26, 338, 1, 100, '2022-06-30'),
(3271, 26, 339, 1, 100, '2022-06-30'),
(3272, 26, 340, 1, 100, '2022-06-30'),
(3273, 26, 341, 1, 100, '2022-06-30'),
(3274, 26, 342, 1, 100, '2022-06-30'),
(3275, 26, 343, 1, 100, '2022-06-30'),
(3276, 26, 344, 1, 100, '2022-06-30'),
(3277, 26, 345, 1, 100, '2022-06-30'),
(3278, 26, 346, 1, 100, '2022-06-30'),
(3279, 26, 347, 1, 100, '2022-06-30'),
(3280, 24, 348, 1, 100, '2022-06-30'),
(3281, 24, 349, 1, 100, '2022-06-30'),
(3282, 24, 350, 1, 100, '2022-06-30'),
(3283, 24, 351, 1, 100, '2022-06-30'),
(3284, 24, 352, 1, 100, '2022-06-30'),
(3285, 24, 353, 1, 100, '2022-06-30'),
(3286, 24, 354, 1, 100, '2022-06-30'),
(3287, 24, 355, 1, 100, '2022-06-30'),
(3288, 24, 356, 1, 100, '2022-06-30'),
(3289, 24, 357, 1, 100, '2022-06-30'),
(3290, 24, 358, 1, 100, '2022-06-30'),
(3291, 24, 359, 1, 100, '2022-06-30'),
(3292, 27, 360, 1, 100, '2022-06-30'),
(3293, 27, 361, 1, 100, '2022-06-30'),
(3294, 27, 362, 1, 100, '2022-06-30'),
(3295, 27, 363, 1, 100, '2022-06-30'),
(3296, 27, 364, 1, 100, '2022-06-30'),
(3297, 27, 365, 1, 100, '2022-06-30'),
(3298, 28, 366, 1, 100, '2022-06-30'),
(3299, 28, 367, 1, 100, '2022-06-30'),
(3300, 28, 368, 1, 100, '2022-06-30'),
(3301, 28, 369, 1, 100, '2022-06-30'),
(3302, 28, 370, 1, 100, '2022-06-30'),
(3303, 29, 371, 1, 100, '2022-06-30'),
(3304, 29, 372, 1, 100, '2022-06-30'),
(3305, 29, 373, 1, 100, '2022-06-30'),
(3306, 29, 374, 1, 100, '2022-06-30'),
(3307, 30, 375, 1, 100, '2022-06-30'),
(3308, 30, 376, 1, 100, '2022-06-30'),
(3309, 30, 377, 1, 100, '2022-06-30'),
(3310, 30, 378, 1, 100, '2022-06-30'),
(3311, 31, 379, 1, 100, '2022-06-30'),
(3312, 31, 380, 1, 100, '2022-06-30'),
(3313, 31, 381, 1, 100, '2022-06-30'),
(3314, 31, 382, 1, 100, '2022-06-30'),
(3315, 32, 383, 1, 100, '2022-06-30'),
(3316, 32, 384, 1, 100, '2022-06-30'),
(3317, 32, 385, 1, 100, '2022-06-30'),
(3318, 32, 386, 1, 100, '2022-06-30'),
(3319, 33, 387, 1, 100, '2022-06-30'),
(3320, 33, 388, 1, 100, '2022-06-30'),
(3321, 33, 389, 1, 100, '2022-06-30'),
(3322, 41, 390, 1, 100, '2022-06-30'),
(3323, 41, 391, 1, 100, '2022-06-30'),
(3324, 41, 392, 1, 100, '2022-06-30'),
(3325, 41, 393, 1, 100, '2022-06-30'),
(3326, 42, 394, 1, 100, '2022-06-30'),
(3327, 42, 395, 1, 100, '2022-06-30'),
(3328, 42, 396, 1, 100, '2022-06-30'),
(3329, 42, 397, 1, 100, '2022-06-30'),
(3330, 42, 398, 1, 100, '2022-06-30'),
(3331, 54, 399, 1, 100, '2022-06-30'),
(3332, 44, 400, 1, 100, '2022-06-30'),
(3333, 52, 401, 1, 100, '2022-06-30'),
(3334, 11, 402, 1, 100, '2022-06-30'),
(3335, 11, 403, 1, 100, '2022-06-30'),
(3336, 11, 404, 1, 100, '2022-06-30'),
(3337, 11, 405, 1, 100, '2022-06-30'),
(3338, 11, 406, 1, 100, '2022-06-30'),
(3339, 11, 407, 1, 100, '2022-06-30'),
(3340, 11, 408, 1, 100, '2022-06-30'),
(3341, 11, 409, 1, 100, '2022-06-30'),
(3342, 11, 410, 1, 100, '2022-06-30'),
(3343, 11, 411, 1, 100, '2022-06-30'),
(3344, 11, 412, 1, 100, '2022-06-30'),
(3345, 11, 413, 1, 100, '2022-06-30'),
(3346, 11, 414, 1, 100, '2022-06-30'),
(3347, 11, 415, 1, 100, '2022-06-30'),
(3348, 11, 416, 1, 100, '2022-06-30'),
(3349, 11, 417, 1, 100, '2022-06-30'),
(3350, 11, 418, 1, 100, '2022-06-30'),
(3351, 11, 419, 1, 100, '2022-06-30'),
(3352, 72, 420, 1, 100, '2022-06-30'),
(3353, 72, 421, 1, 100, '2022-06-30'),
(3354, 72, 422, 1, 100, '2022-06-30'),
(3355, 72, 423, 1, 100, '2022-06-30'),
(3356, 72, 424, 1, 100, '2022-06-30'),
(3357, 72, 425, 1, 100, '2022-06-30'),
(3358, 72, 426, 1, 100, '2022-06-30'),
(3359, 72, 427, 1, 100, '2022-06-30'),
(3360, 72, 428, 1, 100, '2022-06-30'),
(3361, 72, 429, 1, 100, '2022-06-30'),
(3362, 72, 430, 1, 100, '2022-06-30'),
(3363, 72, 431, 1, 100, '2022-06-30'),
(3364, 72, 432, 1, 100, '2022-06-30'),
(3365, 72, 433, 1, 100, '2022-06-30'),
(3366, 39, 434, 1, 100, '2022-06-30'),
(3367, 39, 435, 1, 100, '2022-06-30'),
(3368, 39, 436, 1, 100, '2022-06-30'),
(3369, 39, 437, 1, 100, '2022-06-30'),
(3370, 39, 438, 1, 100, '2022-06-30'),
(3371, 73, 439, 1, 100, '2022-06-30'),
(3372, 73, 440, 1, 100, '2022-06-30'),
(3373, 74, 441, 1, 100, '2022-06-30'),
(3374, 74, 442, 1, 100, '2022-06-30'),
(3375, 75, 443, 1, 100, '2022-06-30'),
(3376, 75, 444, 1, 100, '2022-06-30'),
(3377, 75, 445, 1, 100, '2022-06-30'),
(3378, 75, 446, 1, 100, '2022-06-30'),
(3379, 75, 447, 1, 100, '2022-06-30'),
(3380, 75, 448, 1, 100, '2022-06-30'),
(3381, 76, 449, 1, 100, '2022-06-30'),
(3382, 77, 450, 1, 100, '2022-06-30'),
(3383, 78, 451, 1, 100, '2022-06-30'),
(3384, 79, 452, 1, 100, '2022-06-30'),
(3385, 79, 453, 1, 100, '2022-06-30'),
(3386, 79, 454, 1, 100, '2022-06-30'),
(3387, 79, 455, 1, 100, '2022-06-30'),
(3388, 79, 456, 1, 100, '2022-06-30'),
(3389, 79, 457, 1, 100, '2022-06-30'),
(3390, 79, 458, 1, 100, '2022-06-30'),
(3391, 79, 459, 1, 100, '2022-06-30'),
(3392, 79, 460, 1, 100, '2022-06-30'),
(3393, 79, 461, 1, 100, '2022-06-30'),
(3394, 79, 462, 1, 100, '2022-06-30'),
(3395, 79, 463, 1, 100, '2022-06-30'),
(3396, 79, 464, 1, 100, '2022-06-30'),
(3397, 79, 465, 1, 100, '2022-06-30'),
(3398, 79, 466, 1, 100, '2022-06-30'),
(3399, 79, 467, 1, 100, '2022-06-30'),
(3400, 79, 468, 1, 100, '2022-06-30'),
(3401, 79, 469, 1, 100, '2022-06-30'),
(3402, 79, 470, 1, 100, '2022-06-30'),
(3403, 79, 471, 1, 100, '2022-06-30'),
(3404, 80, 472, 1, 100, '2022-06-30'),
(3405, 81, 473, 1, 100, '2022-06-30'),
(3406, 82, 474, 1, 100, '2022-06-30'),
(3407, 82, 475, 1, 100, '2022-06-30'),
(3408, 82, 476, 1, 100, '2022-06-30'),
(3409, 21, 477, 1, 100, '2022-06-30'),
(3410, 21, 478, 1, 100, '2022-06-30'),
(3411, 21, 479, 1, 100, '2022-06-30'),
(3412, 21, 480, 1, 100, '2022-06-30'),
(3413, 34, 481, 1, 100, '2022-06-30'),
(3414, 34, 482, 1, 100, '2022-06-30'),
(3415, 34, 483, 1, 100, '2022-06-30'),
(3416, 83, 484, 1, 100, '2022-06-30'),
(3417, 83, 485, 1, 100, '2022-06-30'),
(3418, 36, 486, 1, 100, '2022-06-30'),
(3419, 37, 487, 1, 100, '2022-06-30'),
(3420, 38, 488, 1, 100, '2022-06-30'),
(3421, 277, 489, 1, 100, '2022-06-30'),
(3422, 69, 490, 1, 100, '2022-06-30'),
(3423, 70, 491, 1, 100, '2022-06-30'),
(3424, 71, 492, 1, 100, '2022-06-30'),
(3425, 84, 493, 1, 100, '2022-06-30'),
(3426, 85, 494, 1, 100, '2022-06-30'),
(3427, 86, 495, 1, 100, '2022-06-30'),
(3428, 87, 496, 1, 100, '2022-06-30'),
(3429, 88, 497, 1, 100, '2022-06-30'),
(3430, 90, 498, 1, 100, '2022-06-30'),
(3431, 91, 499, 1, 100, '2022-06-30'),
(3432, 92, 500, 1, 100, '2022-06-30'),
(3433, 54, 501, 1, 100, '2022-06-30'),
(3434, 43, 502, 1, 100, '2022-06-30'),
(3435, 43, 503, 1, 100, '2022-06-30'),
(3436, 43, 504, 1, 100, '2022-06-30'),
(3437, 43, 505, 1, 100, '2022-06-30'),
(3438, 43, 506, 1, 100, '2022-06-30'),
(3439, 43, 507, 1, 100, '2022-06-30'),
(3440, 43, 508, 1, 100, '2022-06-30'),
(3441, 43, 509, 1, 100, '2022-06-30'),
(3442, 43, 510, 1, 100, '2022-06-30'),
(3443, 43, 511, 1, 100, '2022-06-30'),
(3444, 43, 512, 1, 100, '2022-06-30'),
(3445, 43, 513, 1, 100, '2022-06-30'),
(3446, 43, 514, 1, 100, '2022-06-30'),
(3447, 43, 515, 1, 100, '2022-06-30'),
(3448, 43, 516, 1, 100, '2022-06-30'),
(3449, 43, 517, 1, 100, '2022-06-30'),
(3450, 43, 518, 1, 100, '2022-06-30'),
(3451, 43, 519, 1, 100, '2022-06-30'),
(3452, 43, 520, 1, 100, '2022-06-30'),
(3453, 43, 521, 1, 100, '2022-06-30'),
(3454, 43, 522, 1, 100, '2022-06-30'),
(3455, 43, 523, 1, 100, '2022-06-30'),
(3456, 43, 524, 1, 100, '2022-06-30'),
(3457, 43, 525, 1, 100, '2022-06-30'),
(3458, 43, 526, 1, 100, '2022-06-30'),
(3459, 43, 527, 1, 100, '2022-06-30'),
(3460, 43, 528, 1, 100, '2022-06-30'),
(3461, 43, 529, 1, 100, '2022-06-30'),
(3462, 43, 530, 1, 100, '2022-06-30'),
(3463, 43, 531, 1, 100, '2022-06-30'),
(3464, 43, 532, 1, 100, '2022-06-30'),
(3465, 43, 533, 1, 100, '2022-06-30'),
(3466, 43, 534, 1, 100, '2022-06-30'),
(3467, 43, 535, 1, 100, '2022-06-30'),
(3468, 43, 536, 1, 100, '2022-06-30'),
(3469, 43, 537, 1, 100, '2022-06-30'),
(3470, 43, 538, 1, 100, '2022-06-30'),
(3471, 43, 539, 1, 100, '2022-06-30'),
(3472, 43, 540, 1, 100, '2022-06-30'),
(3473, 43, 541, 1, 100, '2022-06-30'),
(3474, 43, 542, 1, 100, '2022-06-30'),
(3475, 43, 543, 1, 100, '2022-06-30'),
(3476, 43, 544, 1, 100, '2022-06-30'),
(3477, 43, 545, 1, 100, '2022-06-30'),
(3478, 43, 546, 1, 100, '2022-06-30'),
(3479, 43, 547, 1, 100, '2022-06-30'),
(3480, 43, 548, 1, 100, '2022-06-30'),
(3481, 43, 549, 1, 100, '2022-06-30'),
(3482, 43, 550, 1, 100, '2022-06-30'),
(3483, 43, 551, 1, 100, '2022-06-30'),
(3484, 43, 552, 1, 100, '2022-06-30'),
(3485, 43, 553, 1, 100, '2022-06-30'),
(3486, 43, 554, 1, 100, '2022-06-30'),
(3487, 43, 555, 1, 100, '2022-06-30'),
(3488, 43, 556, 1, 100, '2022-06-30'),
(3489, 43, 557, 1, 100, '2022-06-30'),
(3490, 43, 558, 1, 100, '2022-06-30'),
(3491, 43, 559, 1, 100, '2022-06-30'),
(3492, 44, 560, 1, 100, '2022-06-30'),
(3493, 44, 561, 1, 100, '2022-06-30'),
(3494, 44, 562, 1, 100, '2022-06-30'),
(3495, 44, 563, 1, 100, '2022-06-30'),
(3496, 44, 564, 1, 100, '2022-06-30'),
(3497, 44, 565, 1, 100, '2022-06-30'),
(3498, 44, 566, 1, 100, '2022-06-30'),
(3499, 44, 567, 1, 100, '2022-06-30'),
(3500, 44, 568, 1, 100, '2022-06-30'),
(3501, 44, 569, 1, 100, '2022-06-30'),
(3502, 44, 570, 1, 100, '2022-06-30'),
(3503, 44, 571, 1, 100, '2022-06-30'),
(3504, 44, 572, 1, 100, '2022-06-30'),
(3505, 44, 573, 1, 100, '2022-06-30'),
(3506, 44, 574, 1, 100, '2022-06-30'),
(3507, 44, 575, 1, 100, '2022-06-30'),
(3508, 44, 576, 1, 100, '2022-06-30'),
(3509, 44, 577, 1, 100, '2022-06-30'),
(3510, 44, 578, 1, 100, '2022-06-30'),
(3511, 44, 579, 1, 100, '2022-06-30'),
(3512, 44, 580, 1, 100, '2022-06-30'),
(3513, 44, 581, 1, 100, '2022-06-30'),
(3514, 44, 582, 1, 100, '2022-06-30'),
(3515, 44, 583, 1, 100, '2022-06-30'),
(3516, 44, 584, 1, 100, '2022-06-30'),
(3517, 44, 585, 1, 100, '2022-06-30'),
(3518, 44, 586, 1, 100, '2022-06-30'),
(3519, 44, 587, 1, 100, '2022-06-30'),
(3520, 44, 588, 1, 100, '2022-06-30'),
(3521, 44, 589, 1, 100, '2022-06-30'),
(3522, 44, 590, 1, 100, '2022-06-30'),
(3523, 44, 591, 1, 100, '2022-06-30'),
(3524, 44, 592, 1, 100, '2022-06-30'),
(3525, 44, 593, 1, 100, '2022-06-30'),
(3526, 44, 594, 1, 100, '2022-06-30'),
(3527, 44, 595, 1, 100, '2022-06-30'),
(3528, 44, 596, 1, 100, '2022-06-30'),
(3529, 44, 597, 1, 100, '2022-06-30'),
(3530, 44, 598, 1, 100, '2022-06-30'),
(3531, 44, 599, 1, 100, '2022-06-30'),
(3532, 44, 600, 1, 100, '2022-06-30'),
(3533, 44, 601, 1, 100, '2022-06-30'),
(3534, 44, 602, 1, 100, '2022-06-30'),
(3535, 44, 603, 1, 100, '2022-06-30'),
(3536, 45, 604, 1, 100, '2022-06-30'),
(3537, 45, 605, 1, 100, '2022-06-30'),
(3538, 45, 606, 1, 100, '2022-06-30'),
(3539, 45, 607, 1, 100, '2022-06-30'),
(3540, 45, 608, 1, 100, '2022-06-30'),
(3541, 45, 609, 1, 100, '2022-06-30'),
(3542, 45, 610, 1, 100, '2022-06-30'),
(3543, 45, 611, 1, 100, '2022-06-30'),
(3544, 45, 612, 1, 100, '2022-06-30'),
(3545, 45, 613, 1, 100, '2022-06-30'),
(3546, 45, 614, 1, 100, '2022-06-30'),
(3547, 45, 615, 1, 100, '2022-06-30'),
(3548, 45, 616, 1, 100, '2022-06-30'),
(3549, 45, 617, 1, 100, '2022-06-30'),
(3550, 46, 618, 1, 100, '2022-06-30'),
(3551, 46, 619, 1, 100, '2022-06-30'),
(3552, 46, 620, 1, 100, '2022-06-30'),
(3553, 46, 621, 1, 100, '2022-06-30'),
(3554, 46, 622, 1, 100, '2022-06-30'),
(3555, 46, 623, 1, 100, '2022-06-30'),
(3556, 46, 624, 1, 100, '2022-06-30'),
(3557, 46, 625, 1, 100, '2022-06-30'),
(3558, 46, 626, 1, 100, '2022-06-30'),
(3559, 46, 627, 1, 100, '2022-06-30'),
(3560, 46, 628, 1, 100, '2022-06-30'),
(3561, 46, 629, 1, 100, '2022-06-30'),
(3562, 46, 630, 1, 100, '2022-06-30'),
(3563, 46, 631, 1, 100, '2022-06-30'),
(3564, 46, 632, 1, 100, '2022-06-30'),
(3565, 46, 633, 1, 100, '2022-06-30'),
(3566, 46, 634, 1, 100, '2022-06-30'),
(3567, 46, 635, 1, 100, '2022-06-30'),
(3568, 46, 636, 1, 100, '2022-06-30'),
(3569, 46, 637, 1, 100, '2022-06-30'),
(3570, 46, 638, 1, 100, '2022-06-30'),
(3571, 46, 639, 1, 100, '2022-06-30'),
(3572, 46, 640, 1, 100, '2022-06-30'),
(3573, 46, 641, 1, 100, '2022-06-30'),
(3574, 46, 642, 1, 100, '2022-06-30'),
(3575, 46, 643, 1, 100, '2022-06-30'),
(3576, 46, 644, 1, 100, '2022-06-30'),
(3577, 46, 645, 1, 100, '2022-06-30'),
(3578, 46, 646, 1, 100, '2022-06-30'),
(3579, 46, 647, 1, 100, '2022-06-30'),
(3580, 46, 648, 1, 100, '2022-06-30'),
(3581, 46, 649, 1, 100, '2022-06-30'),
(3582, 46, 650, 1, 100, '2022-06-30'),
(3583, 46, 651, 1, 100, '2022-06-30'),
(3584, 46, 652, 1, 100, '2022-06-30'),
(3585, 46, 653, 1, 100, '2022-06-30'),
(3586, 46, 654, 1, 100, '2022-06-30'),
(3587, 46, 655, 1, 100, '2022-06-30'),
(3588, 46, 656, 1, 100, '2022-06-30'),
(3589, 46, 657, 1, 100, '2022-06-30'),
(3590, 46, 658, 1, 100, '2022-06-30'),
(3591, 46, 659, 1, 100, '2022-06-30'),
(3592, 46, 660, 1, 100, '2022-06-30'),
(3593, 46, 661, 1, 100, '2022-06-30'),
(3594, 46, 662, 1, 100, '2022-06-30'),
(3595, 46, 663, 1, 100, '2022-06-30'),
(3596, 46, 664, 1, 100, '2022-06-30'),
(3597, 46, 665, 1, 100, '2022-06-30'),
(3598, 93, 666, 1, 100, '2022-06-30'),
(3599, 93, 667, 1, 100, '2022-06-30'),
(3600, 93, 668, 1, 100, '2022-06-30'),
(3601, 93, 669, 1, 100, '2022-06-30'),
(3602, 93, 670, 1, 100, '2022-06-30'),
(3603, 93, 671, 1, 100, '2022-06-30'),
(3604, 93, 672, 1, 100, '2022-06-30'),
(3605, 93, 673, 1, 100, '2022-06-30'),
(3606, 93, 674, 1, 100, '2022-06-30'),
(3607, 93, 675, 1, 100, '2022-06-30'),
(3608, 93, 676, 1, 100, '2022-06-30'),
(3609, 93, 677, 1, 100, '2022-06-30'),
(3610, 93, 678, 1, 100, '2022-06-30'),
(3611, 93, 679, 1, 100, '2022-06-30'),
(3612, 93, 680, 1, 100, '2022-06-30'),
(3613, 93, 681, 1, 100, '2022-06-30'),
(3614, 93, 682, 1, 100, '2022-06-30'),
(3615, 93, 683, 1, 100, '2022-06-30'),
(3616, 93, 684, 1, 100, '2022-06-30'),
(3617, 93, 685, 1, 100, '2022-06-30'),
(3618, 93, 686, 1, 100, '2022-06-30'),
(3619, 93, 687, 1, 100, '2022-06-30'),
(3620, 93, 688, 1, 100, '2022-06-30'),
(3621, 93, 689, 1, 100, '2022-06-30'),
(3622, 93, 690, 1, 100, '2022-06-30'),
(3623, 93, 691, 1, 100, '2022-06-30'),
(3624, 93, 692, 1, 100, '2022-06-30'),
(3625, 93, 693, 1, 100, '2022-06-30'),
(3626, 93, 694, 1, 100, '2022-06-30'),
(3627, 93, 695, 1, 100, '2022-06-30'),
(3628, 93, 696, 1, 100, '2022-06-30'),
(3629, 93, 697, 1, 100, '2022-06-30'),
(3630, 93, 698, 1, 100, '2022-06-30'),
(3631, 93, 699, 1, 100, '2022-06-30'),
(3632, 93, 700, 1, 100, '2022-06-30'),
(3633, 93, 701, 1, 100, '2022-06-30'),
(3634, 93, 702, 1, 100, '2022-06-30'),
(3635, 93, 703, 1, 100, '2022-06-30'),
(3636, 93, 704, 1, 100, '2022-06-30'),
(3637, 93, 705, 1, 100, '2022-06-30'),
(3638, 93, 706, 1, 100, '2022-06-30'),
(3639, 93, 707, 1, 100, '2022-06-30'),
(3640, 93, 708, 1, 100, '2022-06-30'),
(3641, 93, 709, 1, 100, '2022-06-30'),
(3642, 93, 710, 1, 100, '2022-06-30'),
(3643, 93, 711, 1, 100, '2022-06-30'),
(3644, 93, 712, 1, 100, '2022-06-30'),
(3645, 93, 713, 1, 100, '2022-06-30'),
(3646, 94, 714, 1, 100, '2022-06-30'),
(3647, 94, 715, 1, 100, '2022-06-30'),
(3648, 94, 716, 1, 100, '2022-06-30'),
(3649, 94, 717, 1, 100, '2022-06-30'),
(3650, 94, 718, 1, 100, '2022-06-30'),
(3651, 94, 719, 1, 100, '2022-06-30'),
(3652, 94, 720, 1, 100, '2022-06-30'),
(3653, 94, 721, 1, 100, '2022-06-30'),
(3654, 94, 722, 1, 100, '2022-06-30'),
(3655, 94, 723, 1, 100, '2022-06-30'),
(3656, 94, 724, 1, 100, '2022-06-30'),
(3657, 94, 725, 1, 100, '2022-06-30'),
(3658, 248, 726, 1, 100, '2022-06-30'),
(3659, 248, 727, 1, 100, '2022-06-30'),
(3660, 248, 728, 1, 100, '2022-06-30'),
(3661, 248, 729, 1, 100, '2022-06-30'),
(3662, 248, 730, 1, 100, '2022-06-30'),
(3663, 248, 731, 1, 100, '2022-06-30'),
(3664, 248, 732, 1, 100, '2022-06-30'),
(3665, 248, 733, 1, 100, '2022-06-30'),
(3666, 248, 734, 1, 100, '2022-06-30'),
(3667, 248, 735, 1, 100, '2022-06-30'),
(3668, 248, 736, 1, 100, '2022-06-30'),
(3669, 248, 737, 1, 100, '2022-06-30'),
(3670, 248, 738, 1, 100, '2022-06-30'),
(3671, 248, 739, 1, 100, '2022-06-30'),
(3672, 248, 740, 1, 100, '2022-06-30'),
(3673, 248, 741, 1, 100, '2022-06-30'),
(3674, 248, 742, 1, 100, '2022-06-30'),
(3675, 248, 743, 1, 100, '2022-06-30'),
(3676, 248, 744, 1, 100, '2022-06-30'),
(3677, 248, 745, 1, 100, '2022-06-30'),
(3678, 248, 746, 1, 100, '2022-06-30'),
(3679, 248, 747, 1, 100, '2022-06-30'),
(3680, 248, 748, 1, 100, '2022-06-30'),
(3681, 248, 749, 1, 100, '2022-06-30'),
(3682, 248, 750, 1, 100, '2022-06-30'),
(3683, 248, 751, 1, 100, '2022-06-30'),
(3684, 248, 752, 1, 100, '2022-06-30'),
(3685, 248, 753, 1, 100, '2022-06-30'),
(3686, 15, 754, 1, 100, '2022-06-30'),
(3687, 96, 755, 1, 100, '2022-06-30'),
(3688, 97, 756, 1, 100, '2022-06-30'),
(3689, 98, 757, 1, 100, '2022-06-30'),
(3690, 99, 758, 1, 100, '2022-06-30'),
(3691, 100, 759, 1, 100, '2022-06-30'),
(3692, 100, 760, 1, 100, '2022-06-30'),
(3693, 102, 761, 1, 100, '2022-06-30'),
(3694, 103, 762, 1, 100, '2022-06-30'),
(3695, 104, 763, 1, 100, '2022-06-30'),
(3696, 105, 764, 1, 100, '2022-06-30'),
(3697, 106, 765, 1, 100, '2022-06-30'),
(3698, 107, 766, 1, 100, '2022-06-30'),
(3699, 108, 767, 1, 100, '2022-06-30'),
(3700, 109, 768, 1, 100, '2022-06-30'),
(3701, 110, 769, 1, 100, '2022-06-30'),
(3702, 111, 770, 1, 100, '2022-06-30'),
(3703, 112, 771, 1, 100, '2022-06-30'),
(3704, 113, 772, 1, 100, '2022-06-30'),
(3705, 114, 773, 1, 100, '2022-06-30'),
(3706, 115, 774, 1, 100, '2022-06-30'),
(3707, 116, 775, 1, 100, '2022-06-30'),
(3708, 117, 776, 1, 100, '2022-06-30'),
(3709, 118, 777, 1, 100, '2022-06-30'),
(3710, 119, 778, 1, 100, '2022-06-30'),
(3711, 120, 779, 1, 100, '2022-06-30'),
(3712, 121, 780, 1, 100, '2022-06-30'),
(3713, 50, 781, 1, 100, '2022-06-30'),
(3714, 51, 782, 1, 99, '2022-06-30'),
(3715, 122, 783, 1, 100, '2022-06-30'),
(3716, 123, 784, 1, 100, '2022-06-30'),
(3717, 124, 785, 1, 100, '2022-06-30'),
(3718, 125, 786, 1, 100, '2022-06-30'),
(3719, 126, 787, 1, 100, '2022-06-30'),
(3720, 127, 788, 1, 100, '2022-06-30'),
(3721, 128, 789, 1, 100, '2022-06-30'),
(3722, 129, 790, 1, 100, '2022-06-30'),
(3723, 130, 791, 1, 100, '2022-06-30'),
(3724, 131, 792, 1, 100, '2022-06-30'),
(3725, 131, 793, 1, 100, '2022-06-30'),
(3726, 131, 794, 1, 100, '2022-06-30'),
(3727, 131, 795, 1, 100, '2022-06-30'),
(3728, 131, 796, 1, 100, '2022-06-30'),
(3729, 131, 797, 1, 100, '2022-06-30'),
(3730, 131, 798, 1, 100, '2022-06-30'),
(3731, 131, 799, 1, 100, '2022-06-30'),
(3732, 131, 800, 1, 100, '2022-06-30'),
(3733, 132, 801, 1, 100, '2022-06-30'),
(3734, 132, 802, 1, 100, '2022-06-30'),
(3735, 132, 803, 1, 100, '2022-06-30'),
(3736, 132, 804, 1, 100, '2022-06-30'),
(3737, 132, 805, 1, 100, '2022-06-30'),
(3738, 132, 806, 1, 100, '2022-06-30'),
(3739, 132, 807, 1, 100, '2022-06-30'),
(3740, 132, 808, 1, 100, '2022-06-30'),
(3741, 133, 809, 1, 100, '2022-06-30'),
(3742, 133, 810, 1, 100, '2022-06-30'),
(3743, 62, 811, 1, 100, '2022-06-30'),
(3744, 62, 812, 1, 100, '2022-06-30'),
(3745, 62, 813, 1, 100, '2022-06-30'),
(3746, 62, 814, 1, 100, '2022-06-30'),
(3747, 62, 815, 1, 100, '2022-06-30'),
(3748, 62, 816, 1, 100, '2022-06-30'),
(3749, 63, 817, 1, 100, '2022-06-30'),
(3750, 63, 818, 1, 100, '2022-06-30'),
(3751, 63, 819, 1, 100, '2022-06-30'),
(3752, 63, 820, 1, 100, '2022-06-30'),
(3753, 63, 821, 1, 100, '2022-06-30'),
(3754, 63, 822, 1, 100, '2022-06-30'),
(3755, 136, 823, 1, 100, '2022-06-30'),
(3756, 137, 824, 1, 100, '2022-06-30'),
(3757, 138, 825, 1, 100, '2022-06-30'),
(3758, 139, 826, 1, 100, '2022-06-30'),
(3759, 140, 827, 1, 100, '2022-06-30'),
(3760, 141, 828, 1, 100, '2022-06-30'),
(3761, 142, 829, 1, 100, '2022-06-30'),
(3762, 143, 830, 1, 100, '2022-06-30'),
(3763, 61, 831, 1, 100, '2022-06-30'),
(3764, 64, 832, 1, 100, '2022-06-30'),
(3765, 65, 833, 1, 100, '2022-06-30'),
(3766, 66, 834, 1, 100, '2022-06-30'),
(3767, 67, 835, 1, 100, '2022-06-30'),
(3768, 145, 836, 1, 100, '2022-06-30'),
(3769, 144, 837, 1, 100, '2022-06-30'),
(3770, 146, 838, 1, 100, '2022-06-30'),
(3771, 147, 839, 1, 100, '2022-06-30'),
(3772, 148, 840, 1, 100, '2022-06-30'),
(3773, 149, 841, 1, 100, '2022-06-30'),
(3774, 150, 842, 1, 100, '2022-06-30'),
(3775, 151, 843, 1, 100, '2022-06-30'),
(3776, 152, 844, 1, 100, '2022-06-30'),
(3777, 153, 845, 1, 100, '2022-06-30'),
(3778, 155, 846, 1, 100, '2022-06-30'),
(3779, 156, 847, 1, 100, '2022-06-30'),
(3780, 157, 848, 1, 100, '2022-06-30'),
(3781, 158, 849, 1, 100, '2022-06-30'),
(3782, 159, 850, 1, 100, '2022-06-30'),
(3783, 160, 851, 1, 100, '2022-06-30'),
(3784, 161, 852, 1, 100, '2022-06-30'),
(3785, 162, 853, 1, 100, '2022-06-30'),
(3786, 163, 854, 1, 100, '2022-06-30'),
(3787, 164, 855, 1, 100, '2022-06-30'),
(3788, 165, 856, 1, 100, '2022-06-30'),
(3789, 167, 857, 1, 100, '2022-06-30'),
(3790, 168, 858, 1, 100, '2022-06-30'),
(3791, 169, 859, 1, 100, '2022-06-30'),
(3792, 170, 860, 1, 100, '2022-06-30'),
(3793, 171, 861, 1, 100, '2022-06-30'),
(3794, 172, 862, 1, 100, '2022-06-30'),
(3795, 173, 863, 1, 100, '2022-06-30'),
(3796, 174, 864, 1, 100, '2022-06-30'),
(3797, 175, 865, 1, 100, '2022-06-30'),
(3798, 176, 866, 1, 100, '2022-06-30'),
(3799, 177, 867, 1, 100, '2022-06-30'),
(3800, 178, 868, 1, 100, '2022-06-30'),
(3801, 179, 869, 1, 100, '2022-06-30'),
(3802, 180, 870, 1, 100, '2022-06-30'),
(3803, 181, 871, 1, 100, '2022-06-30'),
(3804, 182, 872, 1, 100, '2022-06-30'),
(3805, 183, 873, 1, 100, '2022-06-30'),
(3806, 184, 874, 1, 100, '2022-06-30'),
(3807, 185, 875, 1, 100, '2022-06-30'),
(3808, 186, 876, 1, 100, '2022-06-30'),
(3809, 187, 877, 1, 100, '2022-06-30'),
(3810, 188, 878, 1, 100, '2022-06-30'),
(3811, 189, 879, 1, 100, '2022-06-30'),
(3812, 190, 880, 1, 100, '2022-06-30'),
(3813, 191, 881, 1, 100, '2022-06-30'),
(3814, 249, 882, 1, 100, '2022-06-30'),
(3815, 192, 883, 1, 100, '2022-06-30'),
(3816, 193, 884, 1, 100, '2022-06-30'),
(3817, 194, 885, 1, 100, '2022-06-30'),
(3818, 195, 886, 1, 100, '2022-06-30'),
(3819, 196, 887, 1, 100, '2022-06-30'),
(3820, 197, 888, 1, 100, '2022-06-30'),
(3821, 198, 889, 1, 100, '2022-06-30'),
(3822, 199, 890, 1, 100, '2022-06-30'),
(3823, 200, 891, 1, 100, '2022-06-30'),
(3824, 201, 892, 1, 100, '2022-06-30'),
(3825, 202, 893, 1, 100, '2022-06-30'),
(3826, 205, 894, 1, 100, '2022-06-30'),
(3827, 204, 895, 1, 100, '2022-06-30'),
(3828, 203, 896, 1, 100, '2022-06-30'),
(3829, 206, 897, 1, 100, '2022-06-30'),
(3830, 207, 898, 1, 100, '2022-06-30'),
(3831, 208, 899, 1, 100, '2022-06-30'),
(3832, 209, 900, 1, 100, '2022-06-30'),
(3833, 16, 901, 1, 100, '2022-06-30'),
(3834, 16, 902, 1, 100, '2022-06-30'),
(3835, 16, 903, 1, 100, '2022-06-30'),
(3836, 16, 904, 1, 100, '2022-06-30'),
(3837, 16, 905, 1, 100, '2022-06-30'),
(3838, 16, 906, 1, 100, '2022-06-30'),
(3839, 16, 907, 1, 100, '2022-06-30'),
(3840, 16, 908, 1, 100, '2022-06-30'),
(3841, 291, 909, 1, 100, '2022-06-30'),
(3842, 292, 910, 1, 100, '2022-06-30'),
(3843, 22, 911, 1, 100, '2022-06-30'),
(3844, 22, 912, 1, 100, '2022-06-30'),
(3845, 22, 913, 1, 100, '2022-06-30'),
(3846, 263, 914, 1, 100, '2022-06-30'),
(3847, 263, 915, 1, 100, '2022-06-30'),
(3848, 263, 916, 1, 100, '2022-06-30'),
(3849, 263, 917, 1, 100, '2022-06-30'),
(3850, 263, 918, 1, 100, '2022-06-30'),
(3851, 261, 919, 1, 100, '2022-06-30'),
(3852, 261, 920, 1, 100, '2022-06-30'),
(3853, 261, 921, 1, 100, '2022-06-30'),
(3854, 261, 922, 1, 100, '2022-06-30'),
(3855, 261, 923, 1, 100, '2022-06-30'),
(3856, 261, 924, 1, 100, '2022-06-30'),
(3857, 293, 925, 1, 100, '2022-06-30'),
(3858, 293, 926, 1, 100, '2022-06-30'),
(3859, 293, 927, 1, 100, '2022-06-30'),
(3860, 293, 928, 1, 100, '2022-06-30'),
(3861, 293, 929, 1, 100, '2022-06-30'),
(3862, 293, 930, 1, 100, '2022-06-30'),
(3863, 293, 931, 1, 100, '2022-06-30'),
(3864, 294, 932, 1, 100, '2022-06-30'),
(3865, 294, 933, 1, 100, '2022-06-30'),
(3866, 294, 934, 1, 100, '2022-06-30'),
(3867, 294, 935, 1, 100, '2022-06-30'),
(3868, 264, 936, 1, 100, '2022-06-30'),
(3869, 264, 937, 1, 100, '2022-06-30'),
(3870, 264, 938, 1, 100, '2022-06-30'),
(3871, 264, 939, 1, 100, '2022-06-30'),
(3872, 264, 940, 1, 100, '2022-06-30'),
(3873, 19, 941, 1, 100, '2022-06-30'),
(3874, 19, 942, 1, 100, '2022-06-30'),
(3875, 2, 943, 1, 100, '2022-06-30'),
(3876, 5, 944, 1, 100, '2022-06-30'),
(3877, 75, 945, 1, 100, '2022-06-30'),
(3878, 296, 946, 1, 100, '2022-06-30'),
(3879, 298, 947, 1, 100, '2022-06-30'),
(3880, 298, 948, 1, 100, '2022-06-30'),
(3881, 298, 949, 1, 100, '2022-06-30'),
(3882, 298, 950, 1, 100, '2022-06-30'),
(3883, 298, 951, 1, 100, '2022-06-30'),
(3884, 298, 952, 1, 100, '2022-06-30'),
(3885, 298, 953, 1, 100, '2022-06-30'),
(3886, 298, 954, 1, 100, '2022-06-30'),
(3887, 298, 955, 1, 100, '2022-06-30'),
(3888, 298, 956, 1, 100, '2022-06-30'),
(3889, 26, 957, 1, 100, '2022-06-30'),
(3890, 20, 958, 1, 100, '2022-06-30'),
(3891, 301, 959, 1, 100, '2022-06-30'),
(3892, 301, 960, 1, 100, '2022-06-30'),
(3893, 301, 961, 1, 100, '2022-06-30'),
(3894, 301, 962, 1, 100, '2022-06-30'),
(3895, 301, 963, 1, 100, '2022-06-30'),
(3896, 301, 964, 1, 100, '2022-06-30'),
(3897, 75, 965, 1, 100, '2022-06-30'),
(3898, 75, 966, 1, 100, '2022-06-30'),
(3899, 75, 967, 1, 100, '2022-06-30'),
(3900, 75, 968, 1, 100, '2022-06-30'),
(3901, 75, 969, 1, 100, '2022-06-30'),
(3902, 60, 970, 1, 100, '2022-06-30'),
(3903, 60, 971, 1, 100, '2022-06-30'),
(3904, 60, 972, 1, 100, '2022-06-30'),
(3905, 60, 973, 1, 100, '2022-06-30'),
(3906, 60, 974, 1, 100, '2022-06-30'),
(3907, 60, 975, 1, 100, '2022-06-30'),
(3908, 60, 976, 1, 100, '2022-06-30'),
(3909, 303, 977, 1, 100, '2022-06-30'),
(3910, 303, 978, 1, 100, '2022-06-30'),
(3911, 303, 979, 1, 100, '2022-06-30'),
(3912, 303, 980, 1, 100, '2022-06-30'),
(3913, 303, 981, 1, 100, '2022-06-30'),
(3914, 294, 982, 1, 100, '2022-06-30'),
(3915, 294, 983, 1, 100, '2022-06-30'),
(3916, 294, 984, 1, 100, '2022-06-30'),
(3917, 294, 985, 1, 100, '2022-06-30'),
(3918, 294, 986, 1, 100, '2022-06-30'),
(3919, 294, 987, 1, 100, '2022-06-30'),
(3920, 294, 988, 1, 100, '2022-06-30'),
(3921, 259, 989, 1, 100, '2022-06-30'),
(3922, 259, 990, 1, 100, '2022-06-30'),
(3923, 259, 991, 1, 100, '2022-06-30'),
(3924, 259, 992, 1, 100, '2022-06-30'),
(3925, 259, 993, 1, 100, '2022-06-30'),
(3926, 259, 994, 1, 100, '2022-06-30'),
(3927, 259, 995, 1, 100, '2022-06-30'),
(3928, 253, 996, 1, 100, '2022-06-30'),
(3929, 253, 997, 1, 100, '2022-06-30'),
(3930, 253, 998, 1, 100, '2022-06-30'),
(3931, 253, 999, 1, 100, '2022-06-30'),
(3932, 253, 1000, 1, 100, '2022-06-30'),
(3933, 253, 1001, 1, 100, '2022-06-30'),
(3934, 253, 1002, 1, 100, '2022-06-30'),
(3935, 261, 1003, 1, 100, '2022-06-30'),
(3936, 261, 1004, 1, 100, '2022-06-30'),
(3937, 261, 1005, 1, 100, '2022-06-30'),
(3938, 261, 1006, 1, 100, '2022-06-30'),
(3939, 306, 1007, 1, 100, '2022-06-30'),
(3940, 306, 1008, 1, 100, '2022-06-30'),
(3941, 306, 1009, 1, 100, '2022-06-30'),
(3942, 306, 1010, 1, 100, '2022-06-30'),
(3943, 306, 1011, 1, 100, '2022-06-30'),
(3944, 306, 1012, 1, 100, '2022-06-30'),
(3945, 306, 1013, 1, 100, '2022-06-30'),
(3946, 307, 1014, 1, 100, '2022-06-30'),
(3947, 307, 1015, 1, 100, '2022-06-30'),
(3948, 307, 1016, 1, 100, '2022-06-30'),
(3949, 307, 1017, 1, 100, '2022-06-30'),
(3950, 307, 1018, 1, 100, '2022-06-30'),
(3951, 307, 1019, 1, 100, '2022-06-30'),
(3952, 307, 1020, 1, 100, '2022-06-30'),
(3953, 309, 1021, 1, 100, '2022-06-30'),
(3954, 309, 1022, 1, 100, '2022-06-30'),
(3955, 309, 1023, 1, 100, '2022-06-30'),
(3956, 309, 1024, 1, 100, '2022-06-30'),
(3957, 309, 1025, 1, 100, '2022-06-30'),
(3958, 309, 1026, 1, 100, '2022-06-30'),
(3959, 309, 1027, 1, 100, '2022-06-30'),
(3960, 60, 1028, 1, 100, '2022-06-30'),
(3961, 257, 1029, 1, 100, '2022-06-30'),
(3962, 257, 1030, 1, 100, '2022-06-30'),
(3963, 257, 1031, 1, 100, '2022-06-30'),
(3964, 257, 1032, 1, 100, '2022-06-30'),
(3965, 257, 1033, 1, 100, '2022-06-30'),
(3966, 257, 1034, 1, 100, '2022-06-30'),
(3967, 310, 1035, 1, 100, '2022-06-30'),
(3968, 310, 1036, 1, 100, '2022-06-30'),
(3969, 310, 1037, 1, 100, '2022-06-30'),
(3970, 310, 1038, 1, 100, '2022-06-30'),
(3971, 310, 1039, 1, 100, '2022-06-30'),
(3972, 310, 1040, 1, 100, '2022-06-30'),
(3973, 310, 1041, 1, 100, '2022-06-30'),
(3974, 52, 1042, 1, 100, '2022-06-30'),
(3975, 52, 1043, 1, 100, '2022-06-30'),
(3976, 52, 1044, 1, 100, '2022-06-30'),
(3977, 52, 1045, 1, 100, '2022-06-30'),
(3978, 52, 1046, 1, 100, '2022-06-30'),
(3979, 52, 1047, 1, 100, '2022-06-30'),
(3980, 52, 1048, 1, 100, '2022-06-30'),
(3981, 311, 1049, 1, 100, '2022-06-30'),
(3982, 311, 1050, 1, 100, '2022-06-30'),
(3983, 311, 1051, 1, 100, '2022-06-30'),
(3984, 311, 1052, 1, 100, '2022-06-30'),
(3985, 311, 1053, 1, 100, '2022-06-30'),
(3986, 311, 1054, 1, 100, '2022-06-30'),
(3987, 311, 1055, 1, 100, '2022-06-30'),
(3988, 255, 1056, 1, 100, '2022-06-30'),
(3989, 255, 1057, 1, 100, '2022-06-30'),
(3990, 255, 1058, 1, 100, '2022-06-30'),
(3991, 255, 1059, 1, 100, '2022-06-30'),
(3992, 255, 1060, 1, 100, '2022-06-30'),
(3993, 255, 1061, 1, 100, '2022-06-30'),
(3994, 255, 1062, 1, 100, '2022-06-30'),
(3995, 260, 1063, 1, 100, '2022-06-30'),
(3996, 260, 1064, 1, 100, '2022-06-30'),
(3997, 260, 1065, 1, 100, '2022-06-30'),
(3998, 260, 1066, 1, 100, '2022-06-30'),
(3999, 260, 1067, 1, 100, '2022-06-30'),
(4000, 312, 1068, 1, 100, '2022-06-30'),
(4001, 312, 1069, 1, 100, '2022-06-30'),
(4002, 260, 1070, 1, 100, '2022-06-30'),
(4003, 260, 1071, 1, 100, '2022-06-30'),
(4004, 312, 1072, 1, 100, '2022-06-30'),
(4005, 312, 1073, 1, 100, '2022-06-30'),
(4006, 312, 1074, 1, 100, '2022-06-30'),
(4007, 312, 1075, 1, 100, '2022-06-30'),
(4008, 312, 1076, 1, 100, '2022-06-30'),
(4009, 313, 1077, 1, 100, '2022-06-30'),
(4010, 313, 1078, 1, 100, '2022-06-30'),
(4011, 313, 1079, 1, 100, '2022-06-30'),
(4012, 303, 1080, 1, 100, '2022-06-30'),
(4013, 264, 1081, 1, 100, '2022-06-30'),
(4014, 285, 1082, 1, 100, '2022-06-30'),
(4015, 285, 1083, 1, 100, '2022-06-30'),
(4016, 285, 1084, 1, 100, '2022-06-30'),
(4017, 285, 1085, 1, 100, '2022-06-30'),
(4018, 285, 1086, 1, 100, '2022-06-30'),
(4019, 285, 1087, 1, 100, '2022-06-30'),
(4020, 285, 1088, 1, 100, '2022-06-30'),
(4021, 263, 1089, 1, 100, '2022-06-30'),
(4022, 263, 1090, 1, 100, '2022-06-30'),
(4023, 251, 1091, 1, 100, '2022-06-30'),
(4024, 314, 1092, 1, 100, '2022-06-30'),
(4025, 314, 1093, 1, 100, '2022-06-30'),
(4026, 314, 1094, 1, 100, '2022-06-30'),
(4027, 314, 1095, 1, 100, '2022-06-30'),
(4028, 314, 1096, 1, 100, '2022-06-30'),
(4029, 314, 1097, 1, 100, '2022-06-30');
INSERT INTO `branch_inventory_tb` (`branch_inventory_id`, `product_id`, `warehouse_inventory_id`, `branch_id`, `quantity`, `date`) VALUES
(4030, 314, 1098, 1, 100, '2022-06-30'),
(4031, 262, 1099, 1, 100, '2022-06-30'),
(4032, 262, 1100, 1, 100, '2022-06-30'),
(4033, 262, 1101, 1, 100, '2022-06-30'),
(4034, 262, 1102, 1, 100, '2022-06-30'),
(4035, 262, 1103, 1, 100, '2022-06-30'),
(4036, 262, 1104, 1, 100, '2022-06-30'),
(4037, 262, 1105, 1, 100, '2022-06-30'),
(4038, 284, 1106, 1, 100, '2022-06-30'),
(4039, 284, 1107, 1, 100, '2022-06-30'),
(4040, 284, 1108, 1, 100, '2022-06-30'),
(4041, 284, 1109, 1, 100, '2022-06-30'),
(4042, 284, 1110, 1, 100, '2022-06-30'),
(4043, 284, 1111, 1, 100, '2022-06-30'),
(4044, 284, 1112, 1, 100, '2022-06-30'),
(4045, 284, 1113, 1, 100, '2022-06-30'),
(4046, 284, 1114, 1, 100, '2022-06-30'),
(4047, 284, 1115, 1, 100, '2022-06-30'),
(4048, 284, 1116, 1, 100, '2022-06-30'),
(4049, 284, 1117, 1, 100, '2022-06-30'),
(4050, 315, 1118, 1, 100, '2022-06-30'),
(4051, 283, 1119, 1, 100, '2022-06-30'),
(4052, 283, 1120, 1, 100, '2022-06-30'),
(4053, 283, 1121, 1, 100, '2022-06-30'),
(4054, 283, 1122, 1, 100, '2022-06-30'),
(4055, 283, 1123, 1, 100, '2022-06-30'),
(4056, 283, 1124, 1, 100, '2022-06-30'),
(4057, 283, 1125, 1, 100, '2022-06-30'),
(4058, 283, 1126, 1, 100, '2022-06-30'),
(4059, 283, 1127, 1, 100, '2022-06-30'),
(4060, 283, 1128, 1, 100, '2022-06-30'),
(4061, 283, 1129, 1, 100, '2022-06-30'),
(4062, 283, 1130, 1, 100, '2022-06-30'),
(4063, 283, 1131, 1, 100, '2022-06-30'),
(4064, 283, 1132, 1, 100, '2022-06-30'),
(4065, 283, 1133, 1, 100, '2022-06-30'),
(4066, 283, 1134, 1, 100, '2022-06-30'),
(4067, 283, 1135, 1, 100, '2022-06-30'),
(4068, 283, 1136, 1, 100, '2022-06-30'),
(4069, 316, 1137, 1, 100, '2022-06-30'),
(4070, 210, 1138, 1, 100, '2022-06-30'),
(4071, 48, 1139, 1, 100, '2022-06-30'),
(4072, 57, 1140, 1, 100, '2022-06-30'),
(4073, 211, 1141, 1, 100, '2022-06-30'),
(4074, 213, 1142, 1, 100, '2022-06-30'),
(4075, 214, 1143, 1, 100, '2022-06-30'),
(4076, 215, 1144, 1, 100, '2022-06-30'),
(4077, 216, 1145, 1, 100, '2022-06-30'),
(4078, 217, 1146, 1, 100, '2022-06-30'),
(4079, 212, 1147, 1, 100, '2022-06-30'),
(4080, 318, 1148, 1, 100, '2022-06-30'),
(4081, 318, 1149, 1, 100, '2022-06-30'),
(4082, 318, 1150, 1, 100, '2022-06-30'),
(4083, 318, 1151, 1, 100, '2022-06-30'),
(4084, 318, 1152, 1, 100, '2022-06-30'),
(4085, 318, 1153, 1, 100, '2022-06-30'),
(4086, 318, 1154, 1, 100, '2022-06-30'),
(4087, 44, 1155, 1, 100, '2022-06-30'),
(4088, 44, 1156, 1, 100, '2022-06-30'),
(4089, 44, 1157, 1, 100, '2022-06-30'),
(4090, 44, 1158, 1, 100, '2022-06-30'),
(4091, 44, 1159, 1, 100, '2022-06-30'),
(4092, 44, 1160, 1, 100, '2022-06-30'),
(4093, 44, 1161, 1, 100, '2022-06-30'),
(4094, 44, 1162, 1, 100, '2022-06-30'),
(4095, 44, 1163, 1, 100, '2022-06-30'),
(4096, 44, 1164, 1, 100, '2022-06-30'),
(4097, 44, 1165, 1, 100, '2022-06-30'),
(4098, 44, 1166, 1, 100, '2022-06-30'),
(4099, 44, 1167, 1, 100, '2022-06-30'),
(4100, 44, 1168, 1, 100, '2022-06-30'),
(4101, 44, 1169, 1, 100, '2022-06-30'),
(4102, 44, 1170, 1, 100, '2022-06-30'),
(4103, 44, 1171, 1, 100, '2022-06-30'),
(4104, 44, 1172, 1, 100, '2022-06-30'),
(4105, 44, 1173, 1, 100, '2022-06-30'),
(4106, 44, 1174, 1, 100, '2022-06-30'),
(4107, 44, 1175, 1, 100, '2022-06-30'),
(4108, 44, 1176, 1, 100, '2022-06-30'),
(4109, 44, 1177, 1, 100, '2022-06-30'),
(4110, 44, 1178, 1, 100, '2022-06-30'),
(4111, 44, 1179, 1, 100, '2022-06-30'),
(4112, 44, 1180, 1, 100, '2022-06-30'),
(4113, 44, 1181, 1, 100, '2022-06-30'),
(4114, 44, 1182, 1, 100, '2022-06-30'),
(4115, 39, 1183, 1, 100, '2022-06-30'),
(4116, 39, 1184, 1, 100, '2022-06-30'),
(4117, 83, 1185, 1, 100, '2022-06-30'),
(4118, 300, 1186, 1, 100, '2022-06-30'),
(4119, 320, 1187, 1, 100, '2022-06-30'),
(4120, 323, 1188, 1, 100, '2022-06-30'),
(4121, 321, 1189, 1, 100, '2022-06-30'),
(4122, 321, 1190, 1, 100, '2022-06-30'),
(4123, 321, 1191, 1, 100, '2022-06-30'),
(4124, 321, 1192, 1, 100, '2022-06-30'),
(4125, 321, 1193, 1, 100, '2022-06-30'),
(4126, 322, 1194, 1, 100, '2022-06-30'),
(4127, 322, 1195, 1, 100, '2022-06-30'),
(4128, 322, 1196, 1, 100, '2022-06-30'),
(4129, 322, 1197, 1, 100, '2022-06-30'),
(4130, 322, 1198, 1, 100, '2022-06-30'),
(4131, 322, 1199, 1, 100, '2022-06-30'),
(4132, 12, 1200, 1, 100, '2022-06-30'),
(4133, 79, 1201, 1, 100, '2022-06-30'),
(4134, 324, 1202, 1, 100, '2022-06-30'),
(4135, 218, 1203, 1, 100, '2022-06-30'),
(4136, 219, 1204, 1, 100, '2022-06-30'),
(4137, 221, 1205, 1, 100, '2022-06-30'),
(4138, 220, 1206, 1, 100, '2022-06-30'),
(4139, 224, 1207, 1, 100, '2022-06-30'),
(4140, 225, 1208, 1, 100, '2022-06-30'),
(4141, 223, 1209, 1, 100, '2022-06-30'),
(4142, 222, 1210, 1, 100, '2022-06-30'),
(4143, 226, 1211, 1, 100, '2022-06-30'),
(4144, 227, 1212, 1, 100, '2022-06-30'),
(4145, 230, 1213, 1, 100, '2022-06-30'),
(4146, 229, 1214, 1, 100, '2022-06-30'),
(4147, 231, 1215, 1, 100, '2022-06-30'),
(4148, 232, 1216, 1, 100, '2022-06-30'),
(4149, 233, 1217, 1, 100, '2022-06-30'),
(4150, 236, 1218, 1, 100, '2022-06-30'),
(4151, 235, 1219, 1, 100, '2022-06-30'),
(4152, 237, 1220, 1, 100, '2022-06-30'),
(4153, 238, 1221, 1, 100, '2022-06-30'),
(4154, 239, 1222, 1, 100, '2022-06-30'),
(4155, 240, 1223, 1, 100, '2022-06-30'),
(4156, 241, 1224, 1, 100, '2022-06-30'),
(4157, 242, 1225, 1, 100, '2022-06-30'),
(4158, 243, 1226, 1, 100, '2022-06-30'),
(4159, 244, 1227, 1, 100, '2022-06-30'),
(4160, 245, 1228, 1, 100, '2022-06-30'),
(4161, 246, 1229, 1, 100, '2022-06-30'),
(4162, 247, 1230, 1, 100, '2022-06-30'),
(4163, 68, 1231, 1, 100, '2022-06-30'),
(4164, 321, 1232, 1, 100, '2022-06-30'),
(4165, 364, 1233, 1, 100, '2022-06-30'),
(4166, 274, 1234, 1, 100, '2022-06-30'),
(4167, 275, 1235, 1, 100, '2022-06-30'),
(4168, 281, 1236, 1, 100, '2022-06-30'),
(4169, 268, 1237, 1, 100, '2022-06-30'),
(4170, 366, 1238, 1, 100, '2022-06-30'),
(4171, 318, 1239, 1, 100, '2022-06-30'),
(4172, 318, 1240, 1, 100, '2022-06-30'),
(4173, 318, 1241, 1, 100, '2022-06-30'),
(4174, 318, 1242, 1, 100, '2022-06-30'),
(4175, 318, 1243, 1, 100, '2022-06-30'),
(4176, 318, 1244, 1, 100, '2022-06-30'),
(4177, 318, 1245, 1, 100, '2022-06-30'),
(4178, 360, 1246, 1, 100, '2022-06-30'),
(4179, 362, 1247, 1, 100, '2022-06-30'),
(4180, 361, 1248, 1, 100, '2022-06-30'),
(4181, 384, 1249, 1, 100, '2022-06-30'),
(4182, 385, 1250, 1, 100, '2022-06-30'),
(4183, 358, 1251, 1, 100, '2022-06-30'),
(4184, 359, 1252, 1, 100, '2022-06-30'),
(4185, 334, 1253, 1, 100, '2022-06-30'),
(4186, 328, 1254, 1, 100, '2022-06-30'),
(4187, 327, 1255, 1, 100, '2022-06-30'),
(4188, 333, 1256, 1, 100, '2022-06-30'),
(4189, 333, 1257, 1, 100, '2022-06-30'),
(4190, 347, 1258, 1, 100, '2022-06-30'),
(4191, 347, 1259, 1, 100, '2022-06-30'),
(4192, 342, 1260, 1, 100, '2022-06-30'),
(4193, 345, 1261, 1, 100, '2022-06-30'),
(4194, 340, 1262, 1, 100, '2022-06-30'),
(4195, 348, 1263, 1, 100, '2022-06-30'),
(4196, 332, 1264, 1, 100, '2022-06-30'),
(4197, 386, 1265, 1, 100, '2022-06-30'),
(4198, 339, 1266, 1, 100, '2022-06-30'),
(4199, 387, 1267, 1, 100, '2022-06-30'),
(4200, 374, 1268, 1, 100, '2022-06-30'),
(4201, 388, 1269, 1, 100, '2022-06-30'),
(4202, 388, 1270, 1, 100, '2022-06-30'),
(4203, 389, 1271, 1, 100, '2022-06-30'),
(4204, 389, 1272, 1, 100, '2022-06-30'),
(4205, 385, 1273, 1, 100, '2022-06-30'),
(4206, 391, 1274, 1, 100, '2022-06-30'),
(4207, 391, 1275, 1, 100, '2022-06-30'),
(4208, 391, 1276, 1, 100, '2022-06-30'),
(4209, 391, 1277, 1, 100, '2022-06-30'),
(4210, 391, 1278, 1, 100, '2022-06-30'),
(4211, 391, 1279, 1, 100, '2022-06-30'),
(4212, 257, 1280, 1, 100, '2022-06-30'),
(4213, 345, 1281, 1, 100, '2022-06-30'),
(4214, 345, 1282, 1, 100, '2022-06-30'),
(4215, 345, 1283, 1, 100, '2022-06-30'),
(4216, 345, 1284, 1, 100, '2022-06-30'),
(4217, 345, 1285, 1, 100, '2022-06-30'),
(4218, 345, 1286, 1, 100, '2022-06-30'),
(4219, 393, 1287, 1, 100, '2022-06-30'),
(4220, 393, 1288, 1, 100, '2022-06-30'),
(4221, 393, 1289, 1, 100, '2022-06-30'),
(4222, 393, 1290, 1, 100, '2022-06-30'),
(4223, 393, 1291, 1, 100, '2022-06-30'),
(4224, 333, 1292, 1, 100, '2022-06-30'),
(4225, 333, 1293, 1, 100, '2022-06-30'),
(4226, 350, 1294, 1, 100, '2022-06-30'),
(4227, 353, 1295, 1, 100, '2022-06-30'),
(4228, 339, 1296, 1, 100, '2022-06-30'),
(4229, 394, 1297, 1, 100, '2022-06-30'),
(4230, 395, 1298, 1, 100, '2022-06-30'),
(4231, 398, 1299, 1, 100, '2022-06-30'),
(4232, 397, 1300, 1, 100, '2022-06-30'),
(4233, 396, 1301, 1, 100, '2022-06-30'),
(4234, 33, 1302, 1, 100, '2022-06-30'),
(4235, 33, 1303, 1, 100, '2022-06-30'),
(4236, 33, 1304, 1, 100, '2022-06-30'),
(4237, 399, 1305, 1, 100, '2022-06-30'),
(4238, 399, 1306, 1, 100, '2022-06-30'),
(4239, 399, 1307, 1, 100, '2022-06-30'),
(4240, 399, 1308, 1, 100, '2022-06-30'),
(4241, 399, 1309, 1, 100, '2022-06-30'),
(4242, 399, 1310, 1, 100, '2022-06-30'),
(4243, 399, 1311, 1, 100, '2022-06-30'),
(4244, 400, 1312, 1, 100, '2022-06-30'),
(4245, 340, 1313, 1, 100, '2022-06-30'),
(4246, 360, 1314, 1, 100, '2022-06-30'),
(4247, 401, 1315, 1, 100, '2022-06-30'),
(4248, 402, 1316, 1, 100, '2022-06-30'),
(4249, 355, 1317, 1, 100, '2022-06-30'),
(4250, 360, 1318, 1, 100, '2022-06-30'),
(4251, 332, 1319, 1, 100, '2022-06-30'),
(4252, 332, 1320, 1, 100, '2022-06-30'),
(4253, 403, 1321, 1, 100, '2022-06-30'),
(4254, 404, 1322, 1, 100, '2022-06-30'),
(4255, 361, 1323, 1, 100, '2022-06-30'),
(4256, 401, 1324, 1, 100, '2022-06-30'),
(4257, 346, 1325, 1, 100, '2022-06-30'),
(4258, 329, 1326, 1, 100, '2022-06-30'),
(4259, 360, 1327, 1, 100, '2022-06-30'),
(4260, 402, 1328, 1, 100, '2022-06-30'),
(4261, 362, 1329, 1, 100, '2022-06-30'),
(4262, 1, 1330, 1, 100, '2022-06-30'),
(4263, 394, 1331, 1, 100, '2022-06-30'),
(4264, 34, 1332, 1, 100, '2022-06-30'),
(4265, 334, 1333, 1, 100, '2022-06-30'),
(4266, 395, 1334, 1, 100, '2022-06-30'),
(4267, 349, 1335, 1, 100, '2022-06-30'),
(4268, 339, 1336, 1, 100, '2022-06-30'),
(4269, 339, 1337, 1, 100, '2022-06-30'),
(4270, 406, 1338, 1, 100, '2022-06-30'),
(4271, 401, 1339, 1, 100, '2022-06-30'),
(4272, 372, 1340, 1, 100, '2022-06-30'),
(4273, 401, 1341, 1, 100, '2022-06-30'),
(4274, 408, 1342, 1, 100, '2022-06-30'),
(4275, 408, 1343, 1, 100, '2022-06-30'),
(4276, 408, 1344, 1, 100, '2022-06-30'),
(4277, 407, 1345, 1, 100, '2022-06-30'),
(4278, 224, 1346, 1, 100, '2022-06-30'),
(4279, 224, 1347, 1, 100, '2022-06-30'),
(4280, 224, 1348, 1, 100, '2022-06-30'),
(4281, 224, 1349, 1, 100, '2022-06-30'),
(4282, 43, 1350, 1, 100, '2022-06-30'),
(4283, 384, 1351, 1, 100, '2022-06-30'),
(4284, 395, 1352, 1, 100, '2022-06-30'),
(4285, 349, 1353, 1, 100, '2022-06-30'),
(4286, 350, 1354, 1, 100, '2022-06-30'),
(4287, 354, 1355, 1, 100, '2022-06-30'),
(4288, 2, 1356, 1, 100, '2022-06-30'),
(4289, 411, 1357, 1, 100, '2022-06-30'),
(4290, 357, 1358, 1, 100, '2022-06-30'),
(4291, 347, 1359, 1, 100, '2022-06-30'),
(4292, 132, 1360, 1, 100, '2022-06-30'),
(4293, 132, 1361, 1, 100, '2022-06-30'),
(4294, 132, 1362, 1, 100, '2022-06-30'),
(4295, 132, 1363, 1, 100, '2022-06-30'),
(4296, 132, 1364, 1, 100, '2022-06-30'),
(4297, 132, 1365, 1, 100, '2022-06-30'),
(4298, 132, 1366, 1, 100, '2022-06-30'),
(4299, 54, 1367, 1, 100, '2022-06-30'),
(4300, 55, 1368, 1, 100, '2022-06-30'),
(4301, 30, 1369, 1, 100, '2022-06-30'),
(4302, 7, 1370, 1, 100, '2022-06-30'),
(4303, 7, 1371, 1, 100, '2022-06-30'),
(4304, 7, 1372, 1, 100, '2022-06-30'),
(4305, 7, 1373, 1, 100, '2022-06-30'),
(4306, 7, 1374, 1, 100, '2022-06-30'),
(4307, 7, 1375, 1, 100, '2022-06-30'),
(4308, 14, 1376, 1, 100, '2022-06-30'),
(4309, 386, 1377, 1, 100, '2022-06-30'),
(4310, 412, 1378, 1, 100, '2022-06-30'),
(4311, 1, 1379, 1, 100, '2022-06-30'),
(4312, 55, 1380, 1, 100, '2022-06-30'),
(4313, 93, 1381, 1, 100, '2022-06-30'),
(4314, 413, 1382, 1, 100, '2022-06-30'),
(4315, 415, 1383, 1, 100, '2022-06-30'),
(4316, 415, 1384, 1, 100, '2022-06-30'),
(4317, 415, 1385, 1, 100, '2022-06-30'),
(4318, 415, 1386, 1, 100, '2022-06-30'),
(4319, 415, 1387, 1, 100, '2022-06-30'),
(4320, 414, 1388, 1, 100, '2022-06-30'),
(4321, 414, 1389, 1, 100, '2022-06-30'),
(4322, 414, 1390, 1, 100, '2022-06-30'),
(4323, 414, 1391, 1, 100, '2022-06-30'),
(4324, 414, 1392, 1, 100, '2022-06-30'),
(4325, 414, 1393, 1, 100, '2022-06-30'),
(4326, 414, 1394, 1, 100, '2022-06-30'),
(4327, 416, 1395, 1, 100, '2022-06-30'),
(4328, 416, 1396, 1, 100, '2022-06-30'),
(4329, 416, 1397, 1, 100, '2022-06-30'),
(4330, 416, 1398, 1, 100, '2022-06-30'),
(4331, 416, 1399, 1, 100, '2022-06-30'),
(4332, 416, 1400, 1, 100, '2022-06-30'),
(4333, 416, 1401, 1, 100, '2022-06-30'),
(4334, 417, 1402, 1, 100, '2022-06-30'),
(4335, 417, 1403, 1, 100, '2022-06-30'),
(4336, 417, 1404, 1, 100, '2022-06-30'),
(4337, 417, 1405, 1, 100, '2022-06-30'),
(4338, 417, 1406, 1, 100, '2022-06-30'),
(4339, 417, 1407, 1, 100, '2022-06-30'),
(4340, 418, 1408, 1, 100, '2022-06-30'),
(4341, 418, 1409, 1, 100, '2022-06-30'),
(4342, 418, 1410, 1, 100, '2022-06-30'),
(4343, 418, 1411, 1, 100, '2022-06-30'),
(4344, 418, 1412, 1, 100, '2022-06-30'),
(4345, 418, 1413, 1, 100, '2022-06-30'),
(4346, 418, 1414, 1, 100, '2022-06-30'),
(4347, 418, 1415, 1, 100, '2022-06-30'),
(4348, 418, 1416, 1, 100, '2022-06-30'),
(4349, 45, 1417, 1, 100, '2022-06-30'),
(4350, 45, 1418, 1, 100, '2022-06-30'),
(4351, 45, 1419, 1, 100, '2022-06-30'),
(4352, 45, 1420, 1, 100, '2022-06-30'),
(4353, 45, 1421, 1, 100, '2022-06-30'),
(4354, 45, 1422, 1, 100, '2022-06-30'),
(4355, 45, 1423, 1, 100, '2022-06-30'),
(4356, 45, 1424, 1, 100, '2022-06-30'),
(4357, 45, 1425, 1, 100, '2022-06-30'),
(4358, 254, 1426, 1, 100, '2022-06-30'),
(4359, 254, 1427, 1, 100, '2022-06-30'),
(4360, 419, 1428, 1, 100, '2022-06-30'),
(4361, 419, 1429, 1, 100, '2022-06-30'),
(4362, 419, 1430, 1, 100, '2022-06-30'),
(4363, 419, 1431, 1, 100, '2022-06-30'),
(4364, 419, 1432, 1, 100, '2022-06-30'),
(4365, 420, 1433, 1, 100, '2022-06-30'),
(4366, 420, 1434, 1, 100, '2022-06-30'),
(4367, 420, 1435, 1, 100, '2022-06-30'),
(4368, 420, 1436, 1, 100, '2022-06-30'),
(4369, 420, 1437, 1, 100, '2022-06-30'),
(4370, 420, 1438, 1, 100, '2022-06-30'),
(4371, 420, 1439, 1, 100, '2022-06-30'),
(4372, 421, 1440, 1, 100, '2022-06-30'),
(4373, 7, 1441, 1, 100, '2022-06-30'),
(4374, 7, 1442, 1, 100, '2022-06-30'),
(4375, 7, 1443, 1, 100, '2022-06-30'),
(4376, 12, 1444, 1, 100, '2022-06-30'),
(4377, 8, 1445, 1, 100, '2022-06-30'),
(4378, 8, 1446, 1, 100, '2022-06-30'),
(4379, 1, 1447, 1, 100, '2022-06-30'),
(4380, 1, 1448, 1, 100, '2022-06-30'),
(4381, 1, 1449, 3, 100, '2022-06-30'),
(4382, 24, 1450, 1, 100, '2022-06-30'),
(4383, 79, 1451, 1, 100, '2022-06-30'),
(4384, 79, 1452, 1, 100, '2022-06-30'),
(4385, 22, 1453, 1, 100, '2022-06-30'),
(4386, 22, 1454, 1, 100, '2022-06-30'),
(4387, 22, 1455, 1, 100, '2022-06-30'),
(4388, 22, 1456, 1, 100, '2022-06-30'),
(4389, 22, 1457, 1, 100, '2022-06-30'),
(4390, 22, 1458, 1, 100, '2022-06-30'),
(4391, 22, 1459, 1, 100, '2022-06-30'),
(4392, 72, 1460, 1, 100, '2022-06-30'),
(4393, 72, 1461, 1, 100, '2022-06-30'),
(4394, 7, 1462, 1, 100, '2022-06-30'),
(4395, 7, 1463, 1, 100, '2022-06-30'),
(4396, 7, 1464, 1, 100, '2022-06-30'),
(4397, 422, 1465, 1, 100, '2022-06-30'),
(4398, 39, 1466, 1, 100, '2022-07-02'),
(4399, 31, 1469, 3, 100, '2022-07-02');

-- --------------------------------------------------------

--
-- Table structure for table `branch_tb`
--

CREATE TABLE `branch_tb` (
  `branch_id` int(11) NOT NULL,
  `branch_location` varchar(100) NOT NULL
) ENGINE=InnoDB DEFAULT CHARSET=utf8mb4;

--
-- Dumping data for table `branch_tb`
--

INSERT INTO `branch_tb` (`branch_id`, `branch_location`) VALUES
(1, 'Pulickal Hotel'),
(2, 'Arena Mall'),
(3, 'Victoria Mall'),
(4, 'Imperial Mall'),
(5, 'All');

-- --------------------------------------------------------

--
-- Table structure for table `brand_tb`
--

CREATE TABLE `brand_tb` (
  `brand_id` int(11) NOT NULL,
  `brand_name` varchar(100) NOT NULL,
  `created_at` timestamp NOT NULL DEFAULT current_timestamp(),
  `modified_at` timestamp NOT NULL DEFAULT current_timestamp(),
  `deleted_at` varchar(100) NOT NULL DEFAULT '0000-00-00 00-00-00'
) ENGINE=InnoDB DEFAULT CHARSET=utf8mb4;

--
-- Dumping data for table `brand_tb`
--

INSERT INTO `brand_tb` (`brand_id`, `brand_name`, `created_at`, `modified_at`, `deleted_at`) VALUES
(1, '511', '2022-04-05 01:42:30', '2022-04-05 01:42:30', '0000-00-00 00-00-00'),
(2, 'Under Armour', '2022-04-05 01:42:30', '2022-04-05 01:42:30', '0000-00-00 00-00-00'),
(3, 'North Face', '2022-04-05 01:42:30', '2022-04-05 01:42:30', '0000-00-00 00-00-00'),
(4, 'Jack Wolfskin', '2022-04-05 01:42:30', '2022-04-05 01:42:30', '0000-00-00 00-00-00'),
(5, 'Columbia', '2022-04-05 01:42:30', '2022-04-05 01:42:30', '0000-00-00 00-00-00'),
(6, 'Merrell', '2022-04-05 01:42:30', '2022-04-05 01:42:30', '0000-00-00 00-00-00'),
(7, 'CAT', '2022-04-05 01:42:30', '2022-04-05 01:42:30', '0000-00-00 00-00-00'),
(8, 'Parajohn', '2022-04-05 01:42:30', '2022-04-05 01:42:30', '0000-00-00 00-00-00'),
(9, 'Leatherman', '2022-04-05 01:42:30', '2022-04-05 01:42:30', '0000-00-00 00-00-00'),
(10, 'Other Brands', '2022-04-05 01:42:30', '2022-04-05 01:42:30', '0000-00-00 00-00-00'),
(11, 'Nike', '2022-04-05 01:42:30', '2022-04-05 01:42:30', '0000-00-00 00-00-00'),
(12, 'Addidas', '2022-04-05 01:42:30', '2022-04-05 01:42:30', '0000-00-00 00-00-00'),
(13, 'Calvin Klein', '2022-04-19 05:07:10', '2022-04-19 05:07:10', '0000-00-00 00-00-00');

-- --------------------------------------------------------

--
-- Table structure for table `category_tb`
--

CREATE TABLE `category_tb` (
  `category_id` int(11) NOT NULL,
  `category_name` varchar(100) NOT NULL,
  `description` text NOT NULL,
  `created_at` timestamp NOT NULL DEFAULT current_timestamp(),
  `modified_at` timestamp NOT NULL DEFAULT current_timestamp()
) ENGINE=InnoDB DEFAULT CHARSET=utf8mb4;

--
-- Dumping data for table `category_tb`
--

INSERT INTO `category_tb` (`category_id`, `category_name`, `description`, `created_at`, `modified_at`) VALUES
(1, 'Backpacks', 'All types of tactical and hiking backpacks', '2022-04-05 01:44:41', '2022-04-05 01:44:41'),
(2, 'Pants', 'Tactical pants hinking pants', '2022-04-05 01:44:41', '2022-04-05 01:44:41'),
(3, 'Footwear', 'Tactical, Hiking and sports shoes', '2022-04-05 01:44:41', '2022-04-05 01:44:41'),
(4, 'Accessories', 'All types of field accessories', '2022-04-05 01:44:41', '2022-04-05 01:44:41'),
(5, 'Shirts', 'Short sleeve and long sleeve tactical and hiking shirts', '2022-04-05 01:44:41', '2022-04-05 01:44:41'),
(6, 'Shorts', 'Sports, Tactical and Hiking shorts', '2022-04-05 01:44:41', '2022-04-05 01:44:41'),
(7, 'Jackets', 'Tactical and hiking jackets', '2022-04-05 01:44:41', '2022-04-05 01:44:41'),
(8, 'Suitcases', 'Travel luggage and suitcases', '2022-04-05 01:44:41', '2022-04-05 01:44:41'),
(9, 'T-Shirts', 'Sports and tactical T-shirts and Polos', '2022-04-05 01:44:41', '2022-04-05 01:44:41'),
(10, 'Eyewear', 'Tactical and summer eyewear', '2022-04-05 01:44:41', '2022-04-05 01:44:41'),
(11, 'Caps & Hats', 'Caps & Hats', '2022-04-05 01:44:41', '2022-04-05 01:44:41'),
(12, 'Shoes & Boots', 'Shoes & Boots', '2022-04-05 01:44:41', '2022-04-05 01:44:41'),
(13, 'Jumpers', 'Jumpers', '2022-04-05 01:44:41', '2022-04-05 01:44:41'),
(15, 'Briefs', 'Briefs/Under wears', '2022-04-13 09:34:59', '2022-04-13 09:34:59'),
(18, 'General', 'General Product', '2022-05-04 04:31:16', '2022-05-04 04:31:16');

-- --------------------------------------------------------

--
-- Table structure for table `colour_tb`
--

CREATE TABLE `colour_tb` (
  `colour_id` int(11) NOT NULL,
  `colour_name` varchar(100) NOT NULL,
  `innitual` varchar(30) NOT NULL,
  `created_at` timestamp NOT NULL DEFAULT current_timestamp(),
  `modified_at` timestamp NOT NULL DEFAULT current_timestamp(),
  `deleted_at` varchar(100) NOT NULL DEFAULT '0000-00-00 00:00:00'
) ENGINE=InnoDB DEFAULT CHARSET=utf8mb4;

--
-- Dumping data for table `colour_tb`
--

INSERT INTO `colour_tb` (`colour_id`, `colour_name`, `innitual`, `created_at`, `modified_at`, `deleted_at`) VALUES
(1, 'Assorted', 'N/A', '2022-04-05 01:46:33', '2022-04-05 01:46:33', '0000-00-00 00:00:00'),
(2, 'Black', 'BL', '2022-04-05 01:46:33', '2022-04-05 01:46:33', '0000-00-00 00:00:00'),
(3, 'Blue', 'BU', '2022-04-05 01:46:33', '2022-04-05 01:46:33', '0000-00-00 00:00:00'),
(4, 'Brown', 'BR', '2022-04-05 01:46:33', '2022-04-05 01:46:33', '0000-00-00 00:00:00'),
(5, 'Cerulean', 'CL', '2022-04-05 01:46:33', '2022-04-05 01:46:33', '0000-00-00 00:00:00'),
(6, 'Charcoal', 'CH', '2022-04-05 01:46:33', '2022-04-05 01:46:33', '0000-00-00 00:00:00'),
(7, 'Cornflower blue', 'CB', '2022-04-05 01:46:33', '2022-04-05 01:46:33', '0000-00-00 00:00:00'),
(8, 'Green', 'GN', '2022-04-05 01:46:33', '2022-04-05 01:46:33', '0000-00-00 00:00:00'),
(9, 'Grey', 'GY', '2022-04-05 01:46:33', '2022-04-05 01:46:33', '0000-00-00 00:00:00'),
(10, 'Kakhi', 'KH', '2022-04-05 01:46:33', '2022-04-05 01:46:33', '0000-00-00 00:00:00'),
(11, 'mahogany', 'MN', '2022-04-05 01:46:33', '2022-04-05 01:46:33', '0000-00-00 00:00:00'),
(12, 'Maroon', 'MR', '2022-04-05 01:46:33', '2022-04-05 01:46:33', '0000-00-00 00:00:00'),
(13, 'Navy', 'NY', '2022-04-05 01:46:33', '2022-04-05 01:46:33', '0000-00-00 00:00:00'),
(14, 'Olive Green', 'OG', '2022-04-05 01:46:33', '2022-04-05 01:46:33', '0000-00-00 00:00:00'),
(15, 'Orange', 'OR', '2022-04-05 01:46:33', '2022-04-05 01:46:33', '0000-00-00 00:00:00'),
(16, 'Pink', 'PK', '2022-04-05 01:46:33', '2022-04-05 01:46:33', '0000-00-00 00:00:00'),
(17, 'Process Blue', 'PB', '2022-04-05 01:46:33', '2022-04-05 01:46:33', '0000-00-00 00:00:00'),
(18, 'Purple', 'PP', '2022-04-05 01:46:33', '2022-04-05 01:46:33', '0000-00-00 00:00:00'),
(19, 'Red', 'RD', '2022-04-05 01:46:33', '2022-04-05 01:46:33', '0000-00-00 00:00:00'),
(20, 'Rubin Red', 'RB', '2022-04-05 01:46:33', '2022-04-05 01:46:33', '0000-00-00 00:00:00'),
(21, 'Sea Green', 'SG', '2022-04-05 01:46:33', '2022-04-05 01:46:33', '0000-00-00 00:00:00'),
(22, 'Sky Blue', 'SB', '2022-04-05 01:46:33', '2022-04-05 01:46:33', '0000-00-00 00:00:00'),
(23, 'White', 'WH', '2022-04-05 01:46:33', '2022-04-05 01:46:33', '0000-00-00 00:00:00'),
(24, 'Wild Strawberry', 'WS', '2022-04-05 01:46:33', '2022-04-05 01:46:33', '0000-00-00 00:00:00'),
(25, 'Yellow', 'YL', '2022-04-05 01:46:33', '2022-04-05 01:46:33', '0000-00-00 00:00:00'),
(26, 'Coyote', 'CY', '2022-04-05 01:46:33', '2022-04-05 01:46:33', '0000-00-00 00:00:00'),
(27, 'N/A', 'NA', '2022-04-05 01:46:33', '2022-04-05 01:46:33', '0000-00-00 00:00:00'),
(28, 'Dark Blue', 'DB', '2022-04-05 01:46:33', '2022-04-05 01:46:33', '0000-00-00 00:00:00'),
(29, 'Aqua Blue', 'AB', '2022-04-05 01:46:33', '2022-04-05 01:46:33', '0000-00-00 00:00:00'),
(30, 'Light Blue', 'LB', '2022-04-05 01:46:33', '2022-04-05 01:46:33', '0000-00-00 00:00:00');

-- --------------------------------------------------------

--
-- Table structure for table `currency_tb`
--

CREATE TABLE `currency_tb` (
  `id` int(11) NOT NULL,
  `name` varchar(30) NOT NULL,
  `rate` float NOT NULL,
  `symbol` varchar(20) NOT NULL,
  `created_at` date NOT NULL
) ENGINE=InnoDB DEFAULT CHARSET=utf8mb4;

--
-- Dumping data for table `currency_tb`
--

INSERT INTO `currency_tb` (`id`, `name`, `rate`, `symbol`, `created_at`) VALUES
(1, 'Dollars', 3500, '$', '2022-05-02'),
(2, 'Shillings', 0, '/=', '2022-05-02');

-- --------------------------------------------------------

--
-- Table structure for table `customer_tb`
--

CREATE TABLE `customer_tb` (
  `customer_id` int(11) NOT NULL,
  `fname` varchar(25) NOT NULL,
  `lname` varchar(50) NOT NULL,
  `email` varchar(30) NOT NULL,
  `telephone` varchar(12) NOT NULL,
  `date` varchar(30) NOT NULL
) ENGINE=InnoDB DEFAULT CHARSET=utf8mb4;

--
-- Dumping data for table `customer_tb`
--

INSERT INTO `customer_tb` (`customer_id`, `fname`, `lname`, `email`, `telephone`, `date`) VALUES
(1, 'Default', 'Default', 'tactical.ug@gmail.com', '0754244838', '2022-06-20'),
(2, 'Anderson ', 'Canoas', 'ANDERSON.CANOAS@GMAIL.COM', '+55559918162', '2022-06-23');

-- --------------------------------------------------------

--
-- Table structure for table `day_tb`
--

CREATE TABLE `day_tb` (
  `day_id` int(11) NOT NULL,
  `day_name` varchar(50) NOT NULL
) ENGINE=InnoDB DEFAULT CHARSET=utf8mb4;

--
-- Dumping data for table `day_tb`
--

INSERT INTO `day_tb` (`day_id`, `day_name`) VALUES
(1, 'Monday'),
(2, 'Tuesday'),
(3, 'Wednesday'),
(4, 'Thursday'),
(5, 'Friday'),
(6, 'Saturday'),
(7, 'Sunday');

-- --------------------------------------------------------

--
-- Table structure for table `discount_tb`
--

CREATE TABLE `discount_tb` (
  `discount_id` int(11) NOT NULL,
  `discount_name` varchar(100) NOT NULL,
  `description` text NOT NULL,
  `discount_percentage` int(11) NOT NULL,
  `created_at` timestamp NOT NULL DEFAULT current_timestamp(),
  `modified_at` timestamp NOT NULL DEFAULT current_timestamp(),
  `delete_at` varchar(100) NOT NULL DEFAULT '0000-00-00 00:00:00'
) ENGINE=InnoDB DEFAULT CHARSET=utf8mb4;

--
-- Dumping data for table `discount_tb`
--

INSERT INTO `discount_tb` (`discount_id`, `discount_name`, `description`, `discount_percentage`, `created_at`, `modified_at`, `delete_at`) VALUES
(1, 'Normal', 'Customer who asks for normal discount', 5, '2022-04-05 01:51:01', '2022-04-05 01:51:01', '0000-00-00 00:00:00'),
(2, 'Bulk', 'Customer who buys in bulk', 8, '2022-04-05 01:51:01', '2022-04-05 01:51:01', '0000-00-00 00:00:00'),
(3, 'Sale', 'Goods on sale promotions', 10, '2022-04-05 01:51:01', '2022-04-05 01:51:01', '0000-00-00 00:00:00'),
(4, 'Special', 'Clearance sale (dead stock)', 20, '2022-04-05 01:51:01', '2022-04-05 01:51:01', '0000-00-00 00:00:00'),
(5, 'Nil', 'No discount', 0, '2022-04-05 01:51:01', '2022-04-05 01:51:01', '0000-00-00 00:00:00');

-- --------------------------------------------------------

--
-- Table structure for table `inventory_product_images_tb`
--

CREATE TABLE `inventory_product_images_tb` (
  `image_id` int(11) NOT NULL,
  `inventory_id` int(11) NOT NULL,
  `image_name` varchar(50) NOT NULL DEFAULT 'default.png',
  `colour_id` int(11) NOT NULL,
  `product_id` int(11) NOT NULL
) ENGINE=InnoDB DEFAULT CHARSET=utf8mb4;

--
-- Dumping data for table `inventory_product_images_tb`
--

INSERT INTO `inventory_product_images_tb` (`image_id`, `inventory_id`, `image_name`, `colour_id`, `product_id`) VALUES
(1, 1, 'default.png', 4, 1),
(2, 2, 'default.png', 4, 1),
(3, 3, 'default.png', 4, 1),
(4, 4, 'default.png', 4, 1),
(5, 5, 'default.png', 4, 1),
(6, 6, 'default.png', 10, 1),
(7, 7, 'default.png', 10, 1),
(8, 8, 'default.png', 10, 1),
(9, 9, 'default.png', 10, 1),
(10, 10, 'default.png', 10, 1),
(11, 11, 'default.png', 10, 1),
(12, 12, 'default.png', 10, 1),
(13, 13, 'default.png', 10, 1),
(14, 14, 'default.png', 8, 1),
(15, 15, 'default.png', 8, 1),
(16, 16, 'default.png', 8, 1),
(17, 17, 'default.png', 2, 1),
(18, 18, 'default.png', 2, 1),
(19, 19, 'default.png', 2, 1),
(20, 20, 'default.png', 2, 1),
(21, 21, 'default.png', 2, 1),
(22, 22, 'default.png', 6, 1),
(23, 23, 'default.png', 6, 1),
(24, 24, 'default.png', 6, 1),
(25, 25, 'default.png', 6, 1),
(26, 26, 'default.png', 6, 1),
(27, 27, 'default.png', 6, 1),
(28, 28, 'default.png', 6, 1),
(29, 29, 'default.png', 6, 1),
(30, 30, 'default.png', 6, 1),
(31, 31, 'default.png', 13, 1),
(32, 32, 'default.png', 13, 1),
(33, 33, 'default.png', 13, 1),
(34, 34, 'default.png', 13, 1),
(35, 35, 'default.png', 13, 1),
(36, 36, 'default.png', 26, 1),
(37, 37, 'default.png', 26, 1),
(38, 38, 'default.png', 2, 2),
(39, 39, 'default.png', 2, 2),
(40, 40, 'default.png', 2, 2),
(41, 41, 'default.png', 2, 2),
(42, 42, 'default.png', 6, 2),
(43, 43, 'default.png', 6, 2),
(44, 44, 'default.png', 6, 2),
(45, 45, 'default.png', 6, 2),
(46, 46, 'default.png', 6, 2),
(47, 47, 'default.png', 13, 2),
(48, 48, 'default.png', 13, 2),
(49, 49, 'default.png', 13, 2),
(50, 50, 'default.png', 13, 2),
(51, 51, 'default.png', 9, 2),
(52, 52, 'default.png', 9, 2),
(53, 53, 'default.png', 8, 2),
(54, 54, 'default.png', 13, 3),
(55, 55, 'default.png', 13, 3),
(56, 56, 'default.png', 13, 3),
(57, 57, 'default.png', 13, 3),
(58, 58, 'default.png', 13, 3),
(59, 59, 'default.png', 13, 3),
(60, 60, 'default.png', 2, 3),
(61, 61, 'default.png', 2, 3),
(62, 62, 'default.png', 2, 3),
(63, 63, 'default.png', 2, 3),
(64, 64, 'default.png', 2, 3),
(65, 65, 'default.png', 2, 3),
(66, 66, 'default.png', 6, 3),
(67, 67, 'default.png', 10, 4),
(68, 68, 'default.png', 10, 4),
(69, 69, 'default.png', 8, 4),
(70, 70, 'default.png', 8, 4),
(71, 71, 'default.png', 8, 4),
(72, 72, 'default.png', 6, 4),
(73, 73, 'default.png', 6, 4),
(74, 74, 'default.png', 6, 4),
(75, 75, 'default.png', 9, 17),
(76, 76, 'default.png', 9, 17),
(77, 77, 'default.png', 9, 17),
(78, 78, 'default.png', 9, 17),
(79, 79, 'default.png', 9, 17),
(80, 80, 'default.png', 2, 17),
(81, 81, 'default.png', 2, 17),
(82, 82, 'default.png', 2, 17),
(83, 83, 'default.png', 2, 17),
(84, 84, 'default.png', 2, 17),
(85, 85, 'default.png', 2, 17),
(86, 86, 'default.png', 10, 5),
(87, 87, 'default.png', 10, 5),
(88, 88, 'default.png', 10, 5),
(89, 89, 'default.png', 10, 5),
(90, 90, 'default.png', 10, 5),
(91, 91, 'default.png', 10, 5),
(92, 92, 'default.png', 10, 5),
(93, 93, 'default.png', 13, 5),
(94, 94, 'default.png', 13, 5),
(95, 95, 'default.png', 13, 5),
(96, 96, 'default.png', 13, 5),
(97, 97, 'default.png', 13, 5),
(98, 98, 'default.png', 13, 5),
(99, 99, 'default.png', 13, 5),
(100, 100, 'default.png', 13, 5),
(101, 101, 'default.png', 8, 5),
(102, 102, 'default.png', 8, 5),
(103, 103, 'default.png', 8, 5),
(104, 104, 'default.png', 8, 5),
(105, 105, 'default.png', 8, 5),
(106, 106, 'default.png', 8, 5),
(107, 107, 'default.png', 4, 5),
(108, 108, 'default.png', 4, 5),
(109, 109, 'default.png', 6, 5),
(110, 110, 'default.png', 6, 5),
(111, 111, 'default.png', 6, 5),
(112, 112, 'default.png', 6, 5),
(113, 113, 'default.png', 6, 5),
(114, 114, 'default.png', 26, 5),
(115, 115, 'default.png', 26, 5),
(116, 116, 'default.png', 26, 5),
(117, 117, 'default.png', 2, 5),
(118, 118, 'default.png', 2, 5),
(119, 119, 'default.png', 2, 5),
(120, 120, 'default.png', 2, 5),
(121, 121, 'default.png', 2, 5),
(122, 122, 'default.png', 2, 5),
(123, 123, 'default.png', 2, 5),
(124, 124, 'default.png', 2, 5),
(125, 125, 'default.png', 2, 5),
(126, 126, 'default.png', 2, 5),
(127, 127, 'default.png', 2, 5),
(128, 128, 'default.png', 4, 6),
(129, 129, 'default.png', 2, 6),
(130, 130, 'default.png', 2, 6),
(131, 131, 'default.png', 2, 6),
(132, 132, 'default.png', 2, 6),
(133, 133, 'default.png', 13, 6),
(134, 134, 'default.png', 13, 6),
(135, 135, 'default.png', 13, 6),
(136, 136, 'default.png', 13, 6),
(137, 137, 'default.png', 13, 6),
(138, 138, 'default.png', 8, 6),
(139, 139, 'default.png', 8, 6),
(140, 140, 'default.png', 10, 7),
(141, 141, 'default.png', 10, 7),
(142, 142, 'default.png', 10, 7),
(143, 143, 'default.png', 10, 7),
(144, 144, 'default.png', 6, 7),
(145, 145, 'default.png', 6, 7),
(146, 146, 'default.png', 6, 7),
(147, 147, 'default.png', 13, 7),
(148, 148, 'default.png', 13, 7),
(149, 149, 'default.png', 13, 7),
(150, 150, 'default.png', 13, 7),
(151, 151, 'default.png', 9, 7),
(152, 152, 'default.png', 9, 7),
(153, 153, 'default.png', 2, 7),
(154, 154, 'default.png', 2, 7),
(155, 155, 'default.png', 2, 40),
(156, 156, 'default.png', 9, 40),
(157, 157, 'default.png', 9, 40),
(158, 158, 'default.png', 10, 8),
(159, 159, 'default.png', 10, 8),
(160, 160, 'default.png', 10, 8),
(161, 161, 'default.png', 10, 8),
(162, 162, 'default.png', 9, 8),
(163, 163, 'default.png', 9, 8),
(164, 164, 'default.png', 9, 8),
(165, 165, 'default.png', 9, 8),
(166, 166, 'default.png', 9, 8),
(167, 167, 'default.png', 10, 9),
(168, 168, 'default.png', 10, 9),
(169, 169, 'default.png', 10, 9),
(170, 170, 'default.png', 10, 9),
(171, 171, 'default.png', 10, 9),
(172, 172, 'default.png', 10, 9),
(173, 173, 'default.png', 10, 9),
(174, 174, 'default.png', 10, 9),
(175, 175, 'default.png', 10, 9),
(176, 176, 'default.png', 10, 9),
(177, 177, 'default.png', 10, 9),
(178, 178, 'default.png', 2, 9),
(179, 179, 'default.png', 2, 9),
(180, 180, 'default.png', 2, 9),
(181, 181, 'default.png', 2, 9),
(182, 182, 'default.png', 2, 9),
(183, 183, 'default.png', 2, 9),
(184, 184, 'default.png', 2, 9),
(185, 185, 'default.png', 2, 9),
(186, 186, 'default.png', 2, 9),
(187, 187, 'default.png', 2, 9),
(188, 188, 'default.png', 2, 9),
(189, 189, 'default.png', 2, 9),
(190, 190, 'default.png', 2, 9),
(191, 191, 'default.png', 13, 9),
(192, 192, 'default.png', 13, 9),
(193, 193, 'default.png', 13, 9),
(194, 194, 'default.png', 13, 9),
(195, 195, 'default.png', 13, 9),
(196, 196, 'default.png', 13, 9),
(197, 197, 'default.png', 13, 9),
(198, 198, 'default.png', 13, 9),
(199, 199, 'default.png', 13, 9),
(200, 200, 'default.png', 13, 9),
(201, 201, 'default.png', 13, 9),
(202, 202, 'default.png', 13, 9),
(203, 203, 'default.png', 13, 9),
(204, 204, 'default.png', 13, 9),
(205, 205, 'default.png', 13, 9),
(206, 206, 'default.png', 13, 9),
(207, 207, 'default.png', 13, 12),
(208, 208, 'default.png', 6, 12),
(209, 209, 'default.png', 9, 12),
(210, 210, 'default.png', 8, 12),
(211, 211, 'default.png', 2, 10),
(212, 212, 'default.png', 2, 10),
(213, 213, 'default.png', 2, 10),
(214, 214, 'default.png', 2, 10),
(215, 215, 'default.png', 2, 10),
(216, 216, 'default.png', 26, 10),
(217, 217, 'default.png', 26, 10),
(218, 218, 'default.png', 26, 10),
(219, 219, 'default.png', 26, 10),
(220, 220, 'default.png', 26, 10),
(221, 221, 'default.png', 26, 10),
(222, 222, 'default.png', 10, 10),
(223, 223, 'default.png', 10, 10),
(224, 224, 'default.png', 10, 10),
(225, 225, 'default.png', 10, 10),
(226, 226, 'default.png', 10, 10),
(227, 227, 'default.png', 10, 10),
(228, 228, 'default.png', 10, 10),
(229, 229, 'default.png', 6, 10),
(230, 230, 'default.png', 6, 10),
(231, 231, 'default.png', 6, 10),
(232, 232, 'default.png', 6, 10),
(233, 233, 'default.png', 6, 10),
(234, 234, 'default.png', 6, 10),
(235, 235, 'default.png', 6, 10),
(236, 236, 'default.png', 6, 10),
(237, 237, 'default.png', 4, 10),
(238, 238, 'default.png', 4, 10),
(239, 239, 'default.png', 4, 10),
(240, 240, 'default.png', 4, 10),
(241, 241, 'default.png', 4, 10),
(242, 242, 'default.png', 4, 10),
(243, 243, 'default.png', 4, 10),
(244, 244, 'default.png', 2, 14),
(245, 245, 'default.png', 2, 14),
(246, 246, 'default.png', 2, 14),
(247, 247, 'default.png', 8, 14),
(248, 248, 'default.png', 8, 14),
(249, 249, 'default.png', 8, 14),
(250, 250, 'default.png', 8, 14),
(251, 251, 'default.png', 10, 14),
(252, 252, 'default.png', 10, 14),
(253, 253, 'default.png', 10, 14),
(254, 254, 'default.png', 10, 14),
(255, 255, 'default.png', 10, 14),
(256, 256, 'default.png', 4, 14),
(257, 257, 'default.png', 4, 14),
(258, 258, 'default.png', 2, 15),
(259, 259, 'default.png', 2, 15),
(260, 260, 'default.png', 2, 15),
(261, 261, 'default.png', 2, 15),
(262, 262, 'default.png', 2, 15),
(263, 263, 'default.png', 2, 15),
(264, 264, 'default.png', 2, 15),
(265, 265, 'default.png', 2, 15),
(266, 266, 'default.png', 10, 15),
(267, 267, 'default.png', 10, 15),
(268, 268, 'default.png', 10, 15),
(269, 269, 'default.png', 10, 15),
(270, 270, 'default.png', 10, 15),
(271, 271, 'default.png', 10, 15),
(272, 272, 'default.png', 10, 15),
(273, 273, 'default.png', 8, 15),
(274, 274, 'default.png', 8, 15),
(275, 275, 'default.png', 8, 15),
(276, 276, 'default.png', 8, 15),
(277, 277, 'default.png', 8, 15),
(278, 278, 'default.png', 8, 15),
(279, 279, 'default.png', 13, 15),
(280, 280, 'default.png', 13, 15),
(281, 281, 'default.png', 13, 15),
(282, 282, 'default.png', 13, 15),
(283, 283, 'default.png', 6, 15),
(284, 284, 'default.png', 6, 15),
(285, 285, 'default.png', 6, 15),
(286, 286, 'default.png', 6, 15),
(287, 287, 'default.png', 6, 15),
(288, 288, 'default.png', 6, 18),
(289, 289, 'default.png', 6, 18),
(290, 290, 'default.png', 6, 18),
(291, 291, 'default.png', 6, 18),
(292, 292, 'default.png', 6, 18),
(293, 293, 'default.png', 6, 18),
(294, 294, 'default.png', 6, 18),
(295, 295, 'default.png', 2, 18),
(296, 296, 'default.png', 2, 18),
(297, 297, 'default.png', 2, 18),
(298, 298, 'default.png', 2, 18),
(299, 299, 'default.png', 2, 18),
(300, 300, 'default.png', 2, 18),
(301, 301, 'default.png', 2, 18),
(302, 302, 'default.png', 13, 18),
(303, 303, 'default.png', 13, 18),
(304, 304, 'default.png', 13, 18),
(305, 305, 'default.png', 13, 18),
(306, 306, 'default.png', 13, 18),
(307, 307, 'default.png', 13, 18),
(308, 308, 'default.png', 13, 18),
(309, 309, 'default.png', 15, 19),
(310, 310, 'default.png', 15, 19),
(311, 311, 'default.png', 15, 19),
(312, 312, 'default.png', 3, 19),
(313, 313, 'default.png', 3, 19),
(314, 314, 'default.png', 8, 19),
(315, 315, 'default.png', 9, 20),
(316, 316, 'default.png', 9, 20),
(317, 317, 'default.png', 9, 20),
(318, 318, 'default.png', 9, 20),
(319, 319, 'default.png', 6, 20),
(320, 320, 'default.png', 6, 20),
(321, 321, 'default.png', 2, 20),
(322, 322, 'default.png', 8, 20),
(323, 323, 'default.png', 4, 22),
(324, 324, 'default.png', 4, 22),
(325, 325, 'default.png', 4, 23),
(326, 326, 'default.png', 4, 23),
(327, 327, 'default.png', 4, 23),
(328, 328, 'default.png', 8, 23),
(329, 329, 'default.png', 8, 23),
(330, 330, 'default.png', 10, 23),
(331, 331, 'default.png', 10, 23),
(332, 332, 'default.png', 10, 23),
(333, 333, 'default.png', 26, 25),
(334, 334, 'default.png', 26, 25),
(335, 335, 'default.png', 8, 25),
(336, 336, 'default.png', 13, 25),
(337, 337, 'default.png', 13, 26),
(338, 338, 'default.png', 13, 26),
(339, 339, 'default.png', 2, 26),
(340, 340, 'default.png', 2, 26),
(341, 341, 'default.png', 2, 26),
(342, 342, 'default.png', 2, 26),
(343, 343, 'default.png', 8, 26),
(344, 344, 'default.png', 8, 26),
(345, 345, 'default.png', 4, 26),
(346, 346, 'default.png', 4, 26),
(347, 347, 'default.png', 4, 26),
(348, 348, 'default.png', 13, 24),
(349, 349, 'default.png', 13, 24),
(350, 350, 'default.png', 13, 24),
(351, 351, 'default.png', 2, 24),
(352, 352, 'default.png', 2, 24),
(353, 353, 'default.png', 2, 24),
(354, 354, 'default.png', 6, 24),
(355, 355, 'default.png', 8, 24),
(356, 356, 'default.png', 8, 24),
(357, 357, 'default.png', 8, 24),
(358, 358, 'default.png', 10, 24),
(359, 359, 'default.png', 10, 24),
(360, 360, 'default.png', 27, 31),
(361, 361, 'default.png', 27, 31),
(362, 362, 'default.png', 27, 31),
(363, 363, 'default.png', 27, 31),
(364, 364, 'default.png', 27, 31),
(365, 365, 'default.png', 27, 31),
(366, 366, 'default.png', 27, 28),
(367, 367, 'default.png', 27, 28),
(368, 368, 'default.png', 27, 28),
(369, 369, 'default.png', 27, 28),
(370, 370, 'default.png', 27, 28),
(371, 371, 'default.png', 27, 29),
(372, 372, 'default.png', 27, 29),
(373, 373, 'default.png', 27, 29),
(374, 374, 'default.png', 27, 29),
(375, 375, 'default.png', 27, 30),
(376, 376, 'default.png', 27, 30),
(377, 377, 'default.png', 27, 30),
(378, 378, 'default.png', 27, 30),
(379, 379, 'default.png', 27, 31),
(380, 380, 'default.png', 27, 31),
(381, 381, 'default.png', 27, 31),
(382, 382, 'default.png', 27, 31),
(383, 383, 'default.png', 27, 32),
(384, 384, 'default.png', 27, 32),
(385, 385, 'default.png', 27, 32),
(386, 386, 'default.png', 27, 32),
(387, 387, 'default.png', 27, 33),
(388, 388, 'default.png', 27, 33),
(389, 389, 'default.png', 27, 33),
(390, 390, 'default.png', 27, 41),
(391, 391, 'default.png', 27, 41),
(392, 392, 'default.png', 27, 41),
(393, 393, 'default.png', 27, 41),
(394, 394, 'default.png', 27, 42),
(395, 395, 'default.png', 27, 42),
(396, 396, 'default.png', 27, 42),
(397, 397, 'default.png', 27, 42),
(398, 398, 'default.png', 27, 42),
(399, 399, 'default.png', 10, 43),
(400, 400, 'default.png', 10, 43),
(401, 401, 'default.png', 10, 43),
(402, 402, 'default.png', 10, 43),
(403, 403, 'default.png', 10, 43),
(404, 404, 'default.png', 10, 43),
(405, 405, 'default.png', 4, 43),
(406, 406, 'default.png', 4, 43),
(407, 407, 'default.png', 4, 43),
(408, 408, 'default.png', 23, 43),
(409, 409, 'default.png', 23, 43),
(410, 410, 'default.png', 23, 43),
(411, 411, 'default.png', 23, 43),
(412, 412, 'default.png', 23, 43),
(413, 413, 'default.png', 2, 43),
(414, 414, 'default.png', 2, 43),
(415, 415, 'default.png', 2, 43),
(416, 416, 'default.png', 2, 43),
(417, 417, 'default.png', 2, 43),
(418, 418, 'default.png', 8, 43),
(419, 419, 'default.png', 8, 43),
(420, 420, 'default.png', 8, 43),
(421, 421, 'default.png', 8, 43),
(422, 422, 'default.png', 8, 43),
(423, 423, 'default.png', 13, 43),
(424, 424, 'default.png', 13, 43),
(425, 425, 'default.png', 13, 43),
(426, 426, 'default.png', 13, 43),
(427, 427, 'default.png', 13, 43),
(428, 428, 'default.png', 13, 43),
(429, 429, 'default.png', 13, 43),
(430, 430, 'default.png', 6, 43),
(431, 431, 'default.png', 6, 43),
(432, 432, 'default.png', 6, 43),
(433, 433, 'default.png', 6, 43),
(434, 434, 'default.png', 30, 43),
(435, 435, 'default.png', 29, 43),
(436, 436, 'default.png', 29, 43),
(437, 437, 'default.png', 29, 43),
(438, 438, 'default.png', 23, 43),
(439, 439, 'default.png', 23, 43),
(440, 440, 'default.png', 23, 43),
(441, 441, 'default.png', 23, 43),
(442, 442, 'default.png', 2, 43),
(443, 443, 'default.png', 2, 43),
(444, 444, 'default.png', 2, 43),
(445, 445, 'default.png', 2, 43),
(446, 446, 'default.png', 2, 43),
(447, 447, 'default.png', 2, 43),
(448, 448, 'default.png', 8, 43),
(449, 449, 'default.png', 8, 43),
(450, 450, 'default.png', 8, 43),
(451, 451, 'default.png', 8, 43),
(452, 452, 'default.png', 13, 43),
(453, 453, 'default.png', 13, 43),
(454, 454, 'default.png', 13, 43),
(455, 455, 'default.png', 13, 43),
(456, 456, 'default.png', 13, 43),
(457, 457, 'default.png', 10, 43),
(458, 458, 'default.png', 10, 43),
(459, 459, 'default.png', 10, 43),
(460, 460, 'default.png', 10, 43),
(461, 461, 'default.png', 10, 43),
(462, 462, 'default.png', 4, 43),
(463, 463, 'default.png', 4, 43),
(464, 464, 'default.png', 4, 43),
(465, 465, 'default.png', 4, 43),
(466, 466, 'default.png', 4, 43),
(467, 467, 'default.png', 4, 43),
(468, 468, 'default.png', 6, 43),
(469, 469, 'default.png', 6, 43),
(470, 470, 'default.png', 6, 43),
(471, 471, 'default.png', 29, 43),
(472, 472, 'default.png', 10, 45),
(473, 473, 'default.png', 9, 45),
(474, 474, 'default.png', 9, 45),
(475, 475, 'default.png', 8, 45),
(476, 476, 'default.png', 8, 45),
(477, 477, 'default.png', 8, 45),
(478, 478, 'default.png', 8, 45),
(479, 479, 'default.png', 6, 45),
(480, 480, 'default.png', 6, 45),
(481, 481, 'default.png', 2, 10),
(482, 482, 'default.png', 13, 43),
(483, 483, 'default.png', 10, 1),
(484, 484, 'default.png', 27, 47),
(485, 485, 'default.png', 27, 48),
(486, 486, 'default.png', 27, 49),
(487, 487, 'default.png', 27, 50),
(488, 488, 'default.png', 27, 51),
(489, 489, 'default.png', 4, 52),
(490, 490, 'default.png', 10, 7),
(491, 491, 'default.png', 6, 7),
(492, 492, 'default.png', 23, 54),
(493, 493, 'default.png', 23, 54),
(494, 494, 'default.png', 3, 54),
(495, 495, 'default.png', 8, 56),
(496, 496, 'default.png', 27, 57),
(497, 497, 'default.png', 27, 52),
(498, 498, 'default.png', 27, 52),
(499, 499, 'default.png', 27, 58),
(500, 500, 'default.png', 4, 59),
(501, 501, 'default.png', 8, 60),
(502, 502, 'default.png', 8, 47),
(503, 503, 'default.png', 27, 61),
(504, 504, 'default.png', 27, 56),
(505, 505, 'default.png', 27, 62),
(506, 506, 'default.png', 23, 54),
(507, 507, 'default.png', 8, 44),
(508, 508, 'default.png', 27, 52),
(509, 509, 'default.png', 10, 1),
(510, 510, 'default.png', 10, 1),
(511, 511, 'default.png', 10, 1),
(512, 512, 'default.png', 10, 1),
(513, 513, 'default.png', 10, 1),
(514, 514, 'default.png', 10, 1),
(515, 515, 'default.png', 6, 1),
(516, 516, 'default.png', 6, 1),
(517, 517, 'default.png', 6, 1),
(518, 518, 'default.png', 6, 1),
(519, 519, 'default.png', 13, 1),
(520, 520, 'default.png', 13, 1),
(521, 521, 'default.png', 10, 11),
(522, 522, 'default.png', 10, 11),
(523, 523, 'default.png', 10, 11),
(524, 524, 'default.png', 10, 11),
(525, 525, 'default.png', 26, 11),
(526, 526, 'default.png', 26, 11),
(527, 527, 'default.png', 26, 11),
(528, 528, 'default.png', 9, 11),
(529, 529, 'default.png', 9, 11),
(530, 530, 'default.png', 9, 11),
(531, 531, 'default.png', 9, 11),
(532, 532, 'default.png', 9, 11),
(533, 533, 'default.png', 9, 11),
(534, 534, 'default.png', 2, 11),
(535, 535, 'default.png', 2, 11),
(536, 536, 'default.png', 2, 11),
(537, 537, 'default.png', 2, 11),
(538, 538, 'default.png', 2, 11),
(539, 539, 'default.png', 2, 72),
(540, 540, 'default.png', 2, 72),
(541, 541, 'default.png', 2, 72),
(542, 542, 'default.png', 2, 72),
(543, 543, 'default.png', 2, 72),
(544, 544, 'default.png', 2, 72),
(545, 545, 'default.png', 2, 72),
(546, 546, 'default.png', 13, 72),
(547, 547, 'default.png', 13, 72),
(548, 548, 'default.png', 13, 72),
(549, 549, 'default.png', 13, 72),
(550, 550, 'default.png', 13, 72),
(551, 551, 'default.png', 13, 72),
(552, 552, 'default.png', 8, 72),
(553, 553, 'default.png', 9, 39),
(554, 554, 'default.png', 9, 39),
(555, 555, 'default.png', 6, 39),
(556, 556, 'default.png', 6, 39),
(557, 557, 'default.png', 2, 39),
(558, 558, 'default.png', 27, 73),
(559, 559, 'default.png', 27, 73),
(560, 560, 'default.png', 2, 74),
(561, 561, 'default.png', 10, 74),
(562, 562, 'default.png', 3, 75),
(563, 563, 'default.png', 3, 75),
(564, 564, 'default.png', 3, 75),
(565, 565, 'default.png', 2, 75),
(566, 566, 'default.png', 2, 75),
(567, 567, 'default.png', 2, 75),
(568, 568, 'default.png', 3, 76),
(569, 569, 'default.png', 27, 77),
(570, 570, 'default.png', 27, 78),
(571, 571, 'default.png', 27, 79),
(572, 572, 'default.png', 4, 79),
(573, 573, 'default.png', 4, 79),
(574, 574, 'default.png', 4, 79),
(575, 575, 'default.png', 4, 79),
(576, 576, 'default.png', 4, 79),
(577, 577, 'default.png', 13, 79),
(578, 578, 'default.png', 13, 79),
(579, 579, 'default.png', 13, 79),
(580, 580, 'default.png', 13, 79),
(581, 581, 'default.png', 2, 79),
(582, 582, 'default.png', 2, 79),
(583, 583, 'default.png', 2, 79),
(584, 584, 'default.png', 2, 79),
(585, 585, 'default.png', 8, 79),
(586, 586, 'default.png', 8, 79),
(587, 587, 'default.png', 8, 79),
(588, 588, 'default.png', 10, 79),
(589, 589, 'default.png', 10, 79),
(590, 590, 'default.png', 10, 79),
(591, 591, 'default.png', 10, 79),
(592, 592, 'default.png', 27, 80),
(593, 593, 'default.png', 27, 81),
(594, 594, 'default.png', 2, 82),
(595, 595, 'default.png', 4, 82),
(596, 596, 'default.png', 10, 82),
(597, 597, 'default.png', 27, 21),
(598, 598, 'default.png', 27, 21),
(599, 599, 'default.png', 27, 21),
(600, 600, 'default.png', 27, 21),
(601, 601, 'default.png', 10, 34),
(602, 602, 'default.png', 10, 34),
(603, 603, 'default.png', 10, 34),
(604, 604, 'default.png', 27, 83),
(605, 605, 'default.png', 27, 83),
(606, 606, 'default.png', 27, 36),
(607, 607, 'default.png', 27, 37),
(608, 608, 'default.png', 27, 38),
(609, 609, 'default.png', 27, 68),
(610, 610, 'default.png', 27, 69),
(611, 611, 'default.png', 27, 70),
(612, 612, 'default.png', 27, 71),
(613, 613, 'default.png', 27, 84),
(614, 614, 'default.png', 27, 85),
(615, 615, 'default.png', 27, 86),
(616, 616, 'default.png', 27, 87),
(617, 617, 'default.png', 27, 88),
(618, 618, 'default.png', 27, 90),
(619, 619, 'default.png', 27, 91),
(620, 620, 'default.png', 27, 92),
(621, 621, 'default.png', 23, 54),
(622, 622, 'default.png', 10, 43),
(623, 623, 'default.png', 10, 43),
(624, 624, 'default.png', 10, 43),
(625, 625, 'default.png', 10, 43),
(626, 626, 'default.png', 13, 43),
(627, 627, 'default.png', 13, 43),
(628, 628, 'default.png', 13, 43),
(629, 629, 'default.png', 13, 43),
(630, 630, 'default.png', 13, 43),
(631, 631, 'default.png', 13, 43),
(632, 632, 'default.png', 13, 43),
(633, 633, 'default.png', 13, 43),
(634, 634, 'default.png', 13, 43),
(635, 635, 'default.png', 2, 43),
(636, 636, 'default.png', 2, 43),
(637, 637, 'default.png', 2, 43),
(638, 638, 'default.png', 2, 43),
(639, 639, 'default.png', 2, 43),
(640, 640, 'default.png', 2, 43),
(641, 641, 'default.png', 2, 43),
(642, 642, 'default.png', 2, 43),
(643, 643, 'default.png', 4, 43),
(644, 644, 'default.png', 4, 43),
(645, 645, 'default.png', 4, 43),
(646, 646, 'default.png', 4, 43),
(647, 647, 'default.png', 8, 43),
(648, 648, 'default.png', 8, 43),
(649, 649, 'default.png', 8, 43),
(650, 650, 'default.png', 8, 43),
(651, 651, 'default.png', 8, 43),
(652, 652, 'default.png', 6, 43),
(653, 653, 'default.png', 6, 43),
(654, 654, 'default.png', 6, 43),
(655, 655, 'default.png', 23, 43),
(656, 656, 'default.png', 23, 43),
(657, 657, 'default.png', 23, 43),
(658, 658, 'default.png', 23, 43),
(659, 659, 'default.png', 23, 43),
(660, 660, 'default.png', 23, 43),
(661, 661, 'default.png', 23, 43),
(662, 662, 'default.png', 29, 43),
(663, 663, 'default.png', 29, 43),
(664, 664, 'default.png', 29, 43),
(665, 665, 'default.png', 29, 43),
(666, 666, 'default.png', 29, 43),
(667, 667, 'default.png', 29, 43),
(668, 668, 'default.png', 29, 43),
(669, 669, 'default.png', 29, 43),
(670, 670, 'default.png', 30, 43),
(671, 671, 'default.png', 30, 43),
(672, 672, 'default.png', 30, 43),
(673, 673, 'default.png', 30, 43),
(674, 674, 'default.png', 9, 43),
(675, 675, 'default.png', 9, 43),
(676, 676, 'default.png', 10, 43),
(677, 677, 'default.png', 10, 43),
(678, 678, 'default.png', 10, 43),
(679, 679, 'default.png', 10, 43),
(680, 680, 'default.png', 4, 44),
(681, 681, 'default.png', 4, 44),
(682, 682, 'default.png', 4, 44),
(683, 683, 'default.png', 4, 44),
(684, 684, 'default.png', 4, 44),
(685, 685, 'default.png', 8, 44),
(686, 686, 'default.png', 8, 44),
(687, 687, 'default.png', 8, 44),
(688, 688, 'default.png', 6, 44),
(689, 689, 'default.png', 6, 44),
(690, 690, 'default.png', 6, 44),
(691, 691, 'default.png', 6, 44),
(692, 692, 'default.png', 6, 44),
(693, 693, 'default.png', 6, 44),
(694, 694, 'default.png', 29, 44),
(695, 695, 'default.png', 30, 44),
(696, 696, 'default.png', 30, 44),
(697, 697, 'default.png', 30, 44),
(698, 698, 'default.png', 30, 44),
(699, 699, 'default.png', 30, 44),
(700, 700, 'default.png', 4, 44),
(701, 701, 'default.png', 4, 44),
(702, 702, 'default.png', 4, 44),
(703, 703, 'default.png', 4, 44),
(704, 704, 'default.png', 8, 44),
(705, 705, 'default.png', 8, 44),
(706, 706, 'default.png', 8, 44),
(707, 707, 'default.png', 8, 44),
(708, 708, 'default.png', 8, 44),
(709, 709, 'default.png', 8, 44),
(710, 710, 'default.png', 6, 44),
(711, 711, 'default.png', 6, 44),
(712, 712, 'default.png', 6, 44),
(713, 713, 'default.png', 29, 44),
(714, 714, 'default.png', 29, 44),
(715, 715, 'default.png', 29, 44),
(716, 716, 'default.png', 29, 44),
(717, 717, 'default.png', 29, 44),
(718, 718, 'default.png', 29, 44),
(719, 719, 'default.png', 29, 44),
(720, 720, 'default.png', 30, 44),
(721, 721, 'default.png', 30, 44),
(722, 722, 'default.png', 30, 44),
(723, 723, 'default.png', 30, 44),
(724, 724, 'default.png', 8, 45),
(725, 725, 'default.png', 8, 45),
(726, 726, 'default.png', 8, 45),
(727, 727, 'default.png', 8, 45),
(728, 728, 'default.png', 8, 45),
(729, 729, 'default.png', 8, 45),
(730, 730, 'default.png', 6, 45),
(731, 731, 'default.png', 6, 45),
(732, 732, 'default.png', 6, 45),
(733, 733, 'default.png', 6, 45),
(734, 734, 'default.png', 6, 45),
(735, 735, 'default.png', 6, 45),
(736, 736, 'default.png', 6, 45),
(737, 737, 'default.png', 6, 45),
(738, 738, 'default.png', 10, 46),
(739, 739, 'default.png', 10, 46),
(740, 740, 'default.png', 10, 46),
(741, 741, 'default.png', 10, 46),
(742, 742, 'default.png', 10, 46),
(743, 743, 'default.png', 10, 46),
(744, 744, 'default.png', 6, 46),
(745, 745, 'default.png', 6, 46),
(746, 746, 'default.png', 6, 46),
(747, 747, 'default.png', 6, 46),
(748, 748, 'default.png', 10, 46),
(749, 749, 'default.png', 10, 46),
(750, 750, 'default.png', 10, 46),
(751, 751, 'default.png', 3, 46),
(752, 752, 'default.png', 3, 46),
(753, 753, 'default.png', 3, 46),
(754, 754, 'default.png', 3, 46),
(755, 755, 'default.png', 3, 46),
(756, 756, 'default.png', 3, 46),
(757, 757, 'default.png', 3, 46),
(758, 758, 'default.png', 3, 46),
(759, 759, 'default.png', 23, 46),
(760, 760, 'default.png', 23, 46),
(761, 761, 'default.png', 23, 46),
(762, 762, 'default.png', 23, 46),
(763, 763, 'default.png', 23, 46),
(764, 764, 'default.png', 23, 46),
(765, 765, 'default.png', 23, 46),
(766, 766, 'default.png', 23, 46),
(767, 767, 'default.png', 22, 46),
(768, 768, 'default.png', 22, 46),
(769, 769, 'default.png', 22, 46),
(770, 770, 'default.png', 22, 46),
(771, 771, 'default.png', 22, 46),
(772, 772, 'default.png', 22, 46),
(773, 773, 'default.png', 22, 46),
(774, 774, 'default.png', 8, 46),
(775, 775, 'default.png', 8, 46),
(776, 776, 'default.png', 8, 46),
(777, 777, 'default.png', 8, 46),
(778, 778, 'default.png', 8, 46),
(779, 779, 'default.png', 8, 46),
(780, 780, 'default.png', 8, 46),
(781, 781, 'default.png', 8, 46),
(782, 782, 'default.png', 18, 46),
(783, 783, 'default.png', 18, 46),
(784, 784, 'default.png', 18, 46),
(785, 785, 'default.png', 18, 46),
(786, 786, 'default.png', 18, 46),
(787, 787, 'default.png', 3, 93),
(788, 788, 'default.png', 3, 93),
(789, 789, 'default.png', 3, 93),
(790, 790, 'default.png', 3, 93),
(791, 791, 'default.png', 3, 93),
(792, 792, 'default.png', 3, 93),
(793, 793, 'default.png', 23, 93),
(794, 794, 'default.png', 23, 93),
(795, 795, 'default.png', 23, 93),
(796, 796, 'default.png', 23, 93),
(797, 797, 'default.png', 23, 93),
(798, 798, 'default.png', 23, 93),
(799, 799, 'default.png', 23, 93),
(800, 800, 'default.png', 22, 93),
(801, 801, 'default.png', 22, 93),
(802, 802, 'default.png', 22, 93),
(803, 803, 'default.png', 22, 93),
(804, 804, 'default.png', 22, 93),
(805, 805, 'default.png', 22, 93),
(806, 806, 'default.png', 8, 93),
(807, 807, 'default.png', 8, 93),
(808, 808, 'default.png', 8, 93),
(809, 809, 'default.png', 8, 93),
(810, 810, 'default.png', 8, 93),
(811, 811, 'default.png', 8, 93),
(812, 812, 'default.png', 8, 93),
(813, 813, 'default.png', 25, 93),
(814, 814, 'default.png', 25, 93),
(815, 815, 'default.png', 25, 93),
(816, 816, 'default.png', 25, 93),
(817, 817, 'default.png', 25, 93),
(818, 818, 'default.png', 19, 93),
(819, 819, 'default.png', 19, 93),
(820, 820, 'default.png', 19, 93),
(821, 821, 'default.png', 19, 93),
(822, 822, 'default.png', 19, 93),
(823, 823, 'default.png', 13, 93),
(824, 824, 'default.png', 13, 93),
(825, 825, 'default.png', 13, 93),
(826, 826, 'default.png', 13, 93),
(827, 827, 'default.png', 13, 93),
(828, 828, 'default.png', 4, 93),
(829, 829, 'default.png', 9, 93),
(830, 830, 'default.png', 9, 93),
(831, 831, 'default.png', 2, 93),
(832, 832, 'default.png', 6, 93),
(833, 833, 'default.png', 6, 93),
(834, 834, 'default.png', 6, 93),
(835, 835, 'default.png', 22, 94),
(836, 836, 'default.png', 22, 94),
(837, 837, 'default.png', 22, 94),
(838, 838, 'default.png', 22, 94),
(839, 839, 'default.png', 15, 94),
(840, 840, 'default.png', 2, 94),
(841, 841, 'default.png', 8, 94),
(842, 842, 'default.png', 8, 94),
(843, 843, 'default.png', 8, 94),
(844, 844, 'default.png', 8, 94),
(845, 845, 'default.png', 23, 94),
(846, 846, 'default.png', 3, 94),
(847, 847, 'default.png', 27, 248),
(848, 848, 'default.png', 27, 248),
(849, 849, 'default.png', 27, 248),
(850, 850, 'default.png', 27, 248),
(851, 851, 'default.png', 27, 248),
(852, 852, 'default.png', 27, 248),
(853, 853, 'default.png', 27, 248),
(854, 854, 'default.png', 27, 248),
(855, 855, 'default.png', 27, 248),
(856, 856, 'default.png', 27, 248),
(857, 857, 'default.png', 27, 248),
(858, 858, 'default.png', 27, 248),
(859, 859, 'default.png', 27, 248),
(860, 860, 'default.png', 27, 248),
(861, 861, 'default.png', 27, 248),
(862, 862, 'default.png', 27, 248),
(863, 863, 'default.png', 27, 248),
(864, 864, 'default.png', 27, 248),
(865, 865, 'default.png', 27, 248),
(866, 866, 'default.png', 27, 248),
(867, 867, 'default.png', 27, 248),
(868, 869, 'default.png', 27, 248),
(869, 868, 'default.png', 27, 248),
(870, 870, 'default.png', 27, 248),
(871, 871, 'default.png', 27, 248),
(872, 873, 'default.png', 27, 248),
(873, 872, 'default.png', 27, 248),
(874, 874, 'default.png', 27, 248),
(875, 875, 'default.png', 10, 15),
(876, 876, 'default.png', 27, 96),
(877, 877, 'default.png', 27, 97),
(878, 878, 'default.png', 27, 98),
(879, 879, 'default.png', 27, 99),
(880, 880, 'default.png', 27, 100),
(881, 881, 'default.png', 27, 100),
(882, 882, 'default.png', 27, 102),
(883, 883, 'default.png', 27, 103),
(884, 884, 'default.png', 27, 103),
(885, 885, 'default.png', 27, 104),
(886, 886, 'default.png', 27, 105),
(887, 887, 'default.png', 27, 105),
(888, 888, 'default.png', 27, 107),
(889, 889, 'default.png', 27, 108),
(890, 890, 'default.png', 27, 109),
(891, 891, 'default.png', 27, 110),
(892, 892, 'default.png', 27, 111),
(893, 893, 'default.png', 27, 112),
(894, 894, 'default.png', 27, 113),
(895, 895, 'default.png', 27, 114),
(896, 896, 'default.png', 27, 115),
(897, 897, 'default.png', 27, 116),
(898, 898, 'default.png', 27, 117),
(899, 899, 'default.png', 27, 119),
(900, 900, 'default.png', 27, 119),
(901, 901, 'default.png', 27, 120),
(902, 902, 'default.png', 27, 121),
(903, 903, 'default.png', 27, 50),
(904, 904, 'default.png', 27, 51),
(905, 905, 'default.png', 27, 122),
(906, 906, 'default.png', 27, 123),
(907, 907, 'default.png', 27, 124),
(908, 908, 'default.png', 27, 125),
(909, 909, 'default.png', 27, 126),
(910, 910, 'default.png', 27, 127),
(911, 911, 'default.png', 27, 128),
(912, 912, 'default.png', 27, 129),
(913, 913, 'default.png', 27, 130),
(914, 914, 'default.png', 19, 131),
(915, 915, 'default.png', 19, 131),
(916, 916, 'default.png', 19, 131),
(917, 917, 'default.png', 3, 131),
(918, 918, 'default.png', 3, 131),
(919, 919, 'default.png', 3, 131),
(920, 920, 'default.png', 2, 131),
(921, 921, 'default.png', 2, 131),
(922, 922, 'default.png', 2, 131),
(923, 923, 'default.png', 2, 132),
(924, 924, 'default.png', 2, 132),
(925, 925, 'default.png', 2, 132),
(926, 926, 'default.png', 8, 132),
(927, 927, 'default.png', 8, 132),
(928, 928, 'default.png', 19, 132),
(929, 929, 'default.png', 19, 132),
(930, 930, 'default.png', 19, 132),
(931, 931, 'default.png', 27, 133),
(932, 932, 'default.png', 27, 133),
(933, 933, 'default.png', 2, 62),
(934, 934, 'default.png', 2, 62),
(935, 935, 'default.png', 2, 62),
(936, 936, 'default.png', 8, 62),
(937, 937, 'default.png', 8, 62),
(938, 938, 'default.png', 8, 62),
(939, 939, 'default.png', 8, 63),
(940, 940, 'default.png', 8, 63),
(941, 941, 'default.png', 8, 63),
(942, 942, 'default.png', 2, 63),
(943, 943, 'default.png', 2, 63),
(944, 944, 'default.png', 2, 63),
(945, 945, 'default.png', 27, 136),
(946, 946, 'default.png', 27, 137),
(947, 947, 'default.png', 27, 138),
(948, 948, 'default.png', 27, 139),
(949, 949, 'default.png', 27, 140),
(950, 950, 'default.png', 27, 141),
(951, 951, 'default.png', 27, 142),
(952, 952, 'default.png', 27, 143),
(953, 953, 'default.png', 27, 61),
(954, 954, 'default.png', 27, 64),
(955, 955, 'default.png', 27, 65),
(956, 956, 'default.png', 27, 66),
(957, 957, 'default.png', 27, 67),
(958, 958, 'default.png', 27, 145),
(959, 959, 'default.png', 27, 144),
(960, 960, 'default.png', 27, 146),
(961, 961, 'default.png', 27, 147),
(962, 962, 'default.png', 27, 148),
(963, 963, 'default.png', 27, 149),
(964, 964, 'default.png', 27, 150),
(965, 965, 'default.png', 27, 151),
(966, 966, 'default.png', 27, 152),
(967, 967, 'default.png', 27, 153),
(968, 968, 'default.png', 27, 155),
(969, 969, 'default.png', 27, 156),
(970, 970, 'default.png', 27, 171),
(971, 971, 'default.png', 27, 158),
(972, 972, 'default.png', 27, 159),
(973, 973, 'default.png', 27, 160),
(974, 974, 'default.png', 27, 161),
(975, 975, 'default.png', 27, 162),
(976, 976, 'default.png', 27, 163),
(977, 977, 'default.png', 27, 164),
(978, 978, 'default.png', 27, 165),
(979, 979, 'default.png', 27, 167),
(980, 980, 'default.png', 27, 168),
(981, 981, 'default.png', 27, 169),
(982, 982, 'default.png', 27, 169),
(983, 983, 'default.png', 27, 170),
(984, 984, 'default.png', 27, 171),
(985, 985, 'default.png', 27, 173),
(986, 986, 'default.png', 27, 173),
(987, 987, 'default.png', 27, 174),
(988, 988, 'default.png', 27, 175),
(989, 989, 'default.png', 27, 176),
(990, 990, 'default.png', 27, 177),
(991, 991, 'default.png', 27, 178),
(992, 992, 'default.png', 27, 179),
(993, 993, 'default.png', 27, 180),
(994, 994, 'default.png', 27, 181),
(995, 995, 'default.png', 27, 182),
(996, 996, 'default.png', 27, 183),
(997, 997, 'default.png', 27, 184),
(998, 998, 'default.png', 27, 185),
(999, 999, 'default.png', 27, 186),
(1000, 1000, 'default.png', 27, 187),
(1001, 1001, 'default.png', 27, 188),
(1002, 1002, 'default.png', 27, 189),
(1003, 1003, 'default.png', 27, 190),
(1004, 1004, 'default.png', 27, 191),
(1005, 1005, 'default.png', 27, 249),
(1006, 1006, 'default.png', 27, 192),
(1007, 1007, 'default.png', 27, 193),
(1008, 1008, 'default.png', 27, 194),
(1009, 1009, 'default.png', 27, 195),
(1010, 1010, 'default.png', 27, 196),
(1011, 1011, 'default.png', 27, 197),
(1012, 1012, 'default.png', 27, 198),
(1013, 1013, 'default.png', 27, 199),
(1014, 1014, 'default.png', 27, 200),
(1015, 1015, 'default.png', 27, 201),
(1016, 1016, 'default.png', 27, 202),
(1017, 1017, 'default.png', 27, 203),
(1018, 1018, 'default.png', 27, 205),
(1019, 1019, 'default.png', 27, 204),
(1020, 1020, 'default.png', 27, 204),
(1021, 1021, 'default.png', 27, 203),
(1022, 1022, 'default.png', 27, 203),
(1023, 1023, 'default.png', 27, 207),
(1024, 1024, 'default.png', 27, 208),
(1025, 1025, 'default.png', 27, 209),
(1026, 1026, 'default.png', 27, 47),
(1027, 1027, 'default.png', 27, 47),
(1028, 1028, 'default.png', 27, 47),
(1029, 1029, 'default.png', 27, 47),
(1030, 1030, 'default.png', 27, 47),
(1031, 1031, 'default.png', 27, 47),
(1032, 1032, 'default.png', 27, 47),
(1033, 1033, 'default.png', 27, 250),
(1034, 1034, 'default.png', 27, 250),
(1035, 1035, 'default.png', 27, 250),
(1036, 1036, 'default.png', 27, 250),
(1037, 1037, 'default.png', 27, 250),
(1038, 1038, 'default.png', 27, 250),
(1039, 1039, 'default.png', 27, 251),
(1040, 1040, 'default.png', 27, 251),
(1041, 1041, 'default.png', 27, 251),
(1042, 1042, 'default.png', 27, 251),
(1043, 1043, 'default.png', 27, 251),
(1044, 1044, 'default.png', 27, 253),
(1045, 1045, 'default.png', 27, 253),
(1046, 1046, 'default.png', 27, 253),
(1047, 1047, 'default.png', 27, 253),
(1048, 1048, 'default.png', 27, 253),
(1049, 1049, 'default.png', 27, 253),
(1050, 1050, 'default.png', 27, 255),
(1051, 1051, 'default.png', 27, 255),
(1052, 1052, 'default.png', 27, 255),
(1053, 1053, 'default.png', 27, 255),
(1054, 1054, 'default.png', 27, 255),
(1055, 1055, 'default.png', 27, 255),
(1056, 1056, 'default.png', 27, 257),
(1057, 1057, 'default.png', 27, 257),
(1058, 1058, 'default.png', 27, 257),
(1059, 1059, 'default.png', 27, 257),
(1060, 1060, 'default.png', 27, 257),
(1061, 1061, 'default.png', 27, 257),
(1062, 1062, 'default.png', 27, 257),
(1063, 1063, 'default.png', 27, 261),
(1064, 1064, 'default.png', 27, 261),
(1065, 1065, 'default.png', 27, 261),
(1066, 1066, 'default.png', 27, 261),
(1067, 1067, 'default.png', 27, 261),
(1068, 1068, 'default.png', 27, 261),
(1069, 1069, 'default.png', 27, 261),
(1070, 1070, 'default.png', 27, 261),
(1071, 1071, 'default.png', 27, 52),
(1072, 1072, 'default.png', 27, 52),
(1073, 1073, 'default.png', 27, 52),
(1074, 1074, 'default.png', 27, 52),
(1075, 1075, 'default.png', 27, 52),
(1076, 1076, 'default.png', 27, 52),
(1077, 1077, 'default.png', 27, 60),
(1078, 1078, 'default.png', 27, 60),
(1079, 1079, 'default.png', 27, 60),
(1080, 1080, 'default.png', 27, 60),
(1081, 1081, 'default.png', 27, 60),
(1082, 1082, 'default.png', 27, 60),
(1083, 1083, 'default.png', 27, 60),
(1084, 1084, 'default.png', 27, 260),
(1085, 1085, 'default.png', 27, 260),
(1086, 1086, 'default.png', 27, 260),
(1087, 1087, 'default.png', 27, 260),
(1088, 1088, 'default.png', 27, 260),
(1089, 1089, 'default.png', 27, 260),
(1090, 1090, 'default.png', 27, 260),
(1091, 1091, 'default.png', 27, 259),
(1092, 1092, 'default.png', 27, 259),
(1093, 1093, 'default.png', 27, 259),
(1094, 1094, 'default.png', 27, 259),
(1095, 1095, 'default.png', 27, 259),
(1096, 1096, 'default.png', 27, 259),
(1097, 1097, 'default.png', 27, 259),
(1098, 1098, 'default.png', 27, 262),
(1099, 1099, 'default.png', 27, 262),
(1100, 1100, 'default.png', 27, 262),
(1101, 1101, 'default.png', 27, 262),
(1102, 1102, 'default.png', 27, 262),
(1103, 1103, 'default.png', 27, 262),
(1104, 1104, 'default.png', 27, 263),
(1105, 1105, 'default.png', 27, 263),
(1106, 1106, 'default.png', 27, 263),
(1107, 1107, 'default.png', 27, 263),
(1108, 1108, 'default.png', 27, 263),
(1109, 1109, 'default.png', 27, 263),
(1110, 1110, 'default.png', 27, 263),
(1111, 1111, 'default.png', 27, 264),
(1112, 1112, 'default.png', 27, 264),
(1113, 1113, 'default.png', 27, 264),
(1114, 1114, 'default.png', 27, 264),
(1115, 1115, 'default.png', 27, 264),
(1116, 1116, 'default.png', 27, 264),
(1117, 1117, 'default.png', 27, 264),
(1118, 1118, 'default.png', 2, 10),
(1119, 1119, 'default.png', 2, 10),
(1120, 1120, 'default.png', 2, 10),
(1121, 1121, 'default.png', 2, 10),
(1122, 1122, 'default.png', 2, 10),
(1123, 1123, 'default.png', 2, 10),
(1124, 1124, 'default.png', 27, 265),
(1125, 1125, 'default.png', 27, 210),
(1126, 1126, 'default.png', 27, 213),
(1127, 1127, 'default.png', 27, 216),
(1128, 1128, 'default.png', 27, 215),
(1129, 1129, 'default.png', 27, 27),
(1130, 1130, 'default.png', 27, 27),
(1131, 1131, 'default.png', 27, 27),
(1132, 1132, 'default.png', 27, 27),
(1133, 1133, 'default.png', 27, 27),
(1134, 1134, 'default.png', 27, 27),
(1135, 1135, 'default.png', 27, 29),
(1136, 1136, 'default.png', 27, 29),
(1137, 1137, 'default.png', 27, 29),
(1138, 1138, 'default.png', 27, 32),
(1139, 1139, 'default.png', 27, 32),
(1140, 1140, 'default.png', 27, 32),
(1141, 1141, 'default.png', 27, 32),
(1142, 1142, 'default.png', 27, 32),
(1143, 1143, 'default.png', 27, 30),
(1144, 1144, 'default.png', 27, 30),
(1145, 1145, 'default.png', 27, 30),
(1146, 1146, 'default.png', 27, 30),
(1147, 1147, 'default.png', 27, 109),
(1148, 1148, 'default.png', 27, 110),
(1149, 1149, 'default.png', 27, 111),
(1150, 1150, 'default.png', 27, 266),
(1151, 1151, 'default.png', 27, 115),
(1152, 1152, 'default.png', 27, 115),
(1153, 1153, 'default.png', 27, 268),
(1154, 1154, 'default.png', 27, 120),
(1155, 1155, 'default.png', 27, 116),
(1156, 1156, 'default.png', 27, 270),
(1157, 1157, 'default.png', 27, 273),
(1158, 1158, 'default.png', 27, 150),
(1159, 1159, 'default.png', 27, 147),
(1160, 1160, 'default.png', 27, 146),
(1161, 1161, 'default.png', 27, 274),
(1162, 1162, 'default.png', 19, 131),
(1163, 1163, 'default.png', 19, 131),
(1164, 1164, 'default.png', 19, 131),
(1165, 1165, 'default.png', 2, 131),
(1166, 1166, 'default.png', 2, 131),
(1167, 1167, 'default.png', 2, 131),
(1168, 1168, 'default.png', 2, 132),
(1169, 1169, 'default.png', 2, 132),
(1170, 1170, 'default.png', 19, 132),
(1171, 1171, 'default.png', 8, 132),
(1172, 1172, 'default.png', 8, 132),
(1173, 1173, 'default.png', 2, 132),
(1174, 1174, 'default.png', 2, 62),
(1175, 1175, 'default.png', 2, 62),
(1176, 1176, 'default.png', 2, 62),
(1177, 1177, 'default.png', 8, 62),
(1178, 1178, 'default.png', 8, 62),
(1179, 1179, 'default.png', 8, 62),
(1180, 1180, 'default.png', 2, 63),
(1181, 1181, 'default.png', 2, 63),
(1182, 1182, 'default.png', 2, 63),
(1183, 1183, 'default.png', 8, 63),
(1184, 1184, 'default.png', 8, 63),
(1185, 1185, 'default.png', 8, 63),
(1186, 1186, 'default.png', 27, 127),
(1187, 1187, 'default.png', 27, 129),
(1188, 1188, 'default.png', 27, 129),
(1189, 1189, 'default.png', 27, 137),
(1190, 1190, 'default.png', 27, 61),
(1191, 1191, 'default.png', 27, 161),
(1192, 1192, 'default.png', 27, 275),
(1193, 1193, 'default.png', 27, 123),
(1194, 1194, 'default.png', 27, 50),
(1195, 1195, 'default.png', 27, 51),
(1196, 1196, 'default.png', 27, 122),
(1197, 1197, 'default.png', 27, 276),
(1198, 1198, 'default.png', 27, 277),
(1199, 1199, 'default.png', 27, 69),
(1200, 1200, 'default.png', 27, 103),
(1201, 1201, 'default.png', 27, 278),
(1202, 1202, 'default.png', 27, 279),
(1203, 1203, 'default.png', 27, 280),
(1204, 1204, 'default.png', 27, 281),
(1205, 1205, 'default.png', 27, 102),
(1206, 1206, 'default.png', 27, 282),
(1207, 1207, 'default.png', 27, 104),
(1208, 1208, 'default.png', 27, 151),
(1209, 1209, 'default.png', 22, 55),
(1210, 1210, 'default.png', 22, 55),
(1211, 1211, 'default.png', 22, 55),
(1212, 1212, 'default.png', 25, 55),
(1213, 1213, 'default.png', 13, 55),
(1214, 1214, 'default.png', 13, 55),
(1215, 1215, 'default.png', 3, 55),
(1216, 1216, 'default.png', 3, 55),
(1217, 1217, 'default.png', 3, 55),
(1218, 1218, 'default.png', 3, 55),
(1219, 1219, 'default.png', 23, 55),
(1220, 1220, 'default.png', 23, 55),
(1221, 1221, 'default.png', 8, 55),
(1222, 1222, 'default.png', 8, 55),
(1223, 1223, 'default.png', 8, 55),
(1224, 1224, 'default.png', 9, 55),
(1225, 1225, 'default.png', 9, 55),
(1226, 1226, 'default.png', 9, 55),
(1227, 1227, 'default.png', 10, 55),
(1228, 1228, 'default.png', 10, 55),
(1229, 1229, 'default.png', 10, 55),
(1230, 1230, 'default.png', 10, 55),
(1231, 1231, 'default.png', 19, 55),
(1232, 1232, 'default.png', 19, 55),
(1233, 1233, 'default.png', 15, 55),
(1234, 1234, 'default.png', 3, 283),
(1235, 1235, 'default.png', 3, 283),
(1236, 1236, 'default.png', 8, 283),
(1237, 1237, 'default.png', 8, 283),
(1238, 1238, 'default.png', 8, 283),
(1239, 1239, 'default.png', 23, 283),
(1240, 1240, 'default.png', 23, 283),
(1241, 1241, 'default.png', 23, 284),
(1242, 1242, 'default.png', 3, 284),
(1243, 1243, 'default.png', 3, 284),
(1244, 1244, 'default.png', 3, 284),
(1245, 1245, 'default.png', 23, 284),
(1246, 1246, 'default.png', 23, 284),
(1247, 1247, 'default.png', 8, 284),
(1248, 1248, 'default.png', 8, 284),
(1249, 1249, 'default.png', 8, 284),
(1250, 1250, 'default.png', 16, 284),
(1251, 1251, 'default.png', 16, 284),
(1252, 1252, 'default.png', 16, 284),
(1253, 1253, 'default.png', 15, 284),
(1254, 1254, 'default.png', 26, 10),
(1255, 1255, 'default.png', 26, 10),
(1256, 1256, 'default.png', 26, 10),
(1257, 1257, 'default.png', 26, 10),
(1258, 1258, 'default.png', 26, 10),
(1259, 1259, 'default.png', 9, 10),
(1260, 1260, 'default.png', 9, 10),
(1261, 1261, 'default.png', 9, 10),
(1262, 1262, 'default.png', 9, 10),
(1263, 1263, 'default.png', 6, 10),
(1264, 1264, 'default.png', 6, 10),
(1265, 1265, 'default.png', 6, 10),
(1266, 1266, 'default.png', 6, 10),
(1267, 1267, 'default.png', 10, 10),
(1268, 1268, 'default.png', 10, 10),
(1269, 1269, 'default.png', 13, 7),
(1270, 1270, 'default.png', 13, 7),
(1271, 1271, 'default.png', 13, 7),
(1272, 1272, 'default.png', 13, 7),
(1273, 1273, 'default.png', 13, 7),
(1274, 1274, 'default.png', 6, 7),
(1275, 1275, 'default.png', 6, 7),
(1276, 1276, 'default.png', 6, 7),
(1277, 1277, 'default.png', 6, 7),
(1278, 1278, 'default.png', 2, 7),
(1279, 1279, 'default.png', 2, 7),
(1280, 1280, 'default.png', 2, 7),
(1281, 1281, 'default.png', 2, 7),
(1282, 1282, 'default.png', 2, 7),
(1283, 1283, 'default.png', 2, 7),
(1284, 1284, 'default.png', 10, 7),
(1285, 1285, 'default.png', 10, 7),
(1286, 1286, 'default.png', 10, 7),
(1287, 1287, 'default.png', 10, 7),
(1288, 1288, 'default.png', 10, 7),
(1289, 1289, 'default.png', 10, 7),
(1290, 1290, 'default.png', 9, 8),
(1291, 1291, 'default.png', 9, 8),
(1292, 1292, 'default.png', 9, 8),
(1293, 1293, 'default.png', 9, 8),
(1294, 1294, 'default.png', 9, 8),
(1295, 1295, 'default.png', 9, 8),
(1296, 1296, 'default.png', 9, 8),
(1297, 1297, 'default.png', 9, 8),
(1298, 1298, 'default.png', 9, 8),
(1299, 1299, 'default.png', 10, 8),
(1300, 1300, 'default.png', 10, 8),
(1301, 1301, 'default.png', 10, 8),
(1302, 1302, 'default.png', 10, 8),
(1303, 1303, 'default.png', 10, 8),
(1304, 1304, 'default.png', 10, 8),
(1305, 1305, 'default.png', 10, 8),
(1306, 1306, 'default.png', 10, 8),
(1307, 1307, 'default.png', 10, 8),
(1308, 1308, 'default.png', 6, 8),
(1309, 1309, 'default.png', 8, 8),
(1310, 1310, 'default.png', 13, 8),
(1311, 1311, 'default.png', 2, 8),
(1312, 1312, 'default.png', 6, 1),
(1313, 1313, 'default.png', 6, 1),
(1314, 1314, 'default.png', 6, 1),
(1315, 1315, 'default.png', 6, 1),
(1316, 1316, 'default.png', 6, 1),
(1317, 1317, 'default.png', 4, 1),
(1318, 1318, 'default.png', 4, 1),
(1319, 1319, 'default.png', 4, 1),
(1320, 1320, 'default.png', 4, 1),
(1321, 1321, 'default.png', 4, 1),
(1322, 1322, 'default.png', 4, 1),
(1323, 1323, 'default.png', 26, 1),
(1324, 1324, 'default.png', 26, 1),
(1325, 1325, 'default.png', 26, 1),
(1326, 1326, 'default.png', 8, 1),
(1327, 1327, 'default.png', 8, 1),
(1328, 1328, 'default.png', 8, 1),
(1329, 1329, 'default.png', 13, 1),
(1330, 1330, 'default.png', 13, 1),
(1331, 1331, 'default.png', 13, 1),
(1332, 1332, 'default.png', 2, 1),
(1333, 1333, 'default.png', 2, 1),
(1334, 1334, 'default.png', 2, 1),
(1335, 1335, 'default.png', 10, 1),
(1336, 1336, 'default.png', 10, 1),
(1337, 1337, 'default.png', 10, 1),
(1338, 1338, 'default.png', 10, 1),
(1339, 1339, 'default.png', 10, 1),
(1340, 1340, 'default.png', 13, 3),
(1341, 1341, 'default.png', 13, 3),
(1342, 1342, 'default.png', 13, 3),
(1343, 1343, 'default.png', 13, 3),
(1344, 1344, 'default.png', 2, 3),
(1345, 1345, 'default.png', 2, 3),
(1346, 1346, 'default.png', 2, 3),
(1347, 1347, 'default.png', 10, 5),
(1348, 1348, 'default.png', 10, 5),
(1349, 1349, 'default.png', 10, 5),
(1350, 1350, 'default.png', 10, 5),
(1351, 1351, 'default.png', 10, 5),
(1352, 1352, 'default.png', 10, 5),
(1353, 1353, 'default.png', 10, 5),
(1354, 1354, 'default.png', 10, 5),
(1355, 1355, 'default.png', 4, 5),
(1356, 1356, 'default.png', 13, 5),
(1357, 1357, 'default.png', 13, 5),
(1358, 1358, 'default.png', 13, 5),
(1359, 1359, 'default.png', 8, 5),
(1360, 1360, 'default.png', 6, 5),
(1361, 1361, 'default.png', 6, 5),
(1362, 1362, 'default.png', 2, 5),
(1363, 1363, 'default.png', 2, 5),
(1364, 1364, 'default.png', 2, 5),
(1365, 1365, 'default.png', 2, 5),
(1366, 1366, 'default.png', 2, 5),
(1367, 1367, 'default.png', 2, 5),
(1368, 1368, 'default.png', 10, 15),
(1369, 1369, 'default.png', 10, 15),
(1370, 1370, 'default.png', 10, 15),
(1371, 1371, 'default.png', 10, 15),
(1372, 1372, 'default.png', 10, 15),
(1373, 1373, 'default.png', 10, 15),
(1374, 1374, 'default.png', 10, 15),
(1375, 1375, 'default.png', 10, 15),
(1376, 1376, 'default.png', 10, 15),
(1377, 1377, 'default.png', 8, 15),
(1378, 1378, 'default.png', 8, 15),
(1379, 1379, 'default.png', 8, 15),
(1380, 1380, 'default.png', 8, 15),
(1381, 1381, 'default.png', 13, 15),
(1382, 1382, 'default.png', 13, 15),
(1383, 1383, 'default.png', 13, 15),
(1384, 1384, 'default.png', 13, 15),
(1385, 1385, 'default.png', 2, 15),
(1386, 1386, 'default.png', 2, 15),
(1387, 1387, 'default.png', 2, 15),
(1388, 1388, 'default.png', 2, 15),
(1389, 1389, 'default.png', 2, 15),
(1390, 1390, 'default.png', 2, 15),
(1391, 1391, 'default.png', 2, 15),
(1392, 1392, 'default.png', 6, 15),
(1393, 1393, 'default.png', 6, 15),
(1394, 1394, 'default.png', 6, 15),
(1395, 1395, 'default.png', 6, 15),
(1396, 1396, 'default.png', 6, 15),
(1397, 1397, 'default.png', 6, 15),
(1398, 1398, 'default.png', 8, 6),
(1399, 1399, 'default.png', 8, 6),
(1400, 1400, 'default.png', 8, 6),
(1401, 1401, 'default.png', 2, 6),
(1402, 1402, 'default.png', 2, 6),
(1403, 1403, 'default.png', 2, 6),
(1404, 1404, 'default.png', 2, 6),
(1405, 1405, 'default.png', 13, 6),
(1406, 1406, 'default.png', 13, 6),
(1407, 1407, 'default.png', 13, 6),
(1408, 1408, 'default.png', 13, 6),
(1409, 1409, 'default.png', 6, 4),
(1410, 1410, 'default.png', 6, 4),
(1411, 1411, 'default.png', 6, 4),
(1412, 1412, 'default.png', 10, 4),
(1413, 1413, 'default.png', 10, 4),
(1414, 1414, 'default.png', 10, 4),
(1415, 1415, 'default.png', 10, 4),
(1416, 1416, 'default.png', 8, 4),
(1417, 1417, 'default.png', 8, 4),
(1418, 1418, 'default.png', 8, 4),
(1419, 1419, 'default.png', 13, 18),
(1420, 1420, 'default.png', 13, 18),
(1421, 1421, 'default.png', 13, 18),
(1422, 1422, 'default.png', 13, 18),
(1423, 1423, 'default.png', 13, 18),
(1424, 1424, 'default.png', 13, 18),
(1425, 1425, 'default.png', 13, 18),
(1426, 1426, 'default.png', 2, 18),
(1427, 1427, 'default.png', 2, 18),
(1428, 1428, 'default.png', 2, 18),
(1429, 1429, 'default.png', 2, 18),
(1430, 1430, 'default.png', 2, 18),
(1431, 1431, 'default.png', 2, 18),
(1432, 1432, 'default.png', 2, 18),
(1433, 1433, 'default.png', 6, 18),
(1434, 1434, 'default.png', 6, 18),
(1435, 1435, 'default.png', 6, 18),
(1436, 1436, 'default.png', 6, 18),
(1437, 1437, 'default.png', 6, 18),
(1438, 1438, 'default.png', 6, 18),
(1439, 1439, 'default.png', 6, 18),
(1440, 1440, 'default.png', 26, 286),
(1441, 1441, 'default.png', 26, 286),
(1442, 1442, 'default.png', 2, 26),
(1443, 1443, 'default.png', 2, 26),
(1444, 1444, 'default.png', 2, 26),
(1445, 1445, 'default.png', 2, 26),
(1446, 1446, 'default.png', 4, 26),
(1447, 1447, 'default.png', 4, 26),
(1448, 1448, 'default.png', 4, 26),
(1449, 1449, 'default.png', 4, 26),
(1450, 1450, 'default.png', 13, 26),
(1451, 1451, 'default.png', 13, 26),
(1452, 1452, 'default.png', 13, 26),
(1453, 1453, 'default.png', 13, 26),
(1454, 1454, 'default.png', 8, 26),
(1455, 1455, 'default.png', 8, 26),
(1456, 1456, 'default.png', 8, 26),
(1457, 1457, 'default.png', 8, 26),
(1458, 1458, 'default.png', 2, 22),
(1459, 1459, 'default.png', 2, 22),
(1460, 1460, 'default.png', 2, 22),
(1461, 1461, 'default.png', 2, 22),
(1462, 1462, 'default.png', 2, 22),
(1463, 1463, 'default.png', 8, 22),
(1464, 1464, 'default.png', 8, 22),
(1465, 1465, 'default.png', 8, 22),
(1466, 1466, 'default.png', 8, 22),
(1467, 1467, 'default.png', 8, 22),
(1468, 1468, 'default.png', 6, 22),
(1469, 1469, 'default.png', 6, 22),
(1470, 1470, 'default.png', 6, 22),
(1471, 1471, 'default.png', 6, 22),
(1472, 1472, 'default.png', 6, 54),
(1473, 1473, 'default.png', 6, 54),
(1474, 1474, 'default.png', 8, 1),
(1475, 1475, 'default.png', 8, 1),
(1476, 1476, 'default.png', 8, 1),
(1477, 1477, 'default.png', 8, 1),
(1478, 1478, 'default.png', 8, 1),
(1479, 1479, 'default.png', 8, 1),
(1480, 1480, 'default.png', 2, 1),
(1481, 1481, 'default.png', 4, 1),
(1482, 1482, 'default.png', 4, 1),
(1483, 1483, 'default.png', 4, 1),
(1484, 1484, 'default.png', 4, 1),
(1485, 1485, 'default.png', 4, 1),
(1486, 1486, 'default.png', 4, 1),
(1487, 1487, 'default.png', 2, 5),
(1488, 1488, 'default.png', 2, 5),
(1489, 1489, 'default.png', 2, 5),
(1490, 1490, 'default.png', 13, 5),
(1491, 1491, 'default.png', 13, 5),
(1492, 1492, 'default.png', 13, 5),
(1493, 1493, 'default.png', 6, 5),
(1494, 1494, 'default.png', 6, 5),
(1495, 1495, 'default.png', 9, 5),
(1496, 1496, 'default.png', 9, 5),
(1497, 1497, 'default.png', 9, 5),
(1498, 1498, 'default.png', 10, 5),
(1499, 1499, 'default.png', 10, 5),
(1500, 1500, 'default.png', 10, 5),
(1501, 1501, 'default.png', 10, 5),
(1502, 1502, 'default.png', 13, 2),
(1503, 1503, 'default.png', 13, 2),
(1504, 1504, 'default.png', 2, 2),
(1505, 1505, 'default.png', 2, 2),
(1506, 1506, 'default.png', 6, 2),
(1507, 1507, 'default.png', 6, 2),
(1508, 1508, 'default.png', 6, 2),
(1509, 1509, 'default.png', 10, 2);
INSERT INTO `inventory_product_images_tb` (`image_id`, `inventory_id`, `image_name`, `colour_id`, `product_id`) VALUES
(1510, 1510, 'default.png', 13, 3),
(1511, 1511, 'default.png', 13, 3),
(1512, 1512, 'default.png', 13, 3),
(1513, 1513, 'default.png', 13, 3),
(1514, 1514, 'default.png', 2, 3),
(1515, 1515, 'default.png', 2, 3),
(1516, 1516, 'default.png', 2, 3),
(1517, 1517, 'default.png', 2, 3),
(1518, 1518, 'default.png', 2, 6),
(1519, 1519, 'default.png', 2, 6),
(1520, 1520, 'default.png', 13, 6),
(1521, 1521, 'default.png', 13, 6),
(1522, 1522, 'default.png', 13, 6),
(1523, 1523, 'default.png', 13, 6),
(1524, 1524, 'default.png', 8, 6),
(1525, 1525, 'default.png', 8, 6),
(1526, 1526, 'default.png', 4, 6),
(1527, 1527, 'default.png', 9, 6),
(1528, 1528, 'default.png', 13, 287),
(1529, 1529, 'default.png', 13, 287),
(1530, 1530, 'default.png', 13, 13),
(1531, 1531, 'default.png', 13, 13),
(1532, 1532, 'default.png', 13, 13),
(1533, 1533, 'default.png', 13, 13),
(1534, 1534, 'default.png', 2, 13),
(1535, 1535, 'default.png', 2, 13),
(1536, 1536, 'default.png', 2, 13),
(1537, 1537, 'default.png', 8, 4),
(1538, 1538, 'default.png', 8, 4),
(1539, 1539, 'default.png', 8, 4),
(1540, 1540, 'default.png', 6, 4),
(1541, 1541, 'default.png', 6, 4),
(1542, 1542, 'default.png', 6, 4),
(1543, 1543, 'default.png', 10, 4),
(1544, 1544, 'default.png', 10, 4),
(1545, 1545, 'default.png', 10, 4),
(1546, 1546, 'default.png', 10, 4),
(1547, 1547, 'default.png', 10, 7),
(1548, 1548, 'default.png', 10, 7),
(1549, 1549, 'default.png', 10, 7),
(1550, 1550, 'default.png', 13, 7),
(1551, 1551, 'default.png', 13, 7),
(1552, 1552, 'default.png', 13, 7),
(1553, 1553, 'default.png', 13, 7),
(1554, 1554, 'default.png', 6, 7),
(1555, 1555, 'default.png', 6, 7),
(1556, 1556, 'default.png', 2, 7),
(1557, 1557, 'default.png', 2, 7),
(1558, 1558, 'default.png', 2, 7),
(1559, 1559, 'default.png', 2, 7),
(1560, 1560, 'default.png', 22, 7),
(1561, 1561, 'default.png', 22, 7),
(1562, 1562, 'default.png', 9, 40),
(1563, 1563, 'default.png', 9, 40),
(1564, 1564, 'default.png', 8, 12),
(1565, 1565, 'default.png', 9, 12),
(1566, 1566, 'default.png', 13, 12),
(1567, 1567, 'default.png', 13, 12),
(1568, 1568, 'default.png', 6, 12),
(1569, 1569, 'default.png', 6, 12),
(1570, 1570, 'default.png', 9, 10),
(1571, 1571, 'default.png', 9, 10),
(1572, 1572, 'default.png', 2, 10),
(1573, 1573, 'default.png', 2, 10),
(1574, 1574, 'default.png', 10, 10),
(1575, 1575, 'default.png', 10, 10),
(1576, 1576, 'default.png', 10, 10),
(1577, 1577, 'default.png', 10, 10),
(1578, 1578, 'default.png', 10, 10),
(1579, 1579, 'default.png', 4, 10),
(1580, 1580, 'default.png', 4, 10),
(1581, 1581, 'default.png', 4, 10),
(1582, 1582, 'default.png', 9, 11),
(1583, 1583, 'default.png', 9, 11),
(1584, 1584, 'default.png', 9, 11),
(1585, 1585, 'default.png', 10, 11),
(1586, 1586, 'default.png', 2, 288),
(1587, 1587, 'default.png', 10, 8),
(1588, 1588, 'default.png', 10, 8),
(1589, 1589, 'default.png', 10, 8),
(1590, 1590, 'default.png', 10, 8),
(1591, 1591, 'default.png', 8, 8),
(1592, 1592, 'default.png', 6, 8),
(1593, 1593, 'default.png', 6, 8),
(1594, 1594, 'default.png', 13, 8),
(1595, 1595, 'default.png', 2, 8),
(1596, 1596, 'default.png', 2, 8),
(1597, 1597, 'default.png', 9, 8),
(1598, 1598, 'default.png', 9, 8),
(1599, 1599, 'default.png', 9, 8),
(1600, 1600, 'default.png', 9, 8),
(1601, 1601, 'default.png', 9, 8),
(1602, 1602, 'default.png', 13, 289),
(1603, 1603, 'default.png', 2, 289),
(1604, 1604, 'default.png', 2, 289),
(1605, 1605, 'default.png', 2, 289),
(1606, 1606, 'default.png', 9, 17),
(1607, 1607, 'default.png', 4, 16),
(1608, 1608, 'default.png', 4, 16),
(1609, 1609, 'default.png', 4, 16),
(1610, 1610, 'default.png', 8, 16),
(1611, 1611, 'default.png', 8, 16),
(1612, 1612, 'default.png', 8, 16),
(1613, 1613, 'default.png', 9, 16),
(1614, 1614, 'default.png', 9, 16),
(1615, 1615, 'default.png', 4, 16),
(1616, 1616, 'default.png', 4, 16),
(1617, 1617, 'default.png', 10, 16),
(1618, 1618, 'default.png', 10, 16),
(1619, 1619, 'default.png', 8, 16),
(1620, 1620, 'default.png', 8, 16),
(1621, 1621, 'default.png', 13, 18),
(1622, 1622, 'default.png', 13, 18),
(1623, 1623, 'default.png', 13, 18),
(1624, 1624, 'default.png', 2, 18),
(1625, 1625, 'default.png', 2, 18),
(1626, 1626, 'default.png', 2, 18),
(1627, 1627, 'default.png', 2, 18),
(1628, 1628, 'default.png', 2, 18),
(1629, 1629, 'default.png', 2, 18),
(1630, 1630, 'default.png', 2, 18),
(1631, 1631, 'default.png', 6, 18),
(1632, 1632, 'default.png', 6, 18),
(1633, 1633, 'default.png', 6, 18),
(1634, 1634, 'default.png', 6, 18),
(1635, 1635, 'default.png', 15, 18),
(1636, 1636, 'default.png', 15, 18),
(1637, 1637, 'default.png', 15, 18),
(1638, 1638, 'default.png', 8, 18),
(1639, 1639, 'default.png', 8, 18),
(1640, 1640, 'default.png', 27, 290),
(1641, 1641, 'default.png', 26, 3),
(1642, 1642, 'default.png', 26, 3),
(1643, 1643, 'default.png', 4, 3),
(1644, 1644, 'default.png', 4, 3),
(1645, 1645, 'default.png', 13, 3),
(1646, 1646, 'default.png', 13, 3),
(1647, 1647, 'default.png', 13, 3),
(1648, 1648, 'default.png', 13, 3),
(1649, 1649, 'default.png', 6, 3),
(1650, 1650, 'default.png', 6, 3),
(1651, 1651, 'default.png', 8, 286),
(1652, 1652, 'default.png', 2, 286),
(1653, 1653, 'default.png', 8, 26),
(1654, 1654, 'default.png', 8, 26),
(1655, 1655, 'default.png', 8, 26),
(1656, 1656, 'default.png', 8, 26),
(1657, 1657, 'default.png', 26, 26),
(1658, 1658, 'default.png', 26, 26),
(1659, 1659, 'default.png', 2, 26),
(1660, 1660, 'default.png', 2, 26),
(1661, 1661, 'default.png', 2, 24),
(1662, 1662, 'default.png', 13, 24),
(1663, 1663, 'default.png', 13, 24),
(1664, 1664, 'default.png', 10, 24),
(1665, 1665, 'default.png', 2, 22),
(1666, 1666, 'default.png', 2, 22),
(1667, 1667, 'default.png', 2, 22),
(1668, 1668, 'default.png', 2, 22),
(1669, 1669, 'default.png', 2, 22),
(1670, 1670, 'default.png', 8, 22),
(1671, 1671, 'default.png', 8, 22),
(1672, 1672, 'default.png', 8, 22),
(1673, 1673, 'default.png', 8, 22),
(1674, 1674, 'default.png', 10, 22),
(1675, 1675, 'default.png', 4, 22),
(1676, 1676, 'default.png', 4, 22),
(1677, 1677, 'default.png', 6, 22),
(1678, 1678, 'default.png', 6, 22),
(1679, 1679, 'default.png', 6, 22),
(1680, 1680, 'default.png', 6, 45),
(1681, 1681, 'default.png', 6, 45),
(1682, 1682, 'default.png', 6, 45),
(1683, 1683, 'default.png', 6, 45),
(1684, 1684, 'default.png', 8, 45),
(1685, 1685, 'default.png', 8, 45),
(1686, 1686, 'default.png', 8, 45),
(1687, 1687, 'default.png', 8, 45),
(1688, 1688, 'default.png', 9, 45),
(1689, 1689, 'default.png', 27, 291),
(1690, 1690, 'default.png', 27, 292),
(1691, 1691, 'default.png', 8, 22),
(1692, 1692, 'default.png', 2, 22),
(1693, 1693, 'default.png', 9, 22),
(1694, 1694, 'default.png', 27, 263),
(1695, 1695, 'default.png', 27, 263),
(1696, 1696, 'default.png', 27, 263),
(1697, 1697, 'default.png', 27, 263),
(1698, 1698, 'default.png', 27, 263),
(1699, 1699, 'default.png', 27, 261),
(1700, 1700, 'default.png', 27, 261),
(1701, 1701, 'default.png', 27, 261),
(1702, 1702, 'default.png', 27, 261),
(1703, 1704, 'default.png', 27, 261),
(1704, 1703, 'default.png', 27, 261),
(1705, 1705, 'default.png', 27, 293),
(1706, 1706, 'default.png', 27, 293),
(1707, 1707, 'default.png', 27, 293),
(1708, 1708, 'default.png', 27, 293),
(1709, 1709, 'default.png', 27, 293),
(1710, 1710, 'default.png', 27, 293),
(1711, 1711, 'default.png', 27, 293),
(1712, 1712, 'default.png', 27, 294),
(1713, 1713, 'default.png', 27, 294),
(1714, 1714, 'default.png', 27, 294),
(1715, 1715, 'default.png', 27, 294),
(1716, 1716, 'default.png', 27, 264),
(1717, 1717, 'default.png', 27, 264),
(1718, 1718, 'default.png', 27, 264),
(1719, 1719, 'default.png', 27, 264),
(1720, 1720, 'default.png', 27, 264),
(1721, 1721, 'default.png', 3, 19),
(1722, 1722, 'default.png', 2, 19),
(1723, 1723, 'default.png', 10, 2),
(1724, 1724, 'default.png', 26, 5),
(1725, 1725, 'default.png', 3, 75),
(1726, 1726, 'default.png', 27, 296),
(1727, 1727, 'default.png', 10, 298),
(1728, 1728, 'default.png', 8, 298),
(1729, 1729, 'default.png', 8, 298),
(1730, 1730, 'default.png', 8, 298),
(1731, 1731, 'default.png', 10, 298),
(1732, 1732, 'default.png', 10, 298),
(1733, 1733, 'default.png', 10, 298),
(1734, 1734, 'default.png', 10, 298),
(1735, 1735, 'default.png', 10, 298),
(1736, 1736, 'default.png', 10, 298),
(1737, 1737, 'default.png', 2, 26),
(1738, 1738, 'default.png', 8, 20),
(1739, 1739, 'default.png', 27, 293),
(1740, 1740, 'default.png', 27, 293),
(1741, 1741, 'default.png', 27, 293),
(1742, 1742, 'default.png', 27, 293),
(1743, 1743, 'default.png', 27, 293),
(1744, 1744, 'default.png', 27, 293),
(1745, 1745, 'default.png', 27, 293),
(1746, 1746, 'default.png', 27, 301),
(1747, 1747, 'default.png', 27, 301),
(1748, 1748, 'default.png', 27, 301),
(1749, 1749, 'default.png', 27, 301),
(1750, 1750, 'default.png', 27, 301),
(1751, 1751, 'default.png', 27, 301),
(1752, 1752, 'default.png', 3, 75),
(1753, 1753, 'default.png', 3, 75),
(1754, 1754, 'default.png', 2, 75),
(1755, 1755, 'default.png', 2, 75),
(1756, 1756, 'default.png', 2, 75),
(1757, 1757, 'default.png', 27, 60),
(1758, 1758, 'default.png', 27, 60),
(1759, 1759, 'default.png', 27, 60),
(1760, 1760, 'default.png', 27, 60),
(1761, 1761, 'default.png', 27, 60),
(1762, 1762, 'default.png', 27, 60),
(1763, 1763, 'default.png', 27, 60),
(1764, 1764, 'default.png', 27, 303),
(1765, 1765, 'default.png', 27, 303),
(1766, 1766, 'default.png', 27, 303),
(1767, 1767, 'default.png', 27, 303),
(1768, 1768, 'default.png', 27, 303),
(1769, 1769, 'default.png', 27, 294),
(1770, 1770, 'default.png', 27, 294),
(1771, 1771, 'default.png', 27, 294),
(1772, 1772, 'default.png', 27, 294),
(1773, 1773, 'default.png', 27, 294),
(1774, 1774, 'default.png', 27, 294),
(1775, 1775, 'default.png', 27, 294),
(1776, 1776, 'default.png', 27, 259),
(1777, 1777, 'default.png', 27, 259),
(1778, 1778, 'default.png', 27, 259),
(1779, 1779, 'default.png', 27, 259),
(1780, 1780, 'default.png', 27, 259),
(1781, 1781, 'default.png', 27, 259),
(1782, 1782, 'default.png', 27, 259),
(1783, 1783, 'default.png', 27, 253),
(1784, 1784, 'default.png', 27, 253),
(1785, 1785, 'default.png', 27, 253),
(1786, 1786, 'default.png', 27, 253),
(1787, 1787, 'default.png', 27, 253),
(1788, 1788, 'default.png', 27, 253),
(1789, 1789, 'default.png', 27, 253),
(1790, 1790, 'default.png', 27, 261),
(1791, 1791, 'default.png', 27, 261),
(1792, 1792, 'default.png', 27, 261),
(1793, 1793, 'default.png', 27, 261),
(1794, 1794, 'default.png', 27, 306),
(1795, 1795, 'default.png', 27, 306),
(1796, 1796, 'default.png', 27, 306),
(1797, 1797, 'default.png', 27, 306),
(1798, 1798, 'default.png', 27, 306),
(1799, 1799, 'default.png', 27, 306),
(1800, 1800, 'default.png', 27, 306),
(1801, 1801, 'default.png', 27, 307),
(1802, 1802, 'default.png', 27, 307),
(1803, 1803, 'default.png', 27, 307),
(1804, 1804, 'default.png', 27, 307),
(1805, 1805, 'default.png', 27, 307),
(1806, 1806, 'default.png', 27, 307),
(1807, 1807, 'default.png', 27, 307),
(1808, 1808, 'default.png', 27, 309),
(1809, 1809, 'default.png', 27, 309),
(1810, 1810, 'default.png', 27, 309),
(1811, 1811, 'default.png', 27, 309),
(1812, 1812, 'default.png', 27, 309),
(1813, 1813, 'default.png', 27, 309),
(1814, 1814, 'default.png', 27, 309),
(1815, 1815, 'default.png', 27, 60),
(1816, 1816, 'default.png', 27, 257),
(1817, 1817, 'default.png', 27, 257),
(1818, 1818, 'default.png', 27, 257),
(1819, 1819, 'default.png', 27, 257),
(1820, 1820, 'default.png', 27, 257),
(1821, 1821, 'default.png', 27, 257),
(1822, 1822, 'default.png', 27, 310),
(1823, 1823, 'default.png', 27, 310),
(1824, 1824, 'default.png', 27, 310),
(1825, 1825, 'default.png', 27, 310),
(1826, 1826, 'default.png', 27, 310),
(1827, 1827, 'default.png', 27, 310),
(1828, 1828, 'default.png', 27, 310),
(1829, 1829, 'default.png', 27, 52),
(1830, 1830, 'default.png', 27, 52),
(1831, 1831, 'default.png', 27, 52),
(1832, 1832, 'default.png', 27, 52),
(1833, 1833, 'default.png', 27, 52),
(1834, 1834, 'default.png', 27, 52),
(1835, 1835, 'default.png', 27, 52),
(1836, 1836, 'default.png', 27, 311),
(1837, 1837, 'default.png', 27, 311),
(1838, 1838, 'default.png', 27, 311),
(1839, 1839, 'default.png', 27, 311),
(1840, 1840, 'default.png', 27, 311),
(1841, 1841, 'default.png', 27, 311),
(1842, 1842, 'default.png', 27, 311),
(1843, 1843, 'default.png', 27, 255),
(1844, 1844, 'default.png', 27, 255),
(1845, 1845, 'default.png', 27, 255),
(1846, 1846, 'default.png', 27, 255),
(1847, 1847, 'default.png', 27, 255),
(1848, 1848, 'default.png', 27, 255),
(1849, 1849, 'default.png', 27, 255),
(1850, 1850, 'default.png', 27, 260),
(1851, 1851, 'default.png', 27, 260),
(1852, 1852, 'default.png', 27, 260),
(1853, 1853, 'default.png', 27, 260),
(1854, 1854, 'default.png', 27, 260),
(1855, 1855, 'default.png', 27, 312),
(1856, 1856, 'default.png', 27, 312),
(1857, 1857, 'default.png', 27, 260),
(1858, 1858, 'default.png', 27, 260),
(1859, 1859, 'default.png', 27, 312),
(1860, 1860, 'default.png', 27, 312),
(1861, 1861, 'default.png', 27, 312),
(1862, 1862, 'default.png', 27, 312),
(1863, 1863, 'default.png', 27, 312),
(1864, 1864, 'default.png', 27, 313),
(1865, 1865, 'default.png', 27, 313),
(1866, 1866, 'default.png', 27, 313),
(1867, 1867, 'default.png', 27, 303),
(1868, 1868, 'default.png', 27, 264),
(1869, 1869, 'default.png', 27, 285),
(1870, 1870, 'default.png', 27, 285),
(1871, 1871, 'default.png', 27, 285),
(1872, 1872, 'default.png', 27, 285),
(1873, 1873, 'default.png', 27, 285),
(1874, 1874, 'default.png', 27, 285),
(1875, 1875, 'default.png', 27, 285),
(1876, 1876, 'default.png', 27, 263),
(1877, 1877, 'default.png', 27, 263),
(1878, 1878, 'default.png', 27, 251),
(1879, 1879, 'default.png', 27, 314),
(1880, 1880, 'default.png', 27, 314),
(1881, 1881, 'default.png', 27, 314),
(1882, 1882, 'default.png', 27, 314),
(1883, 1883, 'default.png', 27, 314),
(1884, 1884, 'default.png', 27, 314),
(1885, 1885, 'default.png', 27, 314),
(1886, 1886, 'default.png', 27, 262),
(1887, 1887, 'default.png', 27, 262),
(1888, 1888, 'default.png', 27, 262),
(1889, 1889, 'default.png', 27, 262),
(1890, 1890, 'default.png', 27, 262),
(1891, 1891, 'default.png', 27, 262),
(1892, 1892, 'default.png', 27, 262),
(1893, 1893, 'default.png', 22, 284),
(1894, 1894, 'default.png', 22, 284),
(1895, 1895, 'default.png', 23, 284),
(1896, 1896, 'default.png', 23, 284),
(1897, 1897, 'default.png', 10, 284),
(1898, 1898, 'default.png', 10, 284),
(1899, 1899, 'default.png', 10, 284),
(1900, 1900, 'default.png', 8, 284),
(1901, 1901, 'default.png', 8, 284),
(1902, 1902, 'default.png', 4, 284),
(1903, 1903, 'default.png', 15, 284),
(1904, 1904, 'default.png', 15, 284),
(1905, 1905, 'default.png', 13, 315),
(1906, 1906, 'default.png', 23, 283),
(1907, 1907, 'default.png', 23, 283),
(1908, 1908, 'default.png', 16, 283),
(1909, 1909, 'default.png', 16, 283),
(1910, 1910, 'default.png', 16, 283),
(1911, 1911, 'default.png', 16, 283),
(1912, 1912, 'default.png', 22, 283),
(1913, 1913, 'default.png', 22, 283),
(1914, 1914, 'default.png', 22, 283),
(1915, 1915, 'default.png', 25, 283),
(1916, 1916, 'default.png', 8, 283),
(1917, 1917, 'default.png', 8, 283),
(1918, 1918, 'default.png', 8, 283),
(1919, 1919, 'default.png', 18, 283),
(1920, 1920, 'default.png', 15, 283),
(1921, 1921, 'default.png', 15, 283),
(1922, 1922, 'default.png', 10, 283),
(1923, 1923, 'default.png', 10, 283),
(1924, 1924, 'default.png', 2, 316),
(1925, 1925, 'default.png', 27, 210),
(1926, 1926, 'default.png', 27, 48),
(1927, 1927, 'default.png', 27, 57),
(1928, 1928, 'default.png', 27, 211),
(1929, 1929, 'default.png', 27, 213),
(1930, 1930, 'default.png', 27, 214),
(1931, 1931, 'default.png', 27, 215),
(1932, 1932, 'default.png', 27, 216),
(1933, 1933, 'default.png', 27, 217),
(1934, 1934, 'default.png', 27, 317),
(1935, 1935, 'default.png', 27, 318),
(1936, 1936, 'default.png', 27, 318),
(1937, 1937, 'default.png', 27, 318),
(1938, 1938, 'default.png', 27, 318),
(1939, 1939, 'default.png', 27, 318),
(1940, 1940, 'default.png', 27, 318),
(1941, 1941, 'default.png', 27, 318),
(1942, 1942, 'default.png', 2, 44),
(1943, 1943, 'default.png', 2, 44),
(1944, 1944, 'default.png', 2, 44),
(1945, 1945, 'default.png', 2, 44),
(1946, 1946, 'default.png', 2, 44),
(1947, 1947, 'default.png', 2, 44),
(1948, 1948, 'default.png', 2, 44),
(1949, 1949, 'default.png', 13, 44),
(1950, 1950, 'default.png', 13, 44),
(1951, 1951, 'default.png', 13, 44),
(1952, 1952, 'default.png', 13, 44),
(1953, 1953, 'default.png', 13, 44),
(1954, 1954, 'default.png', 13, 44),
(1955, 1955, 'default.png', 13, 44),
(1956, 1956, 'default.png', 10, 44),
(1957, 1957, 'default.png', 10, 44),
(1958, 1958, 'default.png', 10, 44),
(1959, 1959, 'default.png', 10, 44),
(1960, 1960, 'default.png', 10, 44),
(1961, 1961, 'default.png', 10, 44),
(1962, 1962, 'default.png', 10, 44),
(1963, 1963, 'default.png', 23, 44),
(1964, 1964, 'default.png', 23, 44),
(1965, 1965, 'default.png', 23, 44),
(1966, 1966, 'default.png', 23, 44),
(1967, 1967, 'default.png', 23, 44),
(1968, 1968, 'default.png', 23, 44),
(1969, 1969, 'default.png', 23, 44),
(1970, 1970, 'default.png', 2, 39),
(1971, 1971, 'default.png', 2, 39),
(1972, 1972, 'default.png', 27, 83),
(1973, 1973, 'default.png', 27, 300),
(1974, 1974, 'default.png', 27, 320),
(1975, 1975, 'default.png', 27, 67),
(1976, 1976, 'default.png', 27, 321),
(1977, 1977, 'default.png', 27, 321),
(1978, 1978, 'default.png', 27, 321),
(1979, 1979, 'default.png', 27, 321),
(1980, 1980, 'default.png', 27, 321),
(1981, 1981, 'default.png', 27, 322),
(1982, 1982, 'default.png', 27, 322),
(1983, 1983, 'default.png', 27, 322),
(1984, 1984, 'default.png', 27, 322),
(1985, 1985, 'default.png', 27, 322),
(1986, 1986, 'default.png', 27, 322),
(1987, 1987, 'default.png', 6, 12),
(1988, 1988, 'default.png', 8, 79),
(1989, 1989, 'default.png', 27, 324),
(1990, 1990, 'default.png', 3, 1),
(1991, 1991, 'default.png', 27, 219),
(1992, 1992, 'default.png', 27, 219),
(1993, 1993, 'default.png', 27, 219),
(1994, 1994, 'default.png', 27, 221),
(1995, 1995, 'default.png', 27, 221),
(1996, 1996, 'default.png', 27, 221),
(1997, 1997, 'default.png', 27, 220),
(1998, 1998, 'default.png', 27, 220),
(1999, 1999, 'default.png', 27, 220),
(2000, 2000, 'default.png', 27, 225),
(2001, 2001, 'default.png', 27, 225),
(2002, 2002, 'default.png', 27, 225),
(2003, 2003, 'default.png', 27, 225),
(2004, 2004, 'default.png', 27, 225),
(2005, 2005, 'default.png', 27, 225),
(2006, 2006, 'default.png', 27, 223),
(2007, 2007, 'default.png', 27, 223),
(2008, 2008, 'default.png', 27, 223),
(2009, 2009, 'default.png', 27, 222),
(2010, 2010, 'default.png', 27, 222),
(2011, 2011, 'default.png', 27, 222),
(2012, 2012, 'default.png', 27, 227),
(2013, 2013, 'default.png', 27, 227),
(2014, 2014, 'default.png', 27, 227),
(2015, 2015, 'default.png', 27, 227),
(2016, 2016, 'default.png', 27, 227),
(2017, 2017, 'default.png', 27, 227),
(2018, 2018, 'default.png', 27, 230),
(2019, 2019, 'default.png', 27, 230),
(2020, 2020, 'default.png', 27, 230),
(2021, 2021, 'default.png', 27, 230),
(2022, 2022, 'default.png', 27, 230),
(2023, 2023, 'default.png', 27, 229),
(2024, 2024, 'default.png', 27, 217),
(2025, 2025, 'default.png', 27, 231),
(2026, 2026, 'default.png', 27, 231),
(2027, 2027, 'default.png', 27, 232),
(2028, 2028, 'default.png', 27, 232),
(2029, 2029, 'default.png', 27, 232),
(2030, 2030, 'default.png', 27, 233),
(2031, 2031, 'default.png', 27, 233),
(2032, 2032, 'default.png', 27, 233),
(2033, 2033, 'default.png', 27, 234),
(2034, 2034, 'default.png', 27, 235),
(2035, 2035, 'default.png', 27, 236),
(2036, 2036, 'default.png', 27, 236),
(2037, 2037, 'default.png', 27, 236),
(2038, 2038, 'default.png', 27, 235),
(2039, 2039, 'default.png', 27, 235),
(2040, 2040, 'default.png', 27, 237),
(2041, 2041, 'default.png', 27, 237),
(2042, 2042, 'default.png', 27, 237),
(2043, 2043, 'default.png', 27, 238),
(2044, 2044, 'default.png', 27, 238),
(2045, 2045, 'default.png', 27, 238),
(2046, 2046, 'default.png', 27, 239),
(2047, 2047, 'default.png', 27, 239),
(2048, 2048, 'default.png', 27, 239),
(2049, 2049, 'default.png', 27, 240),
(2050, 2050, 'default.png', 27, 240),
(2051, 2051, 'default.png', 27, 240),
(2052, 2052, 'default.png', 27, 241),
(2053, 2053, 'default.png', 27, 241),
(2054, 2054, 'default.png', 27, 241),
(2055, 2055, 'default.png', 27, 242),
(2056, 2056, 'default.png', 27, 242),
(2057, 2057, 'default.png', 27, 242),
(2058, 2058, 'default.png', 27, 243),
(2059, 2059, 'default.png', 27, 243),
(2060, 2060, 'default.png', 27, 243),
(2061, 2061, 'default.png', 27, 244),
(2062, 2062, 'default.png', 27, 244),
(2063, 2063, 'default.png', 27, 244),
(2064, 2064, 'default.png', 27, 245),
(2065, 2065, 'default.png', 27, 245),
(2066, 2066, 'default.png', 27, 245),
(2067, 2067, 'default.png', 27, 245),
(2068, 2068, 'default.png', 27, 246),
(2069, 2069, 'default.png', 27, 246),
(2070, 2070, 'default.png', 27, 246),
(2071, 2071, 'default.png', 27, 247),
(2072, 2072, 'default.png', 27, 247),
(2073, 2073, 'default.png', 27, 247),
(2074, 2074, 'default.png', 27, 68);

-- --------------------------------------------------------

--
-- Table structure for table `invoice_tb`
--

CREATE TABLE `invoice_tb` (
  `id` int(11) NOT NULL,
  `purchase_ids` varchar(255) NOT NULL,
  `branch_id` int(11) NOT NULL,
  `purchase_date` varchar(100) NOT NULL
) ENGINE=InnoDB DEFAULT CHARSET=utf8mb4;

--
-- Dumping data for table `invoice_tb`
--

INSERT INTO `invoice_tb` (`id`, `purchase_ids`, `branch_id`, `purchase_date`) VALUES
(2, '2|3|4|', 3, '2022-07-01'),
(3, '5|6|', 3, '2022-07-01'),
(4, '7|8|9|10|11|12|', 3, '2022-07-01'),
(5, '13|14|', 3, '2022-07-01'),
(6, '15|', 3, '2022-07-01'),
(7, '16|17|18|', 3, '2022-07-01'),
(8, '19|', 3, '2022-07-01'),
(9, '20|', 3, '2022-07-01'),
(10, '21|', 3, '2022-07-01'),
(11, '22|23|24|', 3, '2022-07-01'),
(12, '25|', 3, '2022-07-01'),
(15, '28|', 1, '2022-07-01');

-- --------------------------------------------------------

--
-- Table structure for table `notifications_tb`
--

CREATE TABLE `notifications_tb` (
  `id` int(11) NOT NULL,
  `title` varchar(30) NOT NULL,
  `message` text NOT NULL,
  `branch_id` int(11) NOT NULL,
  `status_id` int(11) NOT NULL,
  `message_date` varchar(10) NOT NULL
) ENGINE=InnoDB DEFAULT CHARSET=utf8mb4;

--
-- Dumping data for table `notifications_tb`
--

INSERT INTO `notifications_tb` (`id`, `title`, `message`, `branch_id`, `status_id`, `message_date`) VALUES
(1, 'Inventory update', '5.11 Shirts have been increamented by 5, they are 30 in total now', 3, 2, '2022-05-01');

-- --------------------------------------------------------

--
-- Table structure for table `order_item_tb`
--

CREATE TABLE `order_item_tb` (
  `order_item_id` int(11) NOT NULL,
  `order_id` int(11) NOT NULL,
  `product_id` int(11) NOT NULL,
  `quantity` int(11) NOT NULL,
  `created_at` timestamp NOT NULL DEFAULT current_timestamp(),
  `modified_at` timestamp NOT NULL DEFAULT current_timestamp()
) ENGINE=InnoDB DEFAULT CHARSET=utf8mb4;

-- --------------------------------------------------------

--
-- Table structure for table `order_tb`
--

CREATE TABLE `order_tb` (
  `order_id` int(11) NOT NULL,
  `branch_id` int(11) NOT NULL,
  `session_id` int(11) NOT NULL,
  `total` int(11) NOT NULL,
  `created_at` timestamp NOT NULL DEFAULT current_timestamp(),
  `modified_at` timestamp NOT NULL DEFAULT current_timestamp(),
  `date` varchar(30) NOT NULL DEFAULT '12-03-2022'
) ENGINE=InnoDB DEFAULT CHARSET=utf8mb4;

-- --------------------------------------------------------

--
-- Table structure for table `payment_type_tb`
--

CREATE TABLE `payment_type_tb` (
  `payment_type_id` int(11) NOT NULL,
  `payment_type_name` varchar(100) NOT NULL
) ENGINE=InnoDB DEFAULT CHARSET=utf8mb4;

--
-- Dumping data for table `payment_type_tb`
--

INSERT INTO `payment_type_tb` (`payment_type_id`, `payment_type_name`) VALUES
(1, 'Cash'),
(2, 'Credit cards'),
(3, 'Checks'),
(4, 'Paypal POS'),
(5, 'DTB POS'),
(6, 'ECOBANK POS');

-- --------------------------------------------------------

--
-- Table structure for table `product_detail_tb`
--

CREATE TABLE `product_detail_tb` (
  `product_id` int(11) NOT NULL,
  `product_name` varchar(100) DEFAULT NULL,
  `code_initual` varchar(20) NOT NULL DEFAULT ' ',
  `category_id` int(11) DEFAULT NULL,
  `sale_price` int(11) DEFAULT NULL,
  `buy_price` int(11) DEFAULT NULL,
  `wholesale_price` int(11) NOT NULL DEFAULT 150000,
  `brand_id` int(11) DEFAULT NULL,
  `size_scheme_id` int(11) DEFAULT NULL,
  `supplier_id` int(11) DEFAULT NULL,
  `status_id` int(11) NOT NULL DEFAULT 1
) ENGINE=InnoDB DEFAULT CHARSET=utf8mb4;

--
-- Dumping data for table `product_detail_tb`
--

INSERT INTO `product_detail_tb` (`product_id`, `product_name`, `code_initual`, `category_id`, `sale_price`, `buy_price`, `wholesale_price`, `brand_id`, `size_scheme_id`, `supplier_id`, `status_id`) VALUES
(1, '5.11 Stryke Pants', ' ', 2, 21000, 110000, 150000, 1, 2, 1, 1),
(2, '5.11 TDU Pants', ' ', 2, 210000, 110000, 150000, 1, 2, 1, 1),
(3, '5.11 US Pants', ' ', 2, 210000, 110000, 150000, 1, 2, 1, 1),
(4, 'Tactical Convertible Pants', ' ', 2, 210000, 110000, 150000, 1, 1, 1, 1),
(5, 'Taclite Pro Pants', ' ', 2, 210000, 110000, 150000, 1, 2, 1, 1),
(6, '5.11 TDU Ripstop Pants', ' ', 2, 210000, 110000, 150000, 1, 1, 1, 1),
(7, 'North Face Men Pants', ' ', 2, 210000, 110000, 150000, 3, 1, 1, 1),
(8, 'Under Armour Pants', '', 2, 210000, 110000, 150000, 2, 2, 1, 1),
(9, 'PDU Pants', ' ', 2, 210000, 110000, 150000, 1, 2, 1, 1),
(10, 'Columbia Hiking Pants', ' ', 2, 210000, 110000, 150000, 5, 2, 1, 1),
(11, 'Duluth Woment Pants', ' ', 2, 210000, 110000, 150000, 10, 2, 1, 1),
(12, 'Globe Spirit Hiking Pants', ' ', 2, 210000, 110000, 150000, 1, 1, 1, 1),
(13, 'Tactical Police Force', ' ', 2, 210000, 110000, 150000, 10, 2, 1, 1),
(14, 'May/Lite Pro Pants', ' ', 2, 210000, 110000, 150000, 1, 2, 1, 1),
(15, 'Taclite Pro Women Pants', ' ', 2, 270000, 110000, 150000, 1, 2, 1, 1),
(16, 'ESDY Pants', ' ', 2, 210000, 110000, 150000, 1, 1, 1, 1),
(17, 'Ck Gym Pants', ' ', 2, 210000, 110000, 150000, 13, 1, 1, 1),
(18, 'Under Armour Shorts', ' ', 6, 210000, 110000, 150000, 2, 1, 1, 1),
(19, 'Under Armour Soft Shorts', ' ', 6, 210000, 110000, 150000, 2, 1, 1, 1),
(20, 'Under Armour Casual Shorts', ' ', 6, 210000, 110000, 150000, 2, 2, 1, 1),
(21, 'Columbia Shorts', ' ', 6, 210000, 110000, 150000, 5, 1, 1, 1),
(22, 'North Face Shorts', ' ', 6, 210000, 110000, 150000, 3, 1, 1, 1),
(23, 'May/Lite Pro Shorts', ' ', 6, 210000, 110000, 150000, 1, 1, 1, 1),
(24, 'Taclite Pro Shorts', ' ', 6, 210000, 110000, 150000, 1, 2, 1, 1),
(25, 'U.S Shorts', ' ', 6, 210000, 110000, 150000, 1, 2, 1, 1),
(26, 'Stryke Shorts', ' ', 6, 210000, 110000, 150000, 1, 2, 1, 1),
(27, 'North Face Jampers(Hoodies)', ' ', 13, 210000, 110000, 150000, 3, 1, 1, 1),
(28, '5.11 Jakets', ' ', 7, 210000, 110000, 150000, 1, 1, 1, 1),
(29, 'Columbia Fliss Jampers(Hoodies)', ' ', 13, 210000, 110000, 150000, 5, 1, 1, 1),
(30, 'Adidas Jampers(Hoodies)', ' ', 13, 210000, 110000, 150000, 12, 1, 1, 1),
(31, 'Under Armour Jampers(Hoodies)', ' ', 13, 210000, 110000, 150000, 2, 1, 1, 1),
(32, 'Columbia Rain Jackets', ' ', 7, 210000, 110000, 150000, 5, 1, 1, 1),
(33, 'North Face Rain Jackets', ' ', 7, 210000, 110000, 150000, 3, 1, 1, 1),
(34, 'Tactical Half Jackets', ' ', 7, 210000, 110000, 150000, 10, 3, 1, 1),
(35, 'Sweaters', ' ', 7, 210000, 110000, 150000, 10, 3, 1, 1),
(36, 'Women Half Jackets', ' ', 7, 210000, 110000, 150000, 10, 3, 1, 1),
(37, 'North Face Women Rain Jackets', ' ', 7, 210000, 110000, 150000, 3, 3, 1, 1),
(38, 'Columbia Women Rain Jackets', ' ', 7, 210000, 110000, 150000, 5, 3, 1, 1),
(39, 'Nike Gym Pants', ' ', 2, 210000, 110000, 150000, 11, 1, 1, 1),
(40, 'North Face Women Pants', ' ', 2, 210000, 110000, 150000, 3, 1, 1, 1),
(41, 'Cat Briefs (Under Wears)', ' ', 15, 210000, 110000, 150000, 7, 1, 1, 1),
(42, 'Under Amour Briefs/Under Wears', ' ', 15, 210000, 110000, 150000, 2, 1, 1, 1),
(43, '5.11 Tactical Cotton Shirt Long', ' ', 5, 210000, 110000, 150000, 1, 1, 1, 1),
(44, '5.11 Tactical Cotton Shirt Short', ' ', 5, 210000, 110000, 150000, 1, 1, 1, 1),
(45, '5.11 Tactical Polyster (Soft) Shirt Short', ' ', 5, 210000, 110000, 150000, 1, 1, 1, 1),
(46, '5.11 Tactical Polyster (Soft) Shirt Long', ' ', 5, 210000, 110000, 150000, 1, 1, 1, 1),
(47, 'Under Armour Women Shortsleeve Polos', ' ', 9, 210000, 110000, 150000, 2, 1, 1, 1),
(48, 'Cat Caps', ' ', 11, 80000, 110000, 150000, 7, 3, 1, 1),
(49, 'CAT Roller Back', ' ', 1, 440000, 110000, 150000, 7, 3, 1, 1),
(50, 'North Face Waist Bags(B)', ' ', 4, 150000, 110000, 150000, 3, 3, 1, 1),
(51, 'North Face Waist Bags(S)', ' ', 4, 150000, 110000, 150000, 3, 3, 1, 1),
(52, 'Columbia Roundneck T-Shirts', ' ', 9, 150000, 110000, 150000, 5, 3, 1, 1),
(54, 'Columbia Men Shirt Short', ' ', 5, 150000, 110000, 150000, 5, 1, 1, 1),
(55, 'Columbia Men Shirt Long', ' ', 5, 150000, 110000, 150000, 5, 1, 1, 1),
(56, 'Sandals', ' ', 3, 210000, 110000, 150000, 10, 3, 1, 1),
(57, 'Under Amour Caps', ' ', 11, 80000, 110000, 150000, 2, 3, 1, 1),
(58, 'Other Brands Caps', ' ', 11, 80000, 110000, 150000, 10, 3, 1, 1),
(59, 'Merrell Shoes', ' ', 12, 570000, 110000, 1500000, 6, 3, 1, 1),
(60, 'Nike Roundneck T-Shirts', ' ', 9, 150000, 110000, 150000, 11, 3, 1, 1),
(61, 'Columbia Sunhat', ' ', 11, 95000, 110000, 150000, 5, 3, 1, 1),
(62, 'Oakly Gloves (short)', ' ', 4, 95000, 110000, 150000, 10, 1, 1, 1),
(63, 'Oakly Gloves (Long)', ' ', 4, 95000, 110000, 150000, 10, 1, 1, 1),
(64, 'North Face Sunhats', ' ', 11, 80000, 110000, 150000, 3, 3, 1, 1),
(65, 'Tactical Sunhats', ' ', 11, 80000, 110000, 150000, 10, 3, 1, 1),
(66, 'Bucket Hats', ' ', 11, 80000, 110000, 150000, 10, 3, 1, 1),
(67, 'Non Branded Hats', ' ', 11, 80000, 110000, 150000, 10, 3, 1, 1),
(68, 'Surge Backpack', ' ', 1, 210000, 110000, 150000, 3, 3, 1, 1),
(69, 'Router Transit Backpacks', ' ', 1, 210000, 110000, 150000, 3, 3, 1, 1),
(70, 'Overhaul Backpack', ' ', 1, 210000, 110000, 150000, 3, 3, 1, 1),
(71, 'Terra 50 Backpack', ' ', 1, 210000, 110000, 150000, 3, 3, 1, 1),
(72, 'Police Force Pants', ' ', 2, 210000, 110000, 150000, 10, 2, 1, 1),
(73, 'Women Soft Pants', ' ', 2, 210000, 110000, 150000, 10, 1, 1, 1),
(74, 'Men Soft Pants', ' ', 2, 210000, 110000, 150000, 10, 1, 1, 1),
(75, 'Jean Pants', ' ', 2, 210000, 110000, 150000, 10, 2, 1, 1),
(76, 'Under Armour Sweat Pants', ' ', 2, 210000, 110000, 150000, 2, 1, 1, 1),
(77, 'Women Gym Wear Full', ' ', 2, 210000, 110000, 150000, 2, 1, 1, 1),
(78, 'Women Gym Pants', ' ', 2, 210000, 110000, 150000, 10, 3, 1, 1),
(79, 'G-Zero Pants', ' ', 2, 210000, 110000, 150000, 10, 2, 1, 1),
(80, 'Full Track Suit', ' ', 2, 210000, 110000, 150000, 10, 3, 1, 1),
(81, 'Track Pants', ' ', 2, 210000, 110000, 150000, 10, 3, 1, 1),
(82, 'Hard Pants', ' ', 2, 210000, 110000, 150000, 10, 2, 1, 1),
(83, 'Nike Sweaters', ' ', 4, 210000, 110000, 150000, 11, 1, 1, 1),
(84, 'Terra 65 Backpack', ' ', 1, 210000, 110000, 150000, 3, 3, 1, 1),
(85, 'Hot Shot', ' ', 1, 210000, 110000, 150000, 3, 3, 1, 1),
(86, 'Big Shot', ' ', 1, 210000, 110000, 150000, 3, 3, 1, 1),
(87, 'Supreme Backpack', ' ', 1, 210000, 110000, 150000, 3, 3, 1, 1),
(88, 'Foldable Gym Bags', ' ', 1, 210000, 110000, 150000, 3, 3, 1, 1),
(90, 'Gym Bags', ' ', 1, 210000, 110000, 150000, 3, 3, 1, 1),
(91, 'Women Bags', ' ', 1, 210000, 110000, 150000, 3, 3, 1, 1),
(92, 'Other Sunhats', ' ', 11, 80000, 110000, 150000, 10, 3, 1, 1),
(93, 'Columbia Men Soft Shirt Long', ' ', 5, 210000, 110000, 150000, 5, 2, 1, 1),
(94, 'Columbia Men Soft Shirt Short', ' ', 5, 210000, 110000, 150000, 5, 1, 1, 1),
(95, 'Other Short Sleeved Shirt', ' ', 5, 210000, 110000, 150000, 10, 1, 1, 1),
(96, 'Moab Jam 30 Medic Kit', ' ', 4, 210000, 110000, 150000, 4, 3, 1, 1),
(97, 'Moab Jam 24 Medic Kit', ' ', 4, 210000, 110000, 150000, 4, 3, 1, 1),
(98, 'Moab Jam 18 Medic Kit', ' ', 4, 210000, 110000, 150000, 4, 3, 1, 1),
(99, 'Mountaineer 36', ' ', 1, 210000, 110000, 150000, 4, 3, 1, 1),
(100, 'Highland TX 60', ' ', 1, 210000, 110000, 150000, 4, 3, 1, 1),
(101, 'Denali 70', ' ', 1, 210000, 110000, 150000, 4, 3, 1, 1),
(102, 'Velocity 12', ' ', 1, 210000, 110000, 150000, 4, 3, 1, 1),
(103, 'CAT Backpacks', ' ', 1, 210000, 110000, 150000, 7, 3, 1, 1),
(104, 'Deuter Futura', ' ', 1, 210000, 110000, 150000, 10, 3, 1, 1),
(105, 'Deuter Futura 42', ' ', 1, 210000, 110000, 150000, 10, 3, 1, 1),
(106, 'Deuter Futura 28', ' ', 1, 210000, 110000, 150000, 10, 3, 1, 1),
(107, 'Deuter Air Contact Lite', ' ', 1, 210000, 110000, 150000, 10, 3, 1, 1),
(108, 'Westfield Outdoor Roller', ' ', 1, 210000, 110000, 150000, 10, 3, 1, 1),
(109, 'Rush 72', ' ', 1, 210000, 110000, 150000, 1, 3, 1, 1),
(110, 'Rush 24', ' ', 1, 210000, 110000, 150000, 1, 3, 1, 1),
(111, 'Rush 12', ' ', 1, 210000, 110000, 150000, 1, 3, 1, 1),
(112, 'All Harzard Nitro', ' ', 1, 210000, 110000, 150000, 1, 3, 1, 1),
(113, 'All Harzard Prime', ' ', 1, 210000, 110000, 150000, 1, 3, 1, 1),
(114, 'Rush Delivery Mike', ' ', 1, 210000, 110000, 150000, 1, 3, 1, 1),
(115, 'Rush Delivery Lima', ' ', 1, 210000, 110000, 150000, 1, 3, 1, 1),
(116, '5.11 Medic Kit', ' ', 4, 210000, 110000, 150000, 1, 3, 1, 1),
(117, 'North Face (Sling) Shoulder Bag', ' ', 1, 210000, 110000, 150000, 3, 3, 1, 1),
(118, 'North Face Camera Bag(B)', ' ', 1, 210000, 110000, 150000, 3, 3, 1, 1),
(119, 'North Face Camera Bag(S)', ' ', 1, 210000, 110000, 150000, 3, 3, 1, 1),
(120, 'CAT Shoulder Bags', ' ', 4, 210000, 110000, 150000, 7, 3, 1, 1),
(121, 'Other Shoulder Bags', ' ', 1, 210000, 110000, 150000, 10, 3, 1, 1),
(122, 'CAT Waist Bags', ' ', 4, 210000, 110000, 150000, 7, 3, 1, 1),
(123, 'Deuter Waist Bags', ' ', 4, 210000, 110000, 150000, 10, 3, 1, 1),
(124, 'Jackwolfeskin Waist Bags', ' ', 4, 210000, 110000, 150000, 4, 3, 1, 1),
(125, 'In-Soles (shoe Carpet)', ' ', 4, 210000, 110000, 150000, 10, 3, 1, 1),
(126, 'North Face Money Belts', ' ', 4, 210000, 110000, 150000, 3, 3, 1, 1),
(127, 'Oakley Glasses', ' ', 10, 210000, 110000, 150000, 10, 3, 1, 1),
(128, 'V-Kool Glasses', ' ', 10, 210000, 110000, 150000, 10, 3, 1, 1),
(129, 'Dingsheng Glasses', ' ', 10, 210000, 110000, 150000, 10, 3, 1, 1),
(130, 'Ray Ban', ' ', 10, 210000, 110000, 150000, 10, 3, 1, 1),
(131, 'M-Pact Gloves (Short)', ' ', 4, 210000, 110000, 150000, 10, 1, 1, 1),
(132, 'M-Pact Gloves (Long)', ' ', 4, 210000, 110000, 150000, 10, 1, 1, 1),
(133, 'Remixon Gloves', ' ', 4, 210000, 110000, 150000, 10, 3, 1, 1),
(134, 'Other Gloves', ' ', 4, 210000, 110000, 150000, 10, 3, 1, 1),
(136, '5.11 Hard Buckle', ' ', 4, 210000, 110000, 150000, 1, 3, 1, 1),
(137, '5.11 TDU Belts', ' ', 4, 210000, 110000, 150000, 1, 3, 1, 1),
(138, 'Tactical Belt', ' ', 4, 210000, 110000, 150000, 1, 3, 1, 1),
(139, 'Leather Belts', ' ', 4, 210000, 110000, 150000, 1, 3, 1, 1),
(140, 'Luggage Belts', ' ', 4, 210000, 110000, 150000, 1, 3, 1, 1),
(141, 'Luggage Padlocks', ' ', 4, 210000, 110000, 150000, 10, 3, 1, 1),
(142, 'Flag Patches', ' ', 4, 20000, 110000, 15000, 10, 3, 1, 1),
(143, 'Flag Stickers', ' ', 4, 20000, 110000, 15000, 10, 3, 1, 1),
(144, 'Socks (Long)', ' ', 4, 210000, 110000, 150000, 10, 3, 1, 1),
(145, 'Socks (Short)', ' ', 4, 210000, 110000, 150000, 10, 3, 1, 1),
(146, '5.11 Wallets', ' ', 4, 210000, 110000, 150000, 1, 3, 1, 1),
(147, 'CAT Wallets', ' ', 4, 210000, 110000, 150000, 7, 3, 1, 1),
(148, 'Leather Wallets', ' ', 4, 210000, 110000, 150000, 10, 3, 1, 1),
(149, 'Passport Holders (B)', ' ', 4, 95000, 110000, 150000, 10, 3, 1, 1),
(150, 'Passport Holders (S)', ' ', 4, 80000, 110000, 15000, 10, 3, 1, 1),
(151, 'CAT Suitcases', ' ', 1, 210000, 110000, 150000, 7, 3, 1, 1),
(152, 'ParaJohn Suitcases', ' ', 1, 210000, 110000, 150000, 10, 3, 1, 1),
(153, 'ParaJohn Towels', ' ', 4, 210000, 110000, 150000, 10, 3, 1, 1),
(155, 'Shoe Lances', ' ', 4, 210000, 110000, 150000, 10, 3, 1, 1),
(156, '5.11 Bottle Pulch', ' ', 4, 210000, 110000, 150000, 1, 3, 1, 1),
(157, 'Bottle Pulch', ' ', 4, 210000, 110000, 150000, 10, 3, 1, 1),
(158, 'CAT Car Carger (Micro)', ' ', 4, 210000, 110000, 150000, 7, 3, 1, 1),
(159, 'CAT Phone (B26)', ' ', 4, 210000, 110000, 150000, 7, 3, 1, 1),
(160, 'Sonada Torches', ' ', 4, 210000, 110000, 150000, 10, 3, 1, 1),
(161, 'GHS Torches', ' ', 4, 210000, 110000, 150000, 10, 3, 1, 1),
(162, 'Police Torches', ' ', 4, 210000, 110000, 150000, 10, 3, 1, 1),
(163, 'Other Torches', ' ', 4, 210000, 110000, 150000, 10, 3, 1, 1),
(164, 'Thuraya Power Banks', ' ', 4, 210000, 110000, 150000, 10, 3, 1, 1),
(165, 'Huawei Power Banks', ' ', 4, 210000, 110000, 150000, 10, 3, 1, 1),
(167, 'Paracode With Compass', ' ', 4, 210000, 110000, 150000, 10, 3, 1, 1),
(168, 'Paracode Without Compass', ' ', 4, 210000, 110000, 150000, 10, 3, 1, 1),
(169, 'Avex Water Bottles', ' ', 4, 210000, 110000, 150000, 10, 3, 1, 1),
(170, 'Reebok Water Bottles', ' ', 4, 210000, 110000, 150000, 10, 3, 1, 1),
(171, 'Other Water Bottles', ' ', 4, 210000, 110000, 150000, 10, 3, 1, 1),
(172, 'Travel Flasks (B)', ' ', 4, 210000, 110000, 150000, 10, 3, 1, 1),
(173, 'Travel Flasks (S)', ' ', 4, 210000, 110000, 150000, 10, 3, 1, 1),
(174, 'X-Blaze Headlamps', ' ', 4, 210000, 110000, 150000, 10, 3, 1, 1),
(175, 'Focus Headlamps', ' ', 4, 210000, 110000, 150000, 10, 3, 1, 1),
(176, 'CAT ATM Card Holders', ' ', 4, 210000, 110000, 150000, 7, 3, 1, 1),
(177, 'ID Holders', ' ', 4, 210000, 110000, 150000, 10, 3, 1, 1),
(178, 'Cash Carriers', ' ', 4, 210000, 110000, 150000, 10, 3, 1, 1),
(179, 'Key Holders', ' ', 4, 210000, 110000, 150000, 10, 3, 1, 1),
(180, 'Swiss Card (Victorianox)', ' ', 4, 210000, 110000, 150000, 10, 3, 1, 1),
(181, 'Swiss Knife', ' ', 4, 210000, 110000, 150000, 10, 3, 1, 1),
(182, 'Swiss Tool (victorinox)', ' ', 4, 210000, 110000, 150000, 10, 3, 1, 1),
(183, 'Picnic Tool (set)', ' ', 4, 210000, 110000, 150000, 10, 3, 1, 1),
(184, 'Travel Selection Packs', ' ', 4, 210000, 110000, 150000, 10, 3, 1, 1),
(185, 'Weighing Scales', ' ', 4, 210000, 110000, 150000, 10, 3, 1, 1),
(186, 'Glass Breaker', ' ', 4, 210000, 110000, 150000, 10, 3, 1, 1),
(187, 'Sports Arm Bands', ' ', 4, 210000, 110000, 150000, 10, 3, 1, 1),
(188, 'Wrist Bands', ' ', 4, 210000, 110000, 150000, 10, 3, 1, 1),
(189, 'Yoga Mats', ' ', 4, 210000, 110000, 150000, 10, 3, 1, 1),
(190, 'ParaJohn Neck Pillows', ' ', 4, 210000, 110000, 150000, 10, 3, 1, 1),
(191, 'Other Neck Pillows', ' ', 4, 210000, 110000, 150000, 10, 3, 1, 1),
(192, 'Puflins Writ Support Band', ' ', 4, 210000, 110000, 150000, 10, 3, 1, 1),
(193, 'Ropes Wrist Support Band', ' ', 4, 210000, 110000, 150000, 10, 3, 1, 1),
(194, 'Gillete Wrist Support Band', ' ', 4, 210000, 110000, 150000, 10, 3, 1, 1),
(195, 'Leatherman Tool Micra', ' ', 4, 210000, 110000, 150000, 9, 3, 1, 1),
(196, 'Cutter', ' ', 4, 210000, 110000, 150000, 10, 3, 1, 1),
(197, 'Whistle', ' ', 4, 210000, 110000, 150000, 10, 3, 1, 1),
(198, 'ParaJohn Case Covers', ' ', 4, 210000, 110000, 150000, 8, 3, 1, 1),
(199, 'Golden Dollar', ' ', 4, 210000, 110000, 150000, 10, 3, 1, 1),
(200, 'Bag Stoppers', ' ', 4, 210000, 110000, 150000, 10, 3, 1, 1),
(201, 'Ranger Perfumes', ' ', 4, 210000, 110000, 150000, 10, 3, 1, 1),
(202, 'Diesel Comourflage Pefumes', ' ', 4, 210000, 110000, 150000, 10, 3, 1, 1),
(203, 'Golden Pefumes (S)', ' ', 4, 210000, 110000, 150000, 10, 3, 1, 1),
(204, 'Golden Pefumes (B)', ' ', 4, 210000, 110000, 150000, 10, 3, 1, 1),
(205, 'Golden Pefumes White', ' ', 4, 210000, 110000, 150000, 10, 3, 1, 1),
(206, 'Naviforce Watches', ' ', 4, 210000, 110000, 150000, 10, 3, 1, 1),
(207, 'USA Flags', ' ', 4, 210000, 110000, 150000, 10, 3, 1, 1),
(208, 'Camp Shower', ' ', 4, 210000, 110000, 150000, 10, 3, 1, 1),
(209, 'Camping Tents', ' ', 4, 210000, 110000, 150000, 10, 3, 1, 1),
(210, 'North Face Caps', ' ', 11, 210000, 110000, 150000, 3, 3, 1, 1),
(211, 'Nike Caps', ' ', 11, 210000, 110000, 150000, 11, 3, 1, 1),
(212, 'Ralph Lauren Cap', ' ', 11, 210000, 110000, 150000, 10, 3, 1, 1),
(213, 'Tommy Hilfiger Caps', ' ', 11, 210000, 110000, 150000, 10, 3, 1, 1),
(214, 'Columbia Caps', ' ', 11, 210000, 110000, 150000, 5, 3, 1, 1),
(215, '5.11 Caps', ' ', 11, 210000, 110000, 150000, 1, 3, 1, 1),
(216, 'Nike Golf Caps', ' ', 11, 210000, 110000, 150000, 11, 3, 1, 1),
(217, 'Fila Caps', ' ', 11, 210000, 110000, 150000, 10, 3, 1, 1),
(218, 'Merelle High Cut Hiking Shoes', ' ', 12, 210000, 110000, 150000, 6, 3, 1, 1),
(219, 'Merelle Low Cut Hiking Shoes', ' ', 12, 210000, 110000, 150000, 6, 3, 1, 1),
(220, 'Jackwolfeskin High Cut Hiking Shoes', ' ', 12, 210000, 110000, 150000, 4, 3, 1, 1),
(221, 'Jackwolfeskin Low Cut Hiking Shoes', ' ', 12, 210000, 110000, 150000, 4, 3, 1, 1),
(222, 'Columbia High Cut Hiking Shoes', ' ', 12, 210000, 110000, 150000, 5, 3, 1, 1),
(223, 'Columbia Low Cut Hiking Shoes', ' ', 12, 210000, 110000, 150000, 5, 3, 1, 1),
(224, 'North Face High Cut Hiking Shoes', ' ', 12, 210000, 110000, 150000, 3, 3, 1, 1),
(225, 'North Face Low Cut Hiking Shoes', ' ', 12, 210000, 110000, 150000, 3, 3, 1, 1),
(226, 'Regatta High Cut Hiking Shoes', ' ', 12, 210000, 110000, 150000, 10, 3, 1, 1),
(227, 'Regatta Low Cut Hiking Shoes', ' ', 12, 210000, 110000, 150000, 10, 3, 1, 1),
(229, 'Dr Scholls Low Cut Hiking Shoe', ' ', 12, 210000, 110000, 150000, 10, 3, 1, 1),
(230, 'Dr Scholls High Cut Hiking Shoe', ' ', 12, 210000, 110000, 150000, 10, 3, 1, 1),
(231, 'Fila Low Cat Hiking Shoe', ' ', 12, 210000, 110000, 150000, 10, 3, 1, 1),
(232, 'Fila High Cat Hiking Shoe', ' ', 12, 210000, 110000, 150000, 10, 3, 1, 1),
(233, 'All Rounder Shoes', ' ', 12, 210000, 110000, 150000, 10, 3, 1, 1),
(234, 'CAT Steel Toe Shoes', ' ', 11, 210000, 110000, 150000, 7, 3, 1, 1),
(235, 'Nike Sneakers', ' ', 12, 210000, 110000, 150000, 11, 3, 1, 1),
(236, 'Salomon Sneakers', ' ', 12, 210000, 110000, 150000, 10, 3, 1, 1),
(237, 'Puma Sneakers', ' ', 12, 210000, 110000, 150000, 10, 3, 1, 1),
(238, 'Rebook', ' ', 12, 210000, 110000, 150000, 10, 3, 1, 1),
(239, 'Adidas Sneakers', ' ', 12, 210000, 110000, 150000, 12, 3, 1, 1),
(240, 'Under Armour Sneakers', ' ', 12, 210000, 110000, 150000, 2, 3, 1, 1),
(241, 'SWAT Boots', ' ', 12, 210000, 110000, 150000, 10, 3, 1, 1),
(242, 'Parashot Boots', ' ', 12, 210000, 110000, 150000, 10, 3, 1, 1),
(243, 'Delta Boots', ' ', 12, 210000, 110000, 150000, 10, 3, 1, 1),
(244, 'Tactical Research Boots', ' ', 12, 210000, 110000, 150000, 10, 3, 1, 1),
(245, 'T.S.F Boots', ' ', 12, 210000, 110000, 150000, 10, 3, 1, 1),
(246, 'Magnum Boots', ' ', 12, 210000, 110000, 150000, 10, 3, 1, 1),
(247, 'Non Branded Scholars', ' ', 3, 210000, 110000, 150000, 10, 3, 1, 1),
(248, 'CAT Shoes (Code Based)', ' ', 12, 210000, 110000, 150000, 7, 3, 1, 1),
(249, 'Wrist Support Bands', ' ', 4, 210000, 110000, 150000, 10, 3, 1, 1),
(251, '  Colombia Shortsleeved Polos', ' ', 9, 150000, 110000, 150000, 5, 3, 1, 1),
(252, 'Colombia Longsleeved Polos', ' ', 9, 150000, 110000, 150000, 5, 1, 1, 1),
(253, 'North Face Shortsleeved Polos', ' ', 9, 150000, 110000, 150000, 3, 3, 1, 1),
(254, 'North Face Longsleeved Polos', ' ', 9, 150000, 110000, 150000, 3, 1, 1, 1),
(255, '5.11 Shortsleeved Polos', ' ', 9, 150000, 110000, 150000, 1, 3, 1, 1),
(256, '5.11 Longsleeved Polos', ' ', 9, 150000, 110000, 150000, 1, 1, 1, 1),
(257, 'Nike Men Shortsleeved Polos', ' ', 9, 210000, 110000, 150000, 11, 3, 1, 1),
(258, 'Nike Women Longsleeved Polos', ' ', 9, 150000, 110000, 150000, 11, 1, 1, 1),
(259, 'North Face Roundneck Longsleeved T-Shirts', ' ', 9, 150000, 110000, 150000, 3, 3, 1, 1),
(260, '5.11 Roundneck Shortsleeve T-Shirts', ' ', 9, 150000, 110000, 150000, 1, 3, 1, 1),
(261, 'Under Armour Roundneck T-Shirts', ' ', 9, 150000, 110000, 150000, 2, 3, 1, 1),
(262, '5.11 Vests', ' ', 4, 150000, 110000, 150000, 1, 1, 1, 1),
(263, 'North Face Roundneck Women T-Shirts', ' ', 9, 150000, 110000, 150000, 3, 3, 1, 1),
(264, 'Under Amour Roundneck Women T-Shirts', ' ', 9, 150000, 110000, 150000, 2, 3, 1, 1),
(265, 'Caterpillar Caps', ' ', 11, 150000, 110000, 150000, 10, 3, 1, 1),
(266, 'Mactac', ' ', 1, 150000, 110000, 150000, 1, 3, 1, 1),
(268, 'North Face (B) Shoulder Bag', ' ', 4, 210000, 110000, 150000, 3, 3, 1, 1),
(270, 'Camera Shoulder Bags', ' ', 4, 210000, 110000, 150000, 10, 3, 1, 1),
(273, 'Monery Belts', ' ', 4, 150000, 110000, 150000, 10, 3, 1, 1),
(274, 'Card Holders', ' ', 4, 150000, 110000, 150000, 10, 3, 1, 1),
(275, 'Power Style Torches', ' ', 4, 210000, 110000, 150000, 10, 3, 0, 1),
(276, 'Tactical Waist Bags', ' ', 4, 210000, 110000, 150000, 10, 3, 1, 1),
(277, 'Surge Transit', ' ', 1, 210000, 110000, 150000, 3, 3, 1, 1),
(278, 'Recon', ' ', 1, 210000, 110000, 150000, 3, 3, 1, 1),
(279, 'Women Gym Bags', ' ', 1, 210000, 110000, 150000, 3, 3, 1, 1),
(280, 'North Face Duffo', ' ', 1, 210000, 110000, 150000, 3, 3, 1, 1),
(281, 'Jackwolfeskin (Big) Backpark', ' ', 1, 210000, 110000, 150000, 4, 3, 1, 1),
(282, 'Jackwolfeskin Moab Jam', ' ', 1, 210000, 110000, 150000, 4, 3, 1, 1),
(283, 'Columbia Women Shirts Long', ' ', 5, 210000, 110000, 150000, 5, 1, 1, 1),
(284, 'Columbia Women Shirts Short', ' ', 5, 210000, 110000, 150000, 5, 1, 1, 1),
(285, 'Under Armour Longsleeve Polos', ' ', 9, 150000, 110000, 150000, 2, 3, 1, 1),
(286, 'US Shorts', ' ', 6, 210000, 110000, 150000, 1, 2, 1, 1),
(287, 'TDU Ripstop Pants Soft', ' ', 2, 210000, 110000, 150000, 1, 2, 1, 1),
(288, 'Mzuno Pants', ' ', 2, 210000, 110000, 150000, 10, 1, 1, 1),
(289, 'Unhelmed Pants', ' ', 2, 210000, 110000, 150000, 10, 2, 1, 1),
(290, 'Swim Shorts', ' ', 6, 210000, 110000, 150000, 10, 3, 1, 1),
(291, 'Jackwolfeskin Ham Rock 12', ' ', 1, 230000, 110000, 150000, 4, 3, 1, 1),
(292, 'Other Power Banks', ' ', 4, 210000, 110000, 150000, 10, 3, 1, 1),
(293, 'Nike Women Roundneck T-Shirts', ' ', 9, 210000, 110000, 150000, 11, 3, 1, 1),
(294, 'Columbia Women Roundneck T-Shirts', ' ', 9, 210000, 110000, 150000, 5, 3, 1, 1),
(296, 'Asorted Products', ' ', 18, 210000, 110000, 150000, 10, 3, 1, 1),
(298, 'Tactical Shirt Short ', ' ', 5, 210000, 110000, 150000, 10, 1, 1, 1),
(299, 'Nike Women Longsleeved Polos', ' ', 9, 210000, 110000, 150000, 11, 3, 1, 1),
(300, 'Headsocks', ' ', 4, 210000, 110000, 150000, 10, 3, 1, 1),
(301, 'Nike Women Shortsleeved Polos', ' ', 9, 210000, 110000, 150000, 11, 3, 1, 1),
(302, 'Nike Men Roundneck T-Shirts', ' ', 9, 210000, 110000, 150000, 11, 3, 1, 1),
(303, 'Under Amour Polo Women T-Shirts', ' ', 9, 210000, 110000, 150000, 2, 3, 1, 1),
(306, 'Under Armour Shortsleeve Polos', ' ', 9, 210000, 110000, 150000, 2, 3, 1, 1),
(307, 'Apollo Undershirt', ' ', 9, 210000, 110000, 150000, 10, 3, 1, 1),
(309, 'Adidas T-Shirts', ' ', 9, 210000, 110000, 150000, 12, 3, 1, 1),
(310, 'Pollo Polo T-Shirts', ' ', 9, 210000, 110000, 150000, 10, 3, 1, 1),
(311, 'Columbia Polo T-Shirts', ' ', 9, 210000, 110000, 150000, 5, 3, 1, 1),
(312, 'F.J Polo T-Shirts', ' ', 9, 210000, 110000, 150000, 10, 3, 1, 1),
(313, 'Lacoste Polos T-Shirts', ' ', 9, 210000, 110000, 150000, 10, 3, 1, 1),
(314, 'Under Armour  Vest', ' ', 4, 210000, 110000, 150000, 2, 1, 1, 1),
(315, '5.11 Women Shirts', ' ', 5, 210000, 110000, 150000, 1, 1, 1, 1),
(316, '5.11 Women Shirts Long', ' ', 5, 210000, 110000, 150000, 1, 1, 1, 1),
(317, 'Ralph Lauren', ' ', 11, 210000, 110000, 150000, 10, 3, 1, 1),
(318, 'North Face Roundneck Shortsleeved T-Shirts', ' ', 9, 150000, 110000, 150000, 3, 3, 1, 1),
(320, 'SWAT Caps', ' ', 11, 80000, 110000, 150000, 10, 3, 1, 1),
(321, '5.11 Roundneck Longsleeve T-Shirts', ' ', 9, 210000, 110000, 150000, 1, 3, 1, 1),
(322, 'Under Armour Fish T-Shirt Polo', ' ', 9, 210000, 110000, 150000, 3, 3, 1, 1),
(323, 'Non Branded Caps', ' ', 11, 210000, 110000, 150000, 10, 3, 1, 1),
(324, 'Nikula Binocular Small', ' ', 4, 325000, 110000, 150000, 10, 3, 1, 1),
(325, 'DISRUPT', ' ', 12, 210000, 110000, 150000, 7, 3, 1, 1),
(326, 'CONVERT', ' ', 12, 210000, 110000, 150000, 7, 3, 1, 1),
(327, 'MONITOR P723646', ' ', 12, 210000, 110000, 150000, 7, 3, 1, 1),
(328, 'URBAN TRACKS SPORT LTH P724679', ' ', 12, 210000, 110000, 150000, 7, 3, 1, 1),
(329, 'URBAN TRACKS HI P724542', ' ', 12, 210000, 110000, 150000, 7, 3, 1, 1),
(330, 'CAST', ' ', 12, 210000, 110000, 150000, 7, 3, 1, 1),
(331, 'VAPOR', ' ', 12, 210000, 110000, 150000, 7, 3, 1, 1),
(332, 'TRESPASS P110049', ' ', 12, 210000, 110000, 150000, 7, 3, 1, 1),
(333, 'FUSED SLIP ON', ' ', 12, 210000, 110000, 150000, 7, 3, 1, 1),
(334, 'HIGHLANDER P724439', ' ', 12, 210000, 110000, 150000, 7, 3, 1, 1),
(335, 'BRAWN', ' ', 12, 210000, 110000, 150000, 7, 3, 1, 1),
(336, 'INTRUDER', ' ', 12, 210000, 110000, 150000, 7, 3, 1, 1),
(337, 'INFLUENCE20 LEATHER', ' ', 12, 210000, 110000, 150000, 7, 3, 1, 1),
(338, 'FOUNDER WP TX', ' ', 12, 210000, 110000, 150000, 7, 3, 1, 1),
(339, 'Caterpillar Boot Founder P724670', ' ', 12, 210000, 110000, 150000, 7, 3, 1, 1),
(340, 'MERIDIAN WP P724394', ' ', 12, 210000, 110000, 150000, 7, 3, 1, 1),
(341, 'URBAN TRACKS SPORT', ' ', 12, 210000, 110000, 150000, 7, 3, 1, 1),
(342, 'VENTURA BASE P110126', ' ', 12, 210000, 110000, 150000, 7, 3, 1, 1),
(343, 'PROGRESSOR', ' ', 12, 210000, 110000, 150000, 7, 3, 1, 1),
(344, 'RAIDER SPORT', ' ', 12, 210000, 110000, 150000, 7, 3, 1, 1),
(345, 'FOUST P725023', ' ', 12, 210000, 110000, 150000, 7, 3, 1, 1),
(346, 'TITUS P725013', ' ', 12, 210000, 110000, 150000, 7, 3, 1, 1),
(347, 'REPLETE P725025', ' ', 12, 210000, 110000, 150000, 7, 3, 1, 1),
(348, 'URBAN TRACKS SPORT P724413', ' ', 12, 210000, 110000, 150000, 7, 3, 1, 1),
(349, 'Caterpillar Giles Oxford Sandal P716654', ' ', 12, 210000, 110000, 150000, 7, 3, 1, 1),
(350, 'Caterpillar Giles Oxfors Sandal M P716653', ' ', 12, 210000, 110000, 150000, 7, 3, 1, 1),
(351, 'QUEST RACER MESH P110350', ' ', 12, 210000, 110000, 150000, 7, 3, 1, 1),
(352, 'MICAH P725044', ' ', 12, 210000, 110000, 150000, 7, 3, 1, 1),
(353, 'MICAH P725045', ' ', 12, 210000, 110000, 150000, 7, 3, 1, 1),
(354, 'MOAB 2 LTR MID GTX J033311', ' ', 12, 210000, 110000, 150000, 6, 3, 1, 1),
(355, 'JUNGLE MOC LTR 2 J17199', ' ', 12, 210000, 110000, 150000, 6, 3, 1, 1),
(356, 'MOAB 2 LTR MID GTX J500075', ' ', 12, 210000, 110000, 150000, 6, 3, 1, 1),
(357, 'MOAB ADVENTURE MID WP J91819', ' ', 12, 210000, 110000, 150000, 6, 3, 1, 1),
(358, 'MOAB ADVENTURE MOC J91837', ' ', 12, 210000, 110000, 150000, 6, 3, 1, 1),
(359, 'MOAB ADVENTURE MOC J91833', ' ', 12, 210000, 110000, 150000, 6, 3, 1, 1),
(360, 'CATALYST SUEDE J000091', ' ', 12, 210000, 110000, 150000, 6, 3, 1, 1),
(361, 'MTL LONG SKY J066223', ' ', 12, 210000, 110000, 150000, 6, 3, 1, 1),
(362, 'MTL LONG SKY J066299', ' ', 12, 210000, 110000, 150000, 6, 3, 1, 1),
(363, 'Delt Force', ' ', 12, 210000, 110000, 150000, 10, 3, 1, 1),
(364, 'USA Wallets', ' ', 4, 210000, 110000, 150000, 10, 3, 1, 1),
(365, 'Afghanistan Passport Holder', ' ', 4, 210000, 110000, 150000, 10, 3, 1, 1),
(366, 'Manicure Set', ' ', 4, 210000, 110000, 150000, 10, 3, 1, 1),
(367, 'Camp Folk & Spoon', ' ', 4, 210000, 110000, 150000, 10, 3, 1, 1),
(368, 'Tactical Arm Bands', ' ', 4, 210000, 110000, 150000, 10, 3, 1, 1),
(369, 'Tactical Backpack', ' ', 1, 210000, 110000, 150000, 10, 3, 1, 1),
(370, 'Deuter Backpacks', ' ', 1, 210000, 110000, 150000, 10, 3, 1, 1),
(371, 'Adidas Waist Bag', ' ', 4, 210000, 110000, 150000, 12, 3, 1, 1),
(372, 'Tactical Camel Bags', ' ', 1, 210000, 110000, 150000, 10, 3, 1, 1),
(373, 'JUNGLE MOC LTR 2', ' ', 12, 210000, 110000, 150000, 7, 3, 1, 1),
(374, 'ACCENTOR SPORT 2 MID GTX', ' ', 12, 210000, 110000, 150000, 6, 3, 1, 1),
(375, 'JUNGLE MOC', ' ', 12, 210000, 110000, 150000, 6, 3, 1, 1),
(376, 'KAHUNA III', ' ', 12, 210000, 110000, 150000, 7, 3, 1, 1),
(377, 'MOAB DRIFT 2 STRAP', ' ', 12, 210000, 110000, 150000, 6, 3, 1, 1),
(378, 'ALPINE STRAP', ' ', 12, 210000, 110000, 150000, 6, 3, 1, 1),
(379, 'MOAB 2 VENT', ' ', 12, 210000, 110000, 150000, 6, 3, 1, 1),
(380, 'ACCENTOR SPORT GTX', ' ', 12, 210000, 110000, 150000, 6, 3, 1, 1),
(381, 'SANDSPUR 2 SLIDE', ' ', 12, 210000, 110000, 150000, 6, 3, 1, 1),
(382, 'MOAB CRUZ', ' ', 12, 210000, 110000, 150000, 6, 3, 1, 1),
(383, 'SANDSPUR 2 FLIP', ' ', 12, 210000, 110000, 150000, 6, 3, 1, 1),
(384, 'ACCENTOR SPORT 2 GTX J035417', ' ', 12, 210000, 110000, 150000, 6, 3, 1, 1),
(385, 'Merrell Cham 7 Slam Luna Leather Vibram J95341', ' ', 12, 210000, 110000, 150000, 6, 3, 1, 1),
(386, 'URBAN TRACKS SPORT LTH P724680', ' ', 12, 210000, 110000, 150000, 7, 3, 1, 1),
(387, 'TRESPASS P110050', ' ', 12, 210000, 110000, 150000, 7, 3, 1, 1),
(388, 'Chameleon 7 Hiking J18495 Fire', ' ', 12, 210000, 110000, 150000, 6, 3, 1, 1),
(389, 'J06051 Moab 2 Mid Waterproof Brown', ' ', 12, 210000, 110000, 150000, 6, 3, 1, 1),
(390, 'J06051 Moab 2 Mid Waterproof Brown', ' ', 12, 210000, 110000, 150000, 6, 3, 1, 1),
(391, 'CAT Caterpillar P724414 Urban Tracks Sport', ' ', 12, 210000, 110000, 150000, 7, 3, 1, 1),
(392, 'FOUST P725024', ' ', 12, 210000, 110000, 150000, 7, 3, 1, 1),
(393, 'VENTURA BASE P110119', ' ', 12, 210000, 110000, 150000, 7, 3, 1, 1),
(394, 'CONVERT P724758', ' ', 12, 210000, 110000, 150000, 7, 3, 1, 1),
(395, 'ALVERSTONE MID WP J48535', ' ', 12, 210000, 110000, 150000, 6, 3, 1, 1),
(396, 'Supreme Caps', ' ', 11, 210000, 110000, 150000, 10, 3, 1, 1),
(397, 'Gap Caps', ' ', 11, 210000, 110000, 150000, 10, 3, 1, 1),
(398, 'Adidas Caps', ' ', 11, 210000, 110000, 150000, 12, 3, 1, 1),
(399, 'Adidas Jackets', ' ', 7, 210000, 110000, 150000, 12, 3, 1, 1),
(400, 'North Face Women Handbags', ' ', 4, 210000, 110000, 150000, 3, 3, 1, 1),
(401, 'Progress Sandal P724542', ' ', 3, 210000, 110000, 150000, 7, 3, 1, 1),
(402, 'Vapor P110139', ' ', 3, 210000, 110000, 150000, 7, 3, 1, 1),
(403, ' CATERPILLAR Intruder P723901 ', ' ', 12, 210000, 110000, 150000, 7, 3, 1, 1),
(404, ' Founder Waterproof Boot P724664', ' ', 12, 210000, 110000, 150000, 7, 3, 1, 1),
(405, 'MTL LONG SKY  J066299', ' ', 12, 210000, 110000, 150000, 6, 3, 1, 1),
(406, 'Benji Cat Backpack', ' ', 1, 320000, 110000, 1510000, 7, 3, 1, 1),
(407, 'Jackwolfeskin Low Cut Women Shoes', '', 12, 210000, 110000, 150000, 4, 3, 1, 1),
(408, 'Northface Low Cut Women Shoes', ' ', 12, 210000, 110000, 150000, 3, 3, 1, 1),
(409, 'Merrell Zion FST Mid Waterproof J03547', ' ', 12, 210000, 110000, 150000, 6, 3, 1, 1),
(411, 'Salomon Bags', ' ', 1, 210000, 110000, 150000, 10, 3, 1, 1),
(412, 'Jack Wolfskin Denali 70', ' ', 1, 210000, 110000, 150000, 4, 3, 1, 1),
(413, 'Caterpillar Sandal  MICAH P725044', ' ', 12, 210000, 110000, 150000, 7, 3, 1, 1),
(414, 'VAUDE Hiking Pants(track)', ' ', 2, 210000, 110000, 150000, 10, 1, 1, 1),
(415, 'Rivet Jackets', ' ', 7, 210000, 110000, 150000, 10, 1, 1, 1),
(416, 'Travis Mathew', ' ', 6, 210000, 110000, 150000, 10, 2, 1, 1),
(417, 'Speedo Shorts', ' ', 6, 210000, 110000, 150000, 10, 1, 1, 1),
(418, 'S.Oliver Shorts', ' ', 6, 210000, 110000, 150000, 10, 1, 1, 1),
(419, 'Under Armour Women Longsleeve Polos', ' ', 9, 210000, 110000, 150000, 2, 3, 1, 1),
(420, 'North Face Sweaters', ' ', 7, 210000, 110000, 150000, 3, 1, 1, 1),
(421, 'Nike Waist Bag', ' ', 4, 210000, 110000, 150000, 11, 3, 1, 1),
(422, 'North Face Scarf Hoodie', ' ', 4, 210000, 110000, 150000, 3, 3, 1, 1),
(423, 'Berghaus Roundneck T-Shirts', 'TRBU', 9, 210000, 11000, 150000, 10, 1, 2, 1);

-- --------------------------------------------------------

--
-- Table structure for table `sale_full_details_tb`
--

CREATE TABLE `sale_full_details_tb` (
  `id` int(11) NOT NULL,
  `inventory_id` int(11) NOT NULL,
  `product_id` int(11) NOT NULL,
  `product_name` varchar(30) NOT NULL,
  `customer` varchar(30) NOT NULL,
  `attendant_id` int(11) NOT NULL,
  `attendant` varchar(30) NOT NULL,
  `branch_id` int(11) NOT NULL,
  `branch` varchar(20) NOT NULL,
  `remarks` text NOT NULL,
  `quantity` int(11) NOT NULL,
  `price` int(11) NOT NULL,
  `payment_type` varchar(20) NOT NULL,
  `discount_id` int(11) NOT NULL,
  `purchase_date` varchar(20) NOT NULL,
  `currency` varchar(10) NOT NULL,
  `invoice_no` int(11) NOT NULL
) ENGINE=InnoDB DEFAULT CHARSET=utf8mb4;

-- --------------------------------------------------------

--
-- Table structure for table `shift_tb`
--

CREATE TABLE `shift_tb` (
  `shift_id` int(11) NOT NULL,
  `shift_name` varchar(100) NOT NULL,
  `shift_period` varchar(200) DEFAULT NULL,
  `created_at` timestamp NOT NULL DEFAULT current_timestamp(),
  `modified_at` timestamp NOT NULL DEFAULT current_timestamp()
) ENGINE=InnoDB DEFAULT CHARSET=utf8mb4;

--
-- Dumping data for table `shift_tb`
--

INSERT INTO `shift_tb` (`shift_id`, `shift_name`, `shift_period`, `created_at`, `modified_at`) VALUES
(1, 'Day', '8:00 AM - 6:00 PM', '2022-04-05 02:01:09', '2022-04-05 02:01:09'),
(2, 'Evening', '6:00 PM - 9:00 PM', '2022-04-05 02:01:09', '2022-04-05 02:01:09');

-- --------------------------------------------------------

--
-- Table structure for table `size_Scheme_tb`
--

CREATE TABLE `size_Scheme_tb` (
  `scheme_id` int(11) NOT NULL,
  `scheme_name` varchar(30) NOT NULL,
  `date` timestamp NOT NULL DEFAULT current_timestamp()
) ENGINE=InnoDB DEFAULT CHARSET=utf8mb4;

--
-- Dumping data for table `size_Scheme_tb`
--

INSERT INTO `size_Scheme_tb` (`scheme_id`, `scheme_name`, `date`) VALUES
(1, 'Character eg XL', '2022-04-05 02:02:36'),
(2, 'Number eg. 45', '2022-04-05 02:02:36'),
(3, 'Special Case', '2022-04-05 02:02:36');

-- --------------------------------------------------------

--
-- Table structure for table `size_tb`
--

CREATE TABLE `size_tb` (
  `size_id` int(11) NOT NULL,
  `size_label` varchar(100) NOT NULL,
  `innitual` varchar(30) NOT NULL,
  `size_scheme_id` int(11) NOT NULL DEFAULT 2,
  `created_at` timestamp NOT NULL DEFAULT current_timestamp(),
  `modified_at` timestamp NOT NULL DEFAULT current_timestamp()
) ENGINE=InnoDB DEFAULT CHARSET=utf8mb4;

--
-- Dumping data for table `size_tb`
--

INSERT INTO `size_tb` (`size_id`, `size_label`, `innitual`, `size_scheme_id`, `created_at`, `modified_at`) VALUES
(1, '28', '28', 2, '2022-04-05 02:05:24', '2022-04-05 02:05:24'),
(2, '29', '29', 2, '2022-04-05 02:05:24', '2022-04-05 02:05:24'),
(3, '30', '30', 2, '2022-04-05 02:05:24', '2022-04-05 02:05:24'),
(4, '31', '31', 2, '2022-04-05 02:05:24', '2022-04-05 02:05:24'),
(5, '32', '32', 2, '2022-04-05 02:05:24', '2022-04-05 02:05:24'),
(6, '33', '33', 2, '2022-04-05 02:05:24', '2022-04-05 02:05:24'),
(7, '34', '34', 2, '2022-04-05 02:05:24', '2022-04-05 02:05:24'),
(8, '35', '35', 2, '2022-04-05 02:05:24', '2022-04-05 02:05:24'),
(9, '36', '36', 2, '2022-04-05 02:05:24', '2022-04-05 02:05:24'),
(10, '38', '38', 2, '2022-04-05 02:05:24', '2022-04-05 02:05:24'),
(11, '40', '40', 2, '2022-04-05 02:05:24', '2022-04-05 02:05:24'),
(12, '40.5', '40.5', 2, '2022-04-05 02:05:24', '2022-04-05 02:05:24'),
(13, '41', '41', 2, '2022-04-05 02:05:24', '2022-04-05 02:05:24'),
(14, '41.5', '41.5', 2, '2022-04-05 02:05:24', '2022-04-05 02:05:24'),
(15, '42', '42', 2, '2022-04-05 02:05:24', '2022-04-05 02:05:24'),
(16, '42.5', '42.5', 2, '2022-04-05 02:05:24', '2022-04-05 02:05:24'),
(17, '43', '43', 2, '2022-04-05 02:05:24', '2022-04-05 02:05:24'),
(18, '43.5', '43.5', 2, '2022-04-05 02:05:24', '2022-04-05 02:05:24'),
(19, '44', '44', 2, '2022-04-05 02:05:24', '2022-04-05 02:05:24'),
(20, '44.5', '44.5', 2, '2022-04-05 02:05:24', '2022-04-05 02:05:24'),
(21, '45', '45', 2, '2022-04-05 02:05:24', '2022-04-05 02:05:24'),
(22, '45.5', '45.5', 2, '2022-04-05 02:05:24', '2022-04-05 02:05:24'),
(23, '46', '46', 2, '2022-04-05 02:05:24', '2022-04-05 02:05:24'),
(24, '46.5', '46.5', 2, '2022-04-05 02:05:24', '2022-04-05 02:05:24'),
(25, '47', '47', 2, '2022-04-05 02:05:24', '2022-04-05 02:05:24'),
(26, '47.5', '47.5', 2, '2022-04-05 02:05:24', '2022-04-05 02:05:24'),
(27, '63', '63', 2, '2022-04-05 02:05:24', '2022-04-05 02:05:24'),
(28, '48.5', '48.5', 2, '2022-04-05 02:05:24', '2022-04-05 02:05:24'),
(29, '49', '49', 2, '2022-04-05 02:05:24', '2022-04-05 02:05:24'),
(30, '49.5', '49.5', 2, '2022-04-05 02:05:24', '2022-04-05 02:05:24'),
(31, '50', '50', 2, '2022-04-05 02:05:24', '2022-04-05 02:05:24'),
(32, 'XS', 'XS', 1, '2022-04-05 02:05:24', '2022-04-05 02:05:24'),
(33, 'S', 'SS', 1, '2022-04-05 02:05:24', '2022-04-05 02:05:24'),
(34, 'M', 'MM', 1, '2022-04-05 02:05:24', '2022-04-05 02:05:24'),
(35, 'L', 'LL', 1, '2022-04-05 02:05:24', '2022-04-05 02:05:24'),
(36, 'XL', 'XL', 1, '2022-04-05 02:05:24', '2022-04-05 02:05:24'),
(37, '2XL', '2X', 1, '2022-04-05 02:05:24', '2022-04-05 02:05:24'),
(38, '3XL', '3X', 1, '2022-04-05 02:05:24', '2022-04-05 02:05:24'),
(39, '4XL', '4X', 1, '2022-04-05 02:05:24', '2022-04-05 02:05:24'),
(40, '5XL', '5X', 1, '2022-04-05 02:05:24', '2022-04-05 02:05:24'),
(41, 'Regular', 'RE', 1, '2022-04-05 02:05:24', '2022-04-05 02:05:24'),
(42, '2', '02', 2, '2022-04-05 02:05:24', '2022-04-05 02:05:24'),
(43, '4', '04', 2, '2022-04-05 02:05:24', '2022-04-05 02:05:24'),
(44, '6', '06', 2, '2022-04-05 02:05:24', '2022-04-05 02:05:24'),
(45, '8', '08', 2, '2022-04-05 02:05:24', '2022-04-05 02:05:24'),
(46, '10', '10', 2, '2022-04-05 02:05:24', '2022-04-05 02:05:24'),
(47, '12', '12', 2, '2022-04-05 02:05:24', '2022-04-05 02:05:24'),
(48, '13', '13', 2, '2022-04-05 02:05:24', '2022-04-05 02:05:24'),
(49, '14', '14', 2, '2022-04-05 02:05:24', '2022-04-05 02:05:24'),
(50, '16', '16', 2, '2022-04-05 02:05:24', '2022-04-05 02:05:24'),
(51, '18', '18', 2, '2022-04-05 02:05:24', '2022-04-05 02:05:24'),
(52, '20', '20', 2, '2022-04-05 02:05:24', '2022-04-05 02:05:24'),
(53, '22', '22', 2, '2022-04-05 02:05:24', '2022-04-05 02:05:24'),
(54, '24', '24', 2, '2022-04-05 02:05:24', '2022-04-05 02:05:24'),
(55, '26', '26', 2, '2022-04-05 02:05:24', '2022-04-05 02:05:24'),
(56, '48', '48', 2, '2022-04-05 02:05:24', '2022-04-05 02:05:24'),
(57, '49', '49', 2, '2022-04-05 02:05:24', '2022-04-05 02:05:24'),
(58, '50', '50', 2, '2022-04-05 02:05:24', '2022-04-05 02:05:24'),
(59, '51', '51', 2, '2022-04-05 02:05:24', '2022-04-05 02:05:24'),
(60, '52', '52', 2, '2022-04-05 02:05:24', '2022-04-05 02:05:24'),
(61, '53', '53', 2, '2022-04-05 02:05:24', '2022-04-05 02:05:24'),
(62, '54', '54', 2, '2022-04-05 02:05:24', '2022-04-05 02:05:24'),
(63, '55', '55', 2, '2022-04-05 02:05:24', '2022-04-05 02:05:24'),
(64, '56', '56', 2, '2022-04-05 02:05:24', '2022-04-05 02:05:24'),
(65, '57', '57', 2, '2022-04-05 02:05:24', '2022-04-05 02:05:24'),
(66, '59', '59', 2, '2022-04-05 02:05:24', '2022-04-05 02:05:24'),
(67, '60', '60', 2, '2022-04-05 02:05:24', '2022-04-05 02:05:24'),
(68, '61', '61', 2, '2022-04-05 02:05:24', '2022-04-05 02:05:24'),
(69, '62', '62', 2, '2022-04-05 02:05:24', '2022-04-05 02:05:24'),
(70, 'N/A', 'NA', 1, '2022-04-05 02:05:24', '2022-04-05 02:05:24'),
(71, '37', '37', 2, '2022-06-17 19:37:33', '2022-06-17 19:37:33'),
(72, '58', '58', 2, '2022-06-17 19:42:13', '2022-06-17 19:42:13');

-- --------------------------------------------------------

--
-- Table structure for table `sold_tb`
--

CREATE TABLE `sold_tb` (
  `purchase_id` int(11) NOT NULL,
  `branch_inventory_id` int(11) NOT NULL,
  `product_id` int(11) NOT NULL,
  `customer_id` int(11) NOT NULL,
  `attendant_id` int(11) NOT NULL,
  `branch_id` int(11) NOT NULL,
  `remarks` text NOT NULL,
  `quantity` int(11) NOT NULL,
  `price` int(11) NOT NULL,
  `currency` varchar(11) NOT NULL,
  `rate` float NOT NULL,
  `purchase_date` varchar(100) NOT NULL,
  `payment_type_id` int(11) NOT NULL,
  `discount_id` int(11) NOT NULL,
  `invoice_no` varchar(225) DEFAULT NULL,
  `status_id` int(11) NOT NULL DEFAULT 1,
  `modified_at` timestamp NOT NULL DEFAULT current_timestamp(),
  `deleted_at` varchar(100) NOT NULL DEFAULT '0000-00-00 00:00:00',
  `date` varchar(30) NOT NULL DEFAULT '`11-03-2022'
) ENGINE=InnoDB DEFAULT CHARSET=utf8mb4;

--
-- Dumping data for table `sold_tb`
--

INSERT INTO `sold_tb` (`purchase_id`, `branch_inventory_id`, `product_id`, `customer_id`, `attendant_id`, `branch_id`, `remarks`, `quantity`, `price`, `currency`, `rate`, `purchase_date`, `payment_type_id`, `discount_id`, `invoice_no`, `status_id`, `modified_at`, `deleted_at`, `date`) VALUES
(2, 829, 142, 1, 7, 3, ' Flag Patch(Fiji)', 1, 20000, '/=', 3500, '2022-07-01', 1, 5, '2', 1, '2022-07-01 10:42:39', '0000-00-00 00:00:00', '2022-07-01'),
(3, 938, 264, 1, 7, 3, ' Under Amour Roundneck Women T-Shirts XL(black)', 1, 135000, '/=', 3500, '2022-07-01', 1, 5, '2', 1, '2022-07-01 10:42:39', '0000-00-00 00:00:00', '2022-07-01'),
(4, 1067, 260, 1, 7, 3, ' 5.11 Roundneck T-Shirts LL N/A', 1, 50000, '/=', 3500, '2022-07-01', 1, 5, '2', 1, '2022-07-01 10:42:39', '0000-00-00 00:00:00', '2022-07-01'),
(5, 343, 26, 1, 7, 3, '511 Stryke Shorts 40 Green', 1, 231000, ' $', 3500, '2022-07-01', 1, 5, '3', 1, '2022-07-01 11:27:11', '0000-00-00 00:00:00', '2022-07-01'),
(6, 1011, 306, 1, 7, 3, 'Under Armour Under Armour Shortsleeve Polos 2X N/A', 1, 150500, '$', 3500, '2022-07-01', 1, 5, '3', 1, '2022-07-01 11:27:11', '0000-00-00 00:00:00', '2022-07-01'),
(7, 1004, 261, 1, 7, 3, ' Under Armour Roundneck T-Shirt(black n white bigsticker)M', 1, 150000, '/=', 3500, '2022-07-01', 5, 5, '4', 1, '2022-07-01 12:05:05', '0000-00-00 00:00:00', '2022-07-01'),
(8, 1008, 306, 1, 7, 3, ' Under Armour Shortsleeve Polo(black n neon green)M', 1, 150000, '/=', 3500, '2022-07-01', 5, 5, '4', 1, '2022-07-01 12:05:05', '0000-00-00 00:00:00', '2022-07-01'),
(9, 1140, 57, 1, 7, 3, ' Under Amour Cap(olive green)', 1, 80000, '/=', 3500, '2022-07-01', 5, 5, '4', 1, '2022-07-01 12:05:05', '0000-00-00 00:00:00', '2022-07-01'),
(10, 1142, 213, 1, 7, 3, ' Tommy Hilfiger Cap(olive green)small sticker', 1, 80000, '/=', 3500, '2022-07-01', 5, 5, '4', 1, '2022-07-01 12:05:05', '0000-00-00 00:00:00', '2022-07-01'),
(11, 1143, 214, 1, 7, 3, ' Columbia Cap(black)sports company(cotton)', 1, 80000, '/=', 3500, '2022-07-01', 5, 5, '4', 1, '2022-07-01 12:05:05', '0000-00-00 00:00:00', '2022-07-01'),
(12, 1148, 318, 1, 7, 3, ' North Face Roundneck Shortsleeved T-Shirt(grey bigsticker)S', 1, 150000, '/=', 3500, '2022-07-01', 5, 5, '4', 1, '2022-07-01 12:05:05', '0000-00-00 00:00:00', '2022-07-01'),
(13, 844, 152, 1, 7, 3, ' ParaJohn Suitcase(pink)M PJTR3148', 1, 535000, '/=', 3500, '2022-07-01', 1, 5, '5', 1, '2022-07-01 12:09:13', '0000-00-00 00:00:00', '2022-07-01'),
(14, 1226, 243, 1, 7, 3, ' Delta Boots(khaki)size 42', 1, 570000, '/=', 3500, '2022-07-01', 1, 5, '5', 1, '2022-07-01 12:09:13', '0000-00-00 00:00:00', '2022-07-01'),
(15, 97, 5, 1, 7, 3, '511 Taclite Pro Pants(38/30) Navy', 1, 270000, '/=', 3500, '2022-07-01', 1, 5, '6', 1, '2022-07-01 12:36:05', '0000-00-00 00:00:00', '2022-07-01'),
(16, 824, 137, 1, 7, 3, '5.11 TDU Belt(black)', 1, 135000, '/=', 3500, '2022-07-01', 1, 5, '7', 1, '2022-07-01 12:55:39', '0000-00-00 00:00:00', '2022-07-01'),
(17, 1070, 260, 1, 7, 3, ' 5.11 Roundneck T-Shirt(green)bigsticker', 1, 150000, '/=', 3500, '2022-07-01', 1, 5, '7', 1, '2022-07-01 12:55:39', '0000-00-00 00:00:00', '2022-07-01'),
(18, 1144, 215, 1, 7, 3, ' 5.11 Cap(camouflage)', 1, 80000, '/=', 3500, '2022-07-01', 1, 5, '7', 1, '2022-07-01 12:55:39', '0000-00-00 00:00:00', '2022-07-01'),
(19, 829, 142, 1, 7, 3, ' Flag Patches(Uganda 2 and Tanzania 2)', 4, 20000, '/=', 3500, '2022-07-01', 4, 5, '8', 1, '2022-07-01 14:48:16', '0000-00-00 00:00:00', '2022-07-01'),
(20, 1140, 57, 1, 7, 3, ' Under Amour Cap(lightblue n grey)soft', 1, 80000, '/=', 3500, '2022-07-01', 4, 5, '9', 1, '2022-07-01 14:54:26', '0000-00-00 00:00:00', '2022-07-01'),
(21, 70, 4, 1, 7, 3, '511 Tactical Convertible Pants (XL x 32) Green', 1, 230000, '/=', 3500, '2022-07-01', 1, 5, '10', 1, '2022-07-01 14:56:19', '0000-00-00 00:00:00', '2022-07-01'),
(22, 831, 61, 1, 7, 3, 'Columbia Sun Hat(green)', 1, 95000, '/=', 3500, '2022-07-01', 4, 5, '11', 1, '2022-07-01 15:53:52', '0000-00-00 00:00:00', '2022-07-01'),
(23, 1138, 210, 1, 7, 3, ' North Face Cap(black)soft', 1, 80000, '/=', 3500, '2022-07-01', 4, 5, '11', 1, '2022-07-01 15:53:52', '0000-00-00 00:00:00', '2022-07-01'),
(24, 1208, 225, 1, 7, 3, ' North Face Low Cut Hiking Shoes(yellow n black)size 42.5', 1, 420000, '/=', 3500, '2022-07-01', 4, 5, '11', 1, '2022-07-01 15:53:52', '0000-00-00 00:00:00', '2022-07-01'),
(25, 1207, 224, 1, 7, 3, ' North Face HIGH Cut Hiking Shoes(women,size 38)', 1, 495000, '/=', 3500, '2022-07-01', 1, 5, '12', 1, '2022-07-01 15:59:26', '0000-00-00 00:00:00', '2022-07-01'),
(28, 3714, 51, 1, 5, 1, 'North Face Waist Bags(S) medium size two-toned white and black', 1, 150000, '/=', 3500, '2022-07-01', 1, 5, '15', 1, '2022-07-02 07:36:57', '0000-00-00 00:00:00', '2022-07-02');

-- --------------------------------------------------------

--
-- Table structure for table `status_tb`
--

CREATE TABLE `status_tb` (
  `status_id` int(11) NOT NULL,
  `status_name` varchar(30) NOT NULL
) ENGINE=InnoDB DEFAULT CHARSET=utf8mb4;

--
-- Dumping data for table `status_tb`
--

INSERT INTO `status_tb` (`status_id`, `status_name`) VALUES
(0, 'suspended'),
(1, 'Sold'),
(2, 'Pending'),
(3, 'Activated'),
(4, 'Deactivated'),
(5, 'Canceled'),
(7, 'available'),
(8, 'out of stork');

-- --------------------------------------------------------

--
-- Table structure for table `supplier_tb`
--

CREATE TABLE `supplier_tb` (
  `supplier_id` int(11) NOT NULL,
  `fname` varchar(100) NOT NULL,
  `lname` varchar(100) NOT NULL,
  `address` text NOT NULL,
  `telephone` int(11) NOT NULL,
  `email` varchar(200) NOT NULL,
  `created_at` timestamp NOT NULL DEFAULT current_timestamp(),
  `modified_at` varchar(200) NOT NULL DEFAULT current_timestamp(),
  `deleted_at` varchar(100) NOT NULL DEFAULT '0000-00-00 00:00:00'
) ENGINE=InnoDB DEFAULT CHARSET=utf8mb4;

--
-- Dumping data for table `supplier_tb`
--

INSERT INTO `supplier_tb` (`supplier_id`, `fname`, `lname`, `address`, `telephone`, `email`, `created_at`, `modified_at`, `deleted_at`) VALUES
(1, 'Hana', 'Viet', 'HMC', 754244838, 'tactical.ug@gmail.com', '2022-04-05 02:10:03', '2022-04-05 05:10:03', '0000-00-00 00:00:00'),
(2, 'Dennis', 'Viet', 'HMC', 754244838, 'tactical.ug@gmail.com', '2022-04-05 02:10:03', '2022-04-05 05:10:03', '0000-00-00 00:00:00'),
(3, 'Luna', 'Viet', 'HMC', 754244838, 'tactucal.ug@gmail.com', '2022-04-05 02:10:03', '2022-04-05 05:10:03', '0000-00-00 00:00:00'),
(4, 'Mai', 'Viet', 'HMC', 754244838, 'tactical.ug@gmail.com', '2022-04-05 02:10:03', '2022-04-05 05:10:03', '0000-00-00 00:00:00'),
(5, 'Under', 'Armour', 'HMC', 754244838, 'tactical.ug@gmail.com', '2022-04-05 02:10:03', '2022-04-05 05:10:03', '0000-00-00 00:00:00'),
(6, 'Violet', 'Viet', 'HMC', 754244838, 'tactical.ug@gmail.com', '2022-04-05 02:10:03', '2022-04-05 05:10:03', '0000-00-00 00:00:00'),
(7, 'NF', 'Pants', 'HMC', 754244838, 'tactical.ug@gmail.com', '2022-04-05 02:10:03', '2022-04-05 05:10:03', '0000-00-00 00:00:00'),
(8, 'Military', 'Market', 'HMC', 754244838, 'tactical.ug@gmail.com', '2022-04-05 02:10:03', '2022-04-05 05:10:03', '0000-00-00 00:00:00'),
(9, 'DXB', 'Purchases', 'DXB', 754244838, 'tactical.ug@gmail.com', '2022-04-05 02:10:03', '2022-04-05 05:10:03', '0000-00-00 00:00:00'),
(10, 'Local', 'Purchases', 'KLA', 754244838, 'tactical.ug@gmail.com', '2022-04-05 02:10:03', '2022-04-05 05:10:03', '0000-00-00 00:00:00'),
(11, 'Leatherex', 'Cyprus', 'CYP', 754244838, 'tactical.ug@gmail.com', '2022-04-05 02:10:03', '2022-04-05 05:10:03', '0000-00-00 00:00:00');

-- --------------------------------------------------------

--
-- Table structure for table `user_profile_image_tb`
--

CREATE TABLE `user_profile_image_tb` (
  `image_id` int(11) NOT NULL,
  `user_id` int(11) NOT NULL,
  `status_id` int(11) NOT NULL,
  `image` varchar(100) NOT NULL,
  `created_at` timestamp NOT NULL DEFAULT current_timestamp(),
  `Modified_at` timestamp NOT NULL DEFAULT current_timestamp()
) ENGINE=InnoDB DEFAULT CHARSET=utf8mb4;

--
-- Dumping data for table `user_profile_image_tb`
--

INSERT INTO `user_profile_image_tb` (`image_id`, `user_id`, `status_id`, `image`, `created_at`, `Modified_at`) VALUES
(1, 13, 3, 'default.png', '2022-04-05 02:12:02', '2022-04-05 02:12:02'),
(2, 17, 3, 'default.png', '2022-04-05 02:12:02', '2022-04-05 02:12:02'),
(3, 1, 3, 'default.png', '2022-04-05 02:12:02', '2022-04-05 02:12:02'),
(4, 2, 3, 'default.png', '2022-04-05 02:12:02', '2022-04-05 02:12:02'),
(5, 3, 3, 'default.png', '2022-04-05 02:12:02', '2022-04-05 02:12:02'),
(6, 4, 3, 'default.png', '2022-04-05 02:12:02', '2022-04-05 02:12:02'),
(7, 5, 3, 'default.png', '2022-04-05 02:12:02', '2022-04-05 02:12:02'),
(8, 6, 3, 'default.png', '2022-04-05 02:12:02', '2022-04-05 02:12:02'),
(9, 7, 3, 'default.png', '2022-04-05 02:12:02', '2022-04-05 02:12:02'),
(10, 8, 3, 'default.png', '2022-04-05 02:12:02', '2022-04-05 02:12:02'),
(11, 9, 3, 'default.png', '2022-04-05 02:12:02', '2022-04-05 02:12:02'),
(12, 10, 3, 'default.png', '2022-04-05 02:12:02', '2022-04-05 02:12:02'),
(13, 11, 3, 'default.png', '2022-04-05 02:12:02', '2022-04-05 02:12:02'),
(14, 12, 3, 'default.png', '2022-04-05 02:12:02', '2022-04-05 02:12:02'),
(15, 14, 3, 'default.png', '2022-04-05 02:12:02', '2022-04-05 02:12:02'),
(16, 15, 3, 'default.png', '2022-04-05 02:12:02', '2022-04-05 02:12:02'),
(17, 16, 3, 'default.png', '2022-04-05 02:12:02', '2022-04-05 02:12:02'),
(18, 18, 3, 'default.png', '2022-04-13 08:36:03', '2022-04-13 08:36:03'),
(19, 19, 3, 'default.png', '2022-04-13 08:40:34', '2022-04-13 08:40:34'),
(20, 20, 3, 'default.png', '2022-04-13 08:42:49', '2022-04-13 08:42:49'),
(21, 21, 3, 'default.png', '2022-04-13 08:46:11', '2022-04-13 08:46:11'),
(22, 22, 3, 'default.png', '2022-04-13 09:25:22', '2022-04-13 09:25:22'),
(23, 23, 3, 'default.png', '2022-04-27 08:37:51', '2022-04-27 08:37:51'),
(24, 29, 3, 'default.png', '2022-06-26 07:18:57', '2022-06-26 07:18:57'),
(25, 30, 3, 'default.png', '2022-06-26 07:20:16', '2022-06-26 07:20:16'),
(26, 31, 3, 'default.png', '2022-06-27 07:18:05', '2022-06-27 07:18:05'),
(27, 32, 3, 'default.png', '2022-06-27 07:32:32', '2022-06-27 07:32:32'),
(28, 33, 3, 'default.png', '2022-06-27 07:33:49', '2022-06-27 07:33:49'),
(29, 34, 3, 'default.png', '2022-06-27 07:38:35', '2022-06-27 07:38:35'),
(30, 35, 3, 'default.png', '2022-06-27 07:40:22', '2022-06-27 07:40:22'),
(31, 36, 3, 'default.png', '2022-06-27 07:41:33', '2022-06-27 07:41:33'),
(32, 37, 3, 'default.png', '2022-06-27 07:45:09', '2022-06-27 07:45:09'),
(33, 38, 3, 'default.png', '2022-06-27 07:45:22', '2022-06-27 07:45:22'),
(34, 39, 3, 'default.png', '2022-06-27 07:46:42', '2022-06-27 07:46:42'),
(35, 40, 3, 'default.png', '2022-06-27 07:46:48', '2022-06-27 07:46:48'),
(36, 41, 3, 'default.png', '2022-06-27 07:48:05', '2022-06-27 07:48:05'),
(37, 42, 3, 'default.png', '2022-06-27 07:48:09', '2022-06-27 07:48:09'),
(38, 43, 3, 'default.png', '2022-06-27 07:48:11', '2022-06-27 07:48:11'),
(39, 44, 3, 'default.png', '2022-06-28 01:42:10', '2022-06-28 01:42:10'),
(40, 45, 3, 'default.png', '2022-06-28 01:44:14', '2022-06-28 01:44:14');

-- --------------------------------------------------------

--
-- Table structure for table `user_tb`
--

CREATE TABLE `user_tb` (
  `user_id` int(11) NOT NULL,
  `username` varchar(100) NOT NULL,
  `password` text NOT NULL,
  `first_name` varchar(100) NOT NULL,
  `last_name` varchar(100) NOT NULL,
  `telephone` varchar(11) DEFAULT NULL,
  `email` varchar(100) DEFAULT NULL,
  `address` text NOT NULL,
  `user_type_id` int(11) NOT NULL,
  `status_id` int(11) NOT NULL DEFAULT 1,
  `branch_id` int(11) NOT NULL DEFAULT 0,
  `created_at` timestamp NOT NULL DEFAULT current_timestamp(),
  `modified_at` timestamp NOT NULL DEFAULT current_timestamp(),
  `deleted_at` varchar(100) NOT NULL DEFAULT '0000-00-00 00:00:00'
) ENGINE=InnoDB DEFAULT CHARSET=utf8mb4;

--
-- Dumping data for table `user_tb`
--

INSERT INTO `user_tb` (`user_id`, `username`, `password`, `first_name`, `last_name`, `telephone`, `email`, `address`, `user_type_id`, `status_id`, `branch_id`, `created_at`, `modified_at`, `deleted_at`) VALUES
(2, 'Nabulime', '$2y$10$3DtVjgGiPZ7RUq5aUaihHeWqEBWu.KazYaqzpwiF/bUjQtJUrwdFm', 'Sarah', 'Nabulime', '706597763', 'attendant@lifestyle-tactical.com', 'Entebbe', 2, 0, 1, '2022-04-04 23:14:35', '2022-04-04 23:14:35', '0000-00-00 00:00:00'),
(3, 'Akello', '$2y$10$TZaf0q1WgW0Cbeykb3f9yudkzQgyDx67MrHT.nYh6RKGHcfUesLu.', 'Hilder', 'Akello', '706048561', 'attendant@lifestyle-tactical.com', 'Entebbe', 2, 3, 1, '2022-04-04 23:14:35', '2022-04-04 23:14:35', '0000-00-00 00:00:00'),
(4, 'Pikwo', '$2y$10$5AjAA0f.V7UmYzy.Je0ElOGWCHKdHnvtijkttg8cCtsUJXX6o0U7i', 'Tracy', 'Pikwo', '772837640', 'attendant@lifestyle-tactical.com', 'Entebbe', 2, 3, 1, '2022-04-04 23:14:35', '2022-04-04 23:14:35', '0000-00-00 00:00:00'),
(5, 'Awor', '$2y$10$.NqsnqDPJ4TGKhYdDf6aVO3tt3XCr68UgKuettJWufPXskeakudWe', 'Janet', 'Awor', '752798248', 'attendant@lifestyle-tactical.com', 'Entebbe', 2, 3, 1, '2022-04-04 23:14:35', '2022-04-04 23:14:35', '0000-00-00 00:00:00'),
(6, 'Birungi', '$2y$10$AgV8kfw0a2fXmo/A8BApTu7kU3ZH89PuQqcH5FqmU7PuqhSNveg3O', 'Queen', 'Birungi', '706330459', 'attendant@lifestyle-tactical.com', 'Entebbe', 2, 3, 1, '2022-04-04 23:14:35', '2022-04-04 23:14:35', '0000-00-00 00:00:00'),
(7, 'Kisembo', '$2y$10$hQ3EIt7KQgHGMYuBjiKEqO4teKbUPqdYPIKO5/ov0goDut2wp6ICG', 'Joan', 'Kisembo', '701069769', 'attendant@lifestyle-tactical.com', 'Entebbe', 2, 3, 3, '2022-04-04 23:14:35', '2022-04-04 23:14:35', '0000-00-00 00:00:00'),
(8, 'Ntulume', '$2y$10$8WmPL5tHqp4huB.SQZF/2.SOlPugtOg9H7Kl/1lb12DZFk7lpA1KK', 'Tom', 'Ntulume', '772822254', 'admin@lifestyle-tactical.com', 'Entebbe', 1, 3, 5, '2022-04-04 23:14:35', '2022-04-04 23:14:35', '0000-00-00 00:00:00'),
(9, 'Kiwuka', '$2y$10$23PHF3sTPKnPuOu1Yh2g5edr1gia865yOX5YWYlAoMMR9n9ngh5k.', 'Peace', 'Kiwuka', '773358133', 'admin@lifestyle-tactical.com', 'Entebbe', 1, 3, 5, '2022-04-04 23:14:35', '2022-04-04 23:14:35', '0000-00-00 00:00:00'),
(10, 'Namigadde', '$2y$10$CrVRZpIQ6xIXlOVDeXR80ebGC598OagfKg/jLzK.vDsXXXkXeRA5S', 'Olivia', 'Namigadde', '772822254', 'admin@lifestyle-tactical.com', 'Entebbe', 1, 3, 5, '2022-04-04 23:14:35', '2022-04-04 23:14:35', '0000-00-00 00:00:00'),
(11, 'Victor', '$2y$10$QHthTaY7BtisFf2wwTo2cehTPZ1jxGJpvhMvyJ5PDOz27TUvHccP2', 'Victor', 'Ntulumee', '701739324', 'admin@lifestyle-tactical.com', 'Entebbe', 1, 3, 5, '2022-04-04 23:14:35', '2022-04-04 23:14:35', '0000-00-00 00:00:00'),
(12, 'Nsamba', '$2y$10$N4twXCWBinD7R39pmBh88O58fVJzOzpAGkS7QDu2yO17d1Zuj4HRq', 'Andrew', 'Nsamba', '705314188', 'nsambaandrew@gmail.com', 'Entebbe', 3, 3, 3, '2022-04-04 23:14:35', '2022-04-04 23:14:35', '0000-00-00 00:00:00'),
(13, 'Agaba', '$2y$10$GESfQrj3PCz5x/SCLZIdzuiFBloWZdyE/nlvvc79MAtWXphC7ka26', 'Abel', 'Agaba', '705314188', 'popotiabel@gmail.com', 'Entebbe', 2, 3, 1, '2022-04-04 23:14:35', '2022-04-04 23:14:35', '0000-00-00 00:00:00'),
(14, 'rogers', '$2y$10$DW4jZ/SDqigKupVwtmrHMuux0kI8Lj/Hk7UejR1fMO.B53Mkrwmnu', 'Rogers', 'Mwambala', '705314188', 'rogers.owner@7cs.com', 'this is how we do it', 1, 3, 5, '2022-04-04 23:14:35', '2022-04-04 23:14:35', '0000-00-00 00:00:00'),
(17, 'Achen', '$2y$10$sNWz1Da7OzJaw6FREiUWS.tP4VaBj.wPdKJ3hpQGQWDrGOJ0tjiva', 'Everose', 'Achen', '750057190', 'attendant@lifestyle-tactical.com', 'Entebbe', 2, 3, 1, '2022-04-04 23:14:35', '2022-04-04 23:14:35', '0000-00-00 00:00:00'),
(18, 'jyn', '$2y$10$JMu3GXbtx9Mptyg5gPpHvuk3gr9snZ3RngAGBIUntF0Zv8dFB8XSe', 'jyn', 'jyn', '705314188', 'al@gmail.com', 'this is hoq we do it', 2, 0, 1, '2022-04-13 05:36:03', '2022-04-13 05:36:03', '0000-00-00 00:00:00'),
(23, 'Naluyange', '$2y$10$vjgxyIagnZREHuYrfuk8GupcSgroIV9gUSsqHWeWqtluG4EPmDEBy', 'Jackline', 'Naluyange', '700134961', 'attendant@lifestyle-tactical.com', 'Entebbe', 2, 3, 3, '2022-04-27 05:37:51', '2022-04-27 05:37:51', '0000-00-00 00:00:00');

-- --------------------------------------------------------

--
-- Table structure for table `user_type_tb`
--

CREATE TABLE `user_type_tb` (
  `user_type_id` int(11) NOT NULL,
  `user_type` varchar(50) NOT NULL,
  `permissions` varchar(100) NOT NULL,
  `created_at` timestamp NOT NULL DEFAULT current_timestamp(),
  `modified_at` timestamp NOT NULL DEFAULT curtime(),
  `deleted_at` varchar(100) NOT NULL DEFAULT '0000-00-00 00:00:00'
) ENGINE=InnoDB DEFAULT CHARSET=utf8mb4;

--
-- Dumping data for table `user_type_tb`
--

INSERT INTO `user_type_tb` (`user_type_id`, `user_type`, `permissions`, `created_at`, `modified_at`, `deleted_at`) VALUES
(1, 'Admin', 'Save, Update, Delete, View', '2022-04-05 02:16:12', '2022-04-05 02:16:12', '0000-00-00 00:00:00'),
(2, 'Attendant', 'Save, View, Update', '2022-04-05 02:16:12', '2022-04-05 02:16:12', '0000-00-00 00:00:00'),
(3, 'Customer', 'View', '2022-04-05 02:16:12', '2022-04-05 02:16:12', '0000-00-00 00:00:00');

-- --------------------------------------------------------

--
-- Table structure for table `warehouseInventory_tb`
--

CREATE TABLE `warehouseInventory_tb` (
  `inventory_id` int(11) NOT NULL,
  `product_id` int(11) NOT NULL,
  `colour_id` int(11) NOT NULL,
  `size_id` int(11) NOT NULL,
  `code` varchar(120) NOT NULL,
  `quantity` int(11) NOT NULL,
  `description` text NOT NULL,
  `status_id` int(11) NOT NULL DEFAULT 3,
  `date` timestamp NOT NULL DEFAULT current_timestamp()
) ENGINE=InnoDB DEFAULT CHARSET=utf8mb4;

--
-- Dumping data for table `warehouseInventory_tb`
--

INSERT INTO `warehouseInventory_tb` (`inventory_id`, `product_id`, `colour_id`, `size_id`, `code`, `quantity`, `description`, `status_id`, `date`) VALUES
(1, 1, 4, 3, 'STPT30BR', 300, '511 5.11 Stryke Pants 30 Brown', 3, '2022-04-19 01:05:59'),
(2, 1, 4, 5, 'STPT32BR', 300, '511 5.11 Stryke Pants 32 Brown', 3, '2022-04-19 01:06:21'),
(3, 1, 4, 7, 'STPT34BR', 300, '511 5.11 Stryke Pants 34 Brown', 3, '2022-04-19 01:06:44'),
(4, 1, 4, 9, 'STPT36BR', 300, '511 5.11 Stryke Pants 36 Brown', 3, '2022-04-19 01:06:55'),
(5, 1, 4, 10, 'STPT38BR', 300, '511 5.11 Stryke Pants 38 Brown', 3, '2022-04-19 01:07:12'),
(6, 1, 10, 3, 'STPT30KH', 300, '511 5.11 Stryke Pants 30 Kakhi', 3, '2022-04-19 01:16:27'),
(7, 1, 10, 5, 'STPT32KH', 300, '511 5.11 Stryke Pants 32 Kakhi', 3, '2022-04-19 01:16:54'),
(8, 1, 10, 7, 'STPT34KH', 300, '511 5.11 Stryke Pants 34 Kakhi', 3, '2022-04-19 01:17:06'),
(9, 1, 10, 9, 'STPT36KH', 300, '511 5.11 Stryke Pants 36 Kakhi', 3, '2022-04-19 01:17:15'),
(10, 1, 10, 10, 'STPT38KH', 300, '511 5.11 Stryke Pants 38 Kakhi', 3, '2022-04-19 01:17:29'),
(11, 1, 10, 11, 'STPT40KH', 300, '511 5.11 Stryke Pants 40 Kakhi', 3, '2022-04-19 01:17:47'),
(12, 1, 10, 19, 'STPT44KH', 300, '511 5.11 Stryke Pants 44 Kakhi', 3, '2022-04-19 01:18:08'),
(13, 1, 10, 23, 'STPT46KH', 300, '511 5.11 Stryke Pants 46 Kakhi', 3, '2022-04-19 01:18:36'),
(14, 1, 8, 3, 'STPT30GN', 300, '511 5.11 Stryke Pants 30 Green', 3, '2022-04-19 01:20:07'),
(15, 1, 8, 5, 'STPT32GN', 300, '511 5.11 Stryke Pants 32 Green', 3, '2022-04-19 01:20:33'),
(16, 1, 8, 19, 'STPT44GN', 300, '511 5.11 Stryke Pants 44 Green', 3, '2022-04-19 01:21:38'),
(17, 1, 2, 9, 'STPT36BL', 300, '511 5.11 Stryke Pants 36 Black', 3, '2022-04-19 01:22:20'),
(18, 1, 2, 10, 'STPT38BL', 300, '511 5.11 Stryke Pants 38 Black', 3, '2022-04-19 01:22:38'),
(19, 1, 2, 11, 'STPT40BL', 300, '511 5.11 Stryke Pants 40 Black', 3, '2022-04-19 01:22:58'),
(20, 1, 2, 15, 'STPT42BL', 300, '511 5.11 Stryke Pants 42 Black', 3, '2022-04-19 01:23:13'),
(21, 1, 2, 19, 'STPT44BL', 300, '511 5.11 Stryke Pants 44 Black', 3, '2022-04-19 01:23:21'),
(22, 1, 6, 3, 'STPT30CH', 300, '511 5.11 Stryke Pants 30 Charcoal', 3, '2022-04-19 01:24:33'),
(23, 1, 6, 5, 'STPT32CH', 300, '5.11 Stryke Pants 32 Charcoal', 3, '2022-04-19 01:25:21'),
(24, 1, 6, 7, 'STPT34CH', 300, '511 5.11 Stryke Pants 34 Charcoal', 3, '2022-04-19 01:25:42'),
(25, 1, 6, 9, 'STPT36CH', 300, '511 5.11 Stryke Pants 36 Charcoal', 3, '2022-04-19 01:25:58'),
(26, 1, 6, 10, 'STPT38CH', 300, '511 5.11 Stryke Pants 38 Charcoal', 3, '2022-04-19 01:26:10'),
(27, 1, 6, 11, 'STPT40CH', 300, '511 5.11 Stryke Pants 40 Charcoal', 3, '2022-04-19 01:26:26'),
(28, 1, 6, 15, 'STPT42CH', 300, '511 5.11 Stryke Pants 42 Charcoal', 3, '2022-04-19 01:26:43'),
(29, 1, 6, 19, 'STPT44CH', 300, '511 5.11 Stryke Pants 44 Charcoal', 3, '2022-04-19 01:26:58'),
(30, 1, 6, 23, 'STPT46CH', 300, '511 5.11 Stryke Pants 46 Charcoal', 3, '2022-04-19 01:27:12'),
(31, 1, 13, 3, 'STPT30NY', 300, '511 5.11 Stryke Pants 30 Navy', 3, '2022-04-19 01:27:46'),
(32, 1, 13, 7, 'STPT34NY', 300, '511 5.11 Stryke Pants 34 Navy', 3, '2022-04-19 01:28:13'),
(33, 1, 13, 11, 'STPT40NY', 300, '511 5.11 Stryke Pants 40 Navy', 3, '2022-04-19 01:28:30'),
(34, 1, 13, 19, 'STPT44NY', 300, '511 5.11 Stryke Pants 44 Navy', 3, '2022-04-19 01:28:50'),
(35, 1, 13, 23, 'STPT46NY', 300, '511 5.11 Stryke Pants 46 Navy', 3, '2022-04-19 01:29:02'),
(36, 1, 26, 7, 'STPT34CY', 300, '511 5.11 Stryke Pants 34 Coyote', 3, '2022-04-19 01:29:36'),
(37, 1, 26, 11, 'STPT40CY', 300, '511 5.11 Stryke Pants 40 Coyote', 3, '2022-04-19 01:29:52'),
(38, 2, 2, 3, 'PTTD30BL', 300, '511 5.11 TDU Pants 30 Black', 3, '2022-04-19 01:35:46'),
(39, 2, 2, 7, 'PTTD34BL', 300, '511 5.11 TDU Pants 34 Black', 3, '2022-04-19 01:36:19'),
(40, 2, 2, 9, 'PTTD36BL', 300, '511 5.11 TDU Pants 36 Black', 3, '2022-04-19 01:36:29'),
(41, 2, 2, 11, 'PTTD40BL', 300, '511 5.11 TDU Pants 40 Black', 3, '2022-04-19 01:36:41'),
(42, 2, 6, 3, 'PTTD30CH', 300, '511 5.11 TDU Pants 30 Charcoal', 3, '2022-04-19 01:37:24'),
(43, 2, 6, 5, 'PTTD32CH', 300, '511 5.11 TDU Pants 32 Charcoal', 3, '2022-04-19 01:37:39'),
(44, 2, 6, 7, 'PTTD34CH', 300, '511 5.11 TDU Pants 34 Charcoal', 3, '2022-04-19 01:37:49'),
(45, 2, 6, 10, 'PTTD38CH', 300, '511 5.11 TDU Pants 38 Charcoal', 3, '2022-04-19 01:38:02'),
(46, 2, 6, 11, 'PTTD40CH', 300, '511 5.11 TDU Pants 40 Charcoal', 3, '2022-04-19 01:38:14'),
(47, 2, 13, 3, 'PTTD30NY', 300, '511 5.11 TDU Pants 30 Navy', 3, '2022-04-19 01:38:52'),
(48, 2, 13, 5, 'PTTD32NY', 300, '511 5.11 TDU Pants 32 Navy', 3, '2022-04-19 01:39:00'),
(49, 2, 13, 7, 'PTTD34NY', 300, '511 5.11 TDU Pants 34 Navy', 3, '2022-04-19 01:39:13'),
(50, 2, 13, 11, 'PTTD40NY', 300, '511 5.11 TDU Pants 40 Navy', 3, '2022-04-19 01:39:30'),
(51, 2, 9, 3, 'PTTD30GY', 300, '511 5.11 TDU Pants 30 Grey', 3, '2022-04-19 01:39:56'),
(52, 2, 9, 5, 'PTTD32GY', 300, '511 5.11 TDU Pants 32 Grey', 3, '2022-04-19 01:40:10'),
(53, 2, 8, 3, 'PTTD30GN', 300, '511 5.11 TDU Pants 30 Green', 3, '2022-04-19 01:40:32'),
(54, 3, 13, 3, 'PTUS30NY', 300, '511 5.11 US Pants 30 Navy', 3, '2022-04-19 01:42:46'),
(55, 3, 13, 5, 'PTUS32NY', 300, '511 5.11 US Pants 32 Navy', 3, '2022-04-19 01:43:04'),
(56, 3, 13, 7, 'PTUS34NY', 300, '511 5.11 US Pants 34 Navy', 3, '2022-04-19 01:43:16'),
(57, 3, 13, 11, 'PTUS40NY', 300, '511 5.11 US Pants 40 Navy', 3, '2022-04-19 01:43:26'),
(58, 3, 13, 15, 'PTUS42NY', 300, '511 5.11 US Pants 42 Navy', 3, '2022-04-19 01:43:38'),
(59, 3, 13, 19, 'PTUS44NY', 300, '511 5.11 US Pants 44 Navy', 3, '2022-04-19 01:43:52'),
(60, 3, 2, 3, 'PTUS30BL', 300, '511 5.11 US Pants 30 Black', 3, '2022-04-19 01:44:28'),
(61, 3, 2, 5, 'PTUS32BL', 300, '511 5.11 US Pants 32 Black', 3, '2022-04-19 01:44:42'),
(62, 3, 2, 7, 'PTUS34BL', 300, '511 5.11 US Pants 34 Black', 3, '2022-04-19 01:44:54'),
(63, 3, 2, 9, 'PTUS36BL', 300, '511 5.11 US Pants 36 Black', 3, '2022-04-19 01:45:14'),
(64, 3, 2, 11, 'PTUS40BL', 300, '511 5.11 US Pants 40 Black', 3, '2022-04-19 01:45:29'),
(65, 3, 2, 19, 'PTUS44BL', 300, '511 5.11 US Pants 44 Black', 3, '2022-04-19 01:45:40'),
(66, 3, 6, 19, 'PTUS44CH', 300, '511 5.11 US Pants 44 Charcoal', 3, '2022-04-19 01:45:59'),
(67, 4, 10, 34, 'PTCVMMKH', 300, '511 Tactical Convertible Pants MM Kakhi', 3, '2022-04-19 01:51:29'),
(68, 4, 10, 36, 'PTCVXLKH', 300, '511 Tactical Convertible Pants XL Kakhi', 3, '2022-04-19 01:51:46'),
(69, 4, 8, 35, 'PTCVLLGN', 300, '511 Tactical Convertible Pants LL Green', 3, '2022-04-19 01:52:11'),
(70, 4, 8, 36, 'PTCVXLGN', 300, '511 Tactical Convertible Pants XL Green', 3, '2022-04-19 01:52:27'),
(71, 4, 8, 37, 'PTCV2XGN', 300, '511 Tactical Convertible Pants 2X Green', 3, '2022-04-19 01:52:46'),
(72, 4, 6, 37, 'PTCV2XCH', 300, '511 Tactical Convertible Pants 2XL Charcoal', 3, '2022-04-19 01:53:22'),
(73, 4, 6, 36, 'PTCVXLCH', 300, '511 Tactical Convertible Pants XL Charcoal', 3, '2022-04-19 01:53:30'),
(74, 4, 6, 35, 'PTCVLLCH', 300, '511 Tactical Convertible Pants LL Charcoal', 3, '2022-04-19 01:53:39'),
(75, 17, 9, 33, 'PTCKSSGY', 300, 'Calvin Klein Gym Pants (Calvin Klein Sweat Pant) SS Grey', 3, '2022-04-19 01:56:22'),
(76, 17, 9, 34, 'PTCKMMGY', 300, 'Calvin Klein Gym Pants (Calvin Klein Sweat Pant) MM Grey', 3, '2022-04-19 01:56:43'),
(77, 17, 9, 35, 'PTCKLLGY', 300, 'Calvin Klein Gym Pants (Calvin Klein Sweat Pant) LL Grey', 3, '2022-04-19 01:57:04'),
(78, 17, 9, 36, 'PTCKXLGY', 300, 'Calvin Klein Gym Pants (Calvin Klein Sweat Pant) XL Grey', 3, '2022-04-19 01:57:23'),
(79, 17, 9, 37, 'PTCK2XGY', 300, 'Calvin Klein Gym Pants (Calvin Klein Sweat Pant) 2X Grey', 3, '2022-04-19 01:58:04'),
(80, 17, 2, 33, 'PTCKSSBL', 300, 'Calvin Klein Gym Pants (Calvin Klein Sweat Pant) SS Black', 3, '2022-04-19 01:58:39'),
(81, 17, 2, 34, 'PTCKMMBL', 300, 'Calvin Klein Gym Pants (Calvin Klein Sweat Pant) MM Black', 3, '2022-04-19 01:59:03'),
(82, 17, 2, 35, 'PTCKLLBL', 300, 'Calvin Klein Gym Pants (Calvin Klein Sweat Pant) LL Black', 3, '2022-04-19 01:59:19'),
(83, 17, 2, 36, 'PTCKXLBL', 300, 'Calvin Klein Gym Pants (Calvin Klein Sweat Pant) XL Black', 3, '2022-04-19 01:59:39'),
(84, 17, 2, 37, 'PTCK2XBL', 300, 'Calvin Klein Gym Pants (Calvin Klein Sweat Pant) 2X Black', 3, '2022-04-19 02:00:07'),
(85, 17, 2, 38, 'PTCK3XBL', 300, 'Calvin Klein Gym Pants (Calvin Klein Sweat Pant) 3X Black', 3, '2022-04-19 02:00:25'),
(86, 5, 10, 3, 'PTTM30KH', 300, '511 Taclite Pro Pants 30 Kakhi', 3, '2022-04-19 02:36:22'),
(87, 5, 10, 5, 'PTTM32KH', 300, '511 Taclite Pro Pants 32 Kakhi', 3, '2022-04-19 02:37:22'),
(88, 5, 10, 7, 'PTTM34KH', 300, '511 Taclite Pro Pants 34 Kakhi', 3, '2022-04-19 02:37:51'),
(89, 5, 10, 9, 'PTTM36KH', 300, '511 Taclite Pro Pants 36 Kakhi', 3, '2022-04-19 02:38:18'),
(90, 5, 10, 10, 'PTTM38KH', 300, '511 Taclite Pro Pants 38 Kakhi', 3, '2022-04-19 02:38:32'),
(91, 5, 10, 15, 'PTTM42KH', 300, '511 Taclite Pro Pants 42 Kakhi', 3, '2022-04-19 02:38:48'),
(92, 5, 10, 23, 'PTTM46KH', 300, '511 Taclite Pro Pants 46 Kakhi', 3, '2022-04-19 02:39:05'),
(93, 5, 13, 1, 'PTTM28NY', 300, '511 Taclite Pro Pants 28 Navy', 3, '2022-04-19 02:39:52'),
(94, 5, 13, 3, 'PTTM30NY', 300, '511 Taclite Pro Pants 30 Navy', 3, '2022-04-19 02:40:02'),
(95, 5, 13, 5, 'PTTM32NY', 300, '511 Taclite Pro Pants 32 Navy', 3, '2022-04-19 02:40:18'),
(96, 5, 13, 7, 'PTTM34NY', 300, '511 Taclite Pro Pants 34 Navy', 3, '2022-04-19 02:40:38'),
(97, 5, 13, 10, 'PTTM38NY', 300, '511 Taclite Pro Pants 38 Navy', 3, '2022-04-19 02:40:58'),
(98, 5, 13, 11, 'PTTM40NY', 300, '511 Taclite Pro Pants 40 Navy', 3, '2022-04-19 02:41:08'),
(99, 5, 13, 19, 'PTTM44NY', 300, '511 Taclite Pro Pants 44 Navy', 3, '2022-04-19 02:41:22'),
(100, 5, 13, 67, 'PTTM60NY', 300, '511 Taclite Pro Pants 60 Navy', 3, '2022-04-19 02:41:32'),
(101, 5, 8, 3, 'PTTM30GN', 300, '511 Taclite Pro Pants 30 Green', 3, '2022-04-19 02:42:01'),
(102, 5, 8, 5, 'PTTM32GN', 300, '511 Taclite Pro Pants 32 Green', 3, '2022-04-19 02:42:18'),
(103, 5, 8, 7, 'PTTM34GN', 300, '511 Taclite Pro Pants 34 Green', 3, '2022-04-19 02:42:26'),
(104, 5, 8, 10, 'PTTM38GN', 300, '511 Taclite Pro Pants 38 Green', 3, '2022-04-19 02:42:49'),
(105, 5, 8, 19, 'PTTM44GN', 300, '511 Taclite Pro Pants 44 Green', 3, '2022-04-19 02:43:01'),
(106, 5, 8, 23, 'PTTM46GN', 300, '511 Taclite Pro Pants 46 Green', 3, '2022-04-19 02:43:10'),
(107, 5, 4, 15, 'PTTM42BR', 300, '511 Taclite Pro Pants 42 Brown', 3, '2022-04-19 02:43:52'),
(108, 5, 4, 19, 'PTTM44BR', 300, '511 Taclite Pro Pants 44 Brown', 3, '2022-04-19 02:44:00'),
(109, 5, 6, 3, 'PTTM30CH', 300, '511 Taclite Pro Pants 30 Charcoal', 3, '2022-04-19 02:44:37'),
(110, 5, 6, 5, 'PTTM32CH', 300, '511 Taclite Pro Pants 32 Charcoal', 3, '2022-04-19 02:44:47'),
(111, 5, 6, 7, 'PTTM34CH', 300, '511 Taclite Pro Pants 34 Charcoal', 3, '2022-04-19 02:44:54'),
(112, 5, 6, 15, 'PTTM42CH', 300, '511 Taclite Pro Pants 42 Charcoal', 3, '2022-04-19 02:45:09'),
(113, 5, 6, 19, 'PTTM44CH', 300, '511 Taclite Pro Pants 44 Charcoal', 3, '2022-04-19 02:45:16'),
(114, 5, 26, 9, 'PTTM36CY', 300, '511 Taclite Pro Pants 36 Coyote', 3, '2022-04-19 02:45:46'),
(115, 5, 26, 19, 'PTTM44CY', 300, '511 Taclite Pro Pants 44 Coyote', 3, '2022-04-19 02:45:55'),
(116, 5, 26, 23, 'PTTM46CY', 300, '511 Taclite Pro Pants 46 Coyote', 3, '2022-04-19 02:46:01'),
(117, 5, 2, 3, 'PTTM30BL', 300, '511 Taclite Pro Pants 30 Black', 3, '2022-04-19 02:46:19'),
(118, 5, 2, 5, 'PTTM32BL', 300, '511 Taclite Pro Pants 32 Black', 3, '2022-04-19 02:46:30'),
(119, 5, 2, 7, 'PTTM34BL', 300, '511 Taclite Pro Pants 34 Black', 3, '2022-04-19 02:46:38'),
(120, 5, 2, 9, 'PTTM36BL', 300, '511 Taclite Pro Pants 36 Black', 3, '2022-04-19 02:46:48'),
(121, 5, 2, 10, 'PTTM38BL', 300, '511 Taclite Pro Pants 38 Black', 3, '2022-04-19 02:46:57'),
(122, 5, 2, 11, 'PTTM40BL', 300, '511 Taclite Pro Pants 40 Black', 3, '2022-04-19 02:47:14'),
(123, 5, 2, 15, 'PTTM42BL', 300, '511 Taclite Pro Pants 42 Black', 3, '2022-04-19 02:47:24'),
(124, 5, 2, 19, 'PTTM44BL', 300, '511 Taclite Pro Pants 44 Black', 3, '2022-04-19 02:47:36'),
(125, 5, 2, 23, 'PTTM46BL', 300, '511 Taclite Pro Pants 46 Black', 3, '2022-04-19 02:47:45'),
(126, 5, 2, 27, 'PTTM48BL', 300, '511 Taclite Pro Pants 48 Black', 3, '2022-04-19 02:47:57'),
(127, 5, 2, 31, 'PTTM50BL', 300, '511 Taclite Pro Pants 50 Black', 3, '2022-04-19 02:48:03'),
(128, 6, 4, 34, 'PTTRMMBR', 300, '511 5.11 TDU Ripstop Pants MM Brown', 3, '2022-04-19 02:52:10'),
(129, 6, 2, 33, 'PTTRSSBL', 300, '511 5.11 TDU Ripstop Pants SS Black', 3, '2022-04-19 02:52:47'),
(130, 6, 2, 35, 'PTTRLLBL', 300, '511 5.11 TDU Ripstop Pants LL Black', 3, '2022-04-19 02:53:05'),
(131, 6, 2, 36, 'PTTRXLBL', 300, '511 5.11 TDU Ripstop Pants XL Black', 3, '2022-04-19 02:53:16'),
(132, 6, 2, 37, 'PTTR2XBL', 300, '511 5.11 TDU Ripstop Pants 2X Black', 3, '2022-04-19 02:53:27'),
(133, 6, 13, 33, 'PTTRSSNY', 300, '511 5.11 TDU Ripstop Pants SS Navy', 3, '2022-04-19 02:54:13'),
(134, 6, 13, 34, 'PTTRMMNY', 300, '511 5.11 TDU Ripstop Pants MM Navy', 3, '2022-04-19 02:54:26'),
(135, 6, 13, 35, 'PTTRLLNY', 300, '511 5.11 TDU Ripstop Pants LL Navy', 3, '2022-04-19 02:54:37'),
(136, 6, 13, 36, 'PTTRXLNY', 300, '511 5.11 TDU Ripstop Pants XL Navy', 3, '2022-04-19 02:54:46'),
(137, 6, 13, 37, 'PTTR2XNY', 300, '511 5.11 TDU Ripstop Pants 2X Navy', 3, '2022-04-19 02:54:56'),
(138, 6, 8, 33, 'PTTRSSGN', 300, '511 5.11 TDU Ripstop Pants SS Green', 3, '2022-04-19 02:55:18'),
(139, 6, 8, 37, 'PTTR2XGN', 300, '511 5.11 TDU Ripstop Pants 2X Green', 3, '2022-04-19 02:55:31'),
(140, 7, 10, 33, 'PTNMSSKH', 300, 'North Face North Face Men Pants SS Kakhi', 3, '2022-04-19 02:59:04'),
(141, 7, 10, 34, 'PTNMMMKH', 300, 'North Face North Face Men Pants MM Kakhi', 3, '2022-04-19 02:59:25'),
(142, 7, 10, 36, 'PTNMXLKH', 300, 'North Face North Face Men Pants XL Kakhi', 3, '2022-04-19 02:59:33'),
(143, 7, 10, 37, 'PTNM2XKH', 300, 'North Face North Face Men Pants 2X Kakhi', 3, '2022-04-19 02:59:44'),
(144, 7, 6, 33, 'PTNMSSCH', 300, 'North Face North Face Men Pants SS Charcoal', 3, '2022-04-19 03:00:16'),
(145, 7, 6, 36, 'PTNMXLCH', 300, 'North Face North Face Men Pants XL Charcoal', 3, '2022-04-19 03:00:34'),
(146, 7, 6, 37, 'PTNM2XCH', 300, 'North Face North Face Men Pants 2X Charcoal', 3, '2022-04-19 03:00:47'),
(147, 7, 13, 33, 'PTNMSSNY', 300, 'North Face North Face Men Pants SS Navy', 3, '2022-04-19 03:01:48'),
(148, 7, 13, 34, 'PTNMMMNY', 300, 'North Face North Face Men Pants MM Navy', 3, '2022-04-19 03:02:10'),
(149, 7, 13, 35, 'PTNMLLNY', 300, 'North Face North Face Men Pants LL Navy', 3, '2022-04-19 03:02:35'),
(150, 7, 13, 37, 'PTNM2XNY', 300, 'North Face North Face Men Pants 2X Navy', 3, '2022-04-19 03:02:52'),
(151, 7, 9, 34, 'PTNMMMGY', 300, 'North Face North Face Men Pants MM Grey', 3, '2022-04-19 03:03:28'),
(152, 7, 9, 37, 'PTNM2XGY', 300, 'North Face North Face Men Pants 2X Grey', 3, '2022-04-19 03:03:45'),
(153, 7, 2, 33, 'PTNMSSBL', 300, 'North Face North Face Men Pants SS Black', 3, '2022-04-19 03:04:07'),
(154, 7, 2, 34, 'PTNMMMBL', 300, 'North Face North Face Men Pants MM Black', 3, '2022-04-19 03:04:19'),
(155, 40, 2, 34, 'PTNWMMBL', 300, 'North Face North Face Women Pants M Black', 3, '2022-04-19 03:05:10'),
(156, 40, 9, 34, 'PTNWMMGY', 300, 'North Face North Face Women Pants M Grey', 3, '2022-04-19 03:05:27'),
(157, 40, 9, 35, 'PTNWLLGY', 300, 'North Face North Face Women Pants LL Grey', 3, '2022-04-19 03:05:38'),
(158, 8, 10, 6, 'PTUA33KH', 300, 'Under Armour Under Amour Pants 33 Kakhi', 3, '2022-04-19 03:07:56'),
(159, 8, 10, 7, 'PTUA34KH', 300, 'Under Armour Under Amour Pants 34 Kakhi', 3, '2022-04-19 03:08:07'),
(160, 8, 10, 9, 'PTUA36KH', 300, 'Under Armour Under Amour Pants 36 Kakhi', 3, '2022-04-19 03:08:20'),
(161, 8, 10, 10, 'PTUA38KH', 300, 'Under Armour Under Amour Pants 38 Kakhi', 3, '2022-04-19 03:08:30'),
(162, 8, 9, 5, 'PTUA32GY', 300, 'Under Armour Under Amour Pants 32 Grey', 3, '2022-04-19 03:10:53'),
(163, 8, 9, 5, 'PTUA32GY', 300, 'Under Armour Under Amour Pants 32 Grey', 3, '2022-04-19 03:10:53'),
(164, 8, 9, 6, 'PTUA33GY', 300, 'Under Armour Under Amour Pants 33 Grey', 3, '2022-04-19 03:11:06'),
(165, 8, 9, 6, 'PTUA33GY', 300, 'Under Armour Under Amour Pants 33 Grey', 3, '2022-04-19 03:11:06'),
(166, 8, 9, 9, 'PTUA36GY', 300, 'Under Armour Under Amour Pants 36 Grey', 3, '2022-04-19 03:11:27'),
(167, 9, 10, 5, 'PTPD32KH', 300, '511 PDU Pants 32 Kakhi', 3, '2022-04-19 03:14:35'),
(168, 9, 10, 5, 'PTPD32KH', 300, '511 PDU Pants 32 Kakhi', 3, '2022-04-19 03:14:35'),
(169, 9, 10, 7, 'PTPD34KH', 300, '511 PDU Pants 34 Kakhi', 3, '2022-04-19 03:14:48'),
(170, 9, 10, 7, 'PTPD34KH', 300, '511 PDU Pants 34 Kakhi', 3, '2022-04-19 03:14:48'),
(171, 9, 10, 9, 'PTPD36KH', 300, '511 PDU Pants 36 Kakhi', 3, '2022-04-19 03:14:58'),
(172, 9, 10, 10, 'PTPD38KH', 300, '511 PDU Pants 38 Kakhi', 3, '2022-04-19 03:15:09'),
(173, 9, 10, 10, 'PTPD38KH', 300, '511 PDU Pants 38 Kakhi', 3, '2022-04-19 03:15:09'),
(174, 9, 10, 11, 'PTPD40KH', 300, '511 PDU Pants 40 Kakhi', 3, '2022-04-19 03:15:20'),
(175, 9, 10, 11, 'PTPD40KH', 300, '511 PDU Pants 40 Kakhi', 3, '2022-04-19 03:15:20'),
(176, 9, 10, 19, 'PTPD44KH', 300, '511 PDU Pants 44 Kakhi', 3, '2022-04-19 03:15:30'),
(177, 9, 10, 19, 'PTPD44KH', 300, '511 PDU Pants 44 Kakhi', 3, '2022-04-19 03:15:30'),
(178, 9, 2, 51, 'PTPD15BL', 300, '511 PDU Pants 15 Black', 3, '2022-04-19 03:16:26'),
(179, 9, 2, 51, 'PTPD15BL', 300, '511 PDU Pants 15 Black', 3, '2022-04-19 03:16:26'),
(180, 9, 2, 3, 'PTPD30BL', 300, '511 PDU Pants 30 Black', 3, '2022-04-19 03:16:41'),
(181, 9, 2, 4, 'PTPD31BL', 300, '511 PDU Pants 31 Black', 3, '2022-04-19 03:16:52'),
(182, 9, 2, 4, 'PTPD31BL', 300, '511 PDU Pants 31 Black', 3, '2022-04-19 03:16:52'),
(183, 9, 2, 5, 'PTPD32BL', 300, '511 PDU Pants 32 Black', 3, '2022-04-19 03:17:03'),
(184, 9, 2, 5, 'PTPD32BL', 300, '511 PDU Pants 32 Black', 3, '2022-04-19 03:17:03'),
(185, 9, 2, 7, 'PTPD34BL', 300, '511 PDU Pants 34 Black', 3, '2022-04-19 03:17:15'),
(186, 9, 2, 9, 'PTPD36BL', 300, '511 PDU Pants 36 Black', 3, '2022-04-19 03:17:27'),
(187, 9, 2, 10, 'PTPD38BL', 300, '511 PDU Pants 38 Black', 3, '2022-04-19 03:17:43'),
(188, 9, 2, 11, 'PTPD40BL', 300, '511 PDU Pants 40 Black', 3, '2022-04-19 03:17:53'),
(189, 9, 2, 19, 'PTPD44BL', 300, '511 PDU Pants 44 Black', 3, '2022-04-19 03:19:08'),
(190, 9, 2, 23, 'PTPD46BL', 300, '511 PDU Pants 46 Black', 3, '2022-04-19 03:19:15'),
(191, 9, 13, 46, 'PTPD10NY', 300, '511 PDU Pants 10 Navy', 3, '2022-04-19 03:20:01'),
(192, 9, 13, 47, 'PTPD11NY', 300, '511 PDU Pants 11 Navy', 3, '2022-04-19 03:20:11'),
(193, 9, 13, 49, 'PTPD14NY', 300, '511 PDU Pants 14 Navy', 3, '2022-04-19 03:20:16'),
(194, 9, 13, 1, 'PTPD28NY', 300, '511 PDU Pants 28 Navy', 3, '2022-04-19 03:20:27'),
(195, 9, 13, 3, 'PTPD30NY', 300, '511 PDU Pants 30 Navy', 3, '2022-04-19 03:20:42'),
(196, 9, 13, 4, 'PTPD31NY', 300, '511 PDU Pants 31 Navy', 3, '2022-04-19 03:20:48'),
(197, 9, 13, 5, 'PTPD32NY', 300, '511 PDU Pants 32 Navy', 3, '2022-04-19 03:23:38'),
(198, 9, 13, 6, 'PTPD33NY', 300, '511 PDU Pants 33 Navy', 3, '2022-04-19 03:23:50'),
(199, 9, 13, 7, 'PTPD34NY', 300, '511 PDU Pants 34 Navy', 3, '2022-04-19 03:27:12'),
(200, 9, 13, 8, 'PTPD35NY', 300, '511 PDU Pants 35 Navy', 3, '2022-04-19 03:27:30'),
(201, 9, 13, 9, 'PTPD36NY', 300, '511 PDU Pants 36 Navy', 3, '2022-04-19 03:27:40'),
(202, 9, 13, 10, 'PTPD38NY', 300, '511 PDU Pants 38 Navy', 3, '2022-04-19 03:27:59'),
(203, 9, 13, 11, 'PTPD40NY', 300, '511 PDU Pants 40 Navy', 3, '2022-04-19 03:28:12'),
(204, 9, 13, 19, 'PTPD44NY', 300, '511 PDU Pants 44 Navy', 3, '2022-04-19 03:28:23'),
(205, 9, 13, 23, 'PTPD46NY', 300, '511 PDU Pants 46 Navy', 3, '2022-04-19 03:28:38'),
(206, 9, 13, 27, 'PTPD48NY', 300, '511 PDU Pants 48 Navy', 3, '2022-04-19 03:28:50'),
(207, 12, 13, 34, 'PTGSMMNY', 300, '511 Globe Spirit Hiking Pants MM Navy', 3, '2022-04-19 03:30:51'),
(208, 12, 6, 35, 'PTGSLLCH', 300, '511 Globe Spirit Hiking Pants LL Charcoal', 3, '2022-04-19 03:31:10'),
(209, 12, 9, 33, 'PTGSSSGY', 300, '511 Globe Spirit Hiking Pants SS Grey', 3, '2022-04-19 03:31:43'),
(210, 12, 8, 34, 'PTGSMMGN', 300, 'Globe Spirit Hiking Pants MM Green', 3, '2022-04-19 03:32:03'),
(211, 10, 2, 1, 'PTCL28BL', 300, 'Columbia Columbia Hiking Pants 28 Black', 3, '2022-04-19 03:33:33'),
(212, 10, 2, 5, 'PTCL32BL', 300, 'Columbia Columbia Hiking Pants 32 Black', 3, '2022-04-19 03:43:25'),
(213, 10, 2, 7, 'PTCL34BL', 300, 'Columbia Columbia Hiking Pants 34 Black', 3, '2022-04-19 03:43:37'),
(214, 10, 2, 9, 'PTCL36BL', 300, 'Columbia Columbia Hiking Pants 36 Black', 3, '2022-04-19 03:43:48'),
(215, 10, 2, 10, 'PTCL38BL', 300, 'Columbia Columbia Hiking Pants 38 Black', 3, '2022-04-19 03:43:58'),
(216, 10, 26, 1, 'PTCL28CY', 300, 'Columbia Columbia Hiking Pants 28 Coyote', 3, '2022-04-19 03:44:27'),
(217, 10, 26, 3, 'PTCL30CY', 300, 'Columbia Columbia Hiking Pants 30 Coyote', 3, '2022-04-19 03:44:40'),
(218, 10, 26, 7, 'PTCL34CY', 300, 'Columbia Columbia Hiking Pants 34 Coyote', 3, '2022-04-19 03:44:51'),
(219, 10, 26, 9, 'PTCL36CY', 300, 'Columbia Columbia Hiking Pants 36 Coyote', 3, '2022-04-19 03:45:00'),
(220, 10, 26, 11, 'PTCL40CY', 300, 'Columbia Columbia Hiking Pants 40 Coyote', 3, '2022-04-19 03:45:15'),
(221, 10, 26, 15, 'PTCL42CY', 300, 'Columbia Columbia Hiking Pants 42 Coyote', 3, '2022-04-19 03:45:24'),
(222, 10, 10, 1, 'PTCL28KH', 300, 'Columbia Columbia Hiking Pants 28 Kakhi', 3, '2022-04-19 03:45:48'),
(223, 10, 10, 3, 'PTCL30KH', 300, 'Columbia Columbia Hiking Pants 30 Kakhi', 3, '2022-04-19 03:45:59'),
(224, 10, 10, 5, 'PTCL32KH', 300, 'Columbia Columbia Hiking Pants 32 Kakhi', 3, '2022-04-19 03:46:05'),
(225, 10, 10, 7, 'PTCL34KH', 300, 'Columbia Columbia Hiking Pants 34 Kakhi', 3, '2022-04-19 03:46:15'),
(226, 10, 10, 10, 'PTCL38KH', 300, 'Columbia Columbia Hiking Pants 38 Kakhi', 3, '2022-04-19 03:46:24'),
(227, 10, 10, 11, 'PTCL40KH', 300, 'Columbia Columbia Hiking Pants 40 Kakhi', 3, '2022-04-19 03:46:34'),
(228, 10, 10, 15, 'PTCL42KH', 300, 'Columbia Columbia Hiking Pants 42 Kakhi', 3, '2022-04-19 03:46:44'),
(229, 10, 6, 1, 'PTCL28CH', 300, 'Columbia Columbia Hiking Pants 28 Charcoal', 3, '2022-04-19 03:47:34'),
(230, 10, 6, 3, 'PTCL30CH', 300, 'Columbia Columbia Hiking Pants 30 Charcoal', 3, '2022-04-19 03:47:58'),
(231, 10, 6, 5, 'PTCL32CH', 300, 'Columbia Columbia Hiking Pants 32 Charcoal', 3, '2022-04-19 03:48:15'),
(232, 10, 6, 7, 'PTCL34CH', 300, 'Columbia Columbia Hiking Pants 34 Charcoal', 3, '2022-04-19 03:48:24'),
(233, 10, 6, 9, 'PTCL36CH', 300, 'Columbia Columbia Hiking Pants 36 Charcoal', 3, '2022-04-19 03:48:40'),
(234, 10, 6, 10, 'PTCL38CH', 300, 'Columbia Columbia Hiking Pants 38 Charcoal', 3, '2022-04-19 03:48:51'),
(235, 10, 6, 11, 'PTCL40CH', 300, 'Columbia Columbia Hiking Pants 40 Charcoal', 3, '2022-04-19 03:49:05'),
(236, 10, 6, 15, 'PTCL42CH', 300, 'Columbia Columbia Hiking Pants 42 Charcoal', 3, '2022-04-19 03:49:13'),
(237, 10, 4, 3, 'PTCL30BR', 300, 'Columbia Columbia Hiking Pants 30 Brown', 3, '2022-04-19 03:49:49'),
(238, 10, 4, 5, 'PTCL32BR', 300, 'Columbia Columbia Hiking Pants 32 Brown', 3, '2022-04-19 03:50:00'),
(239, 10, 4, 7, 'PTCL34BR', 300, 'Columbia Columbia Hiking Pants 34 Brown', 3, '2022-04-19 03:50:10'),
(240, 10, 4, 9, 'PTCL36BR', 300, 'Columbia Columbia Hiking Pants 36 Brown', 3, '2022-04-19 03:50:23'),
(241, 10, 4, 10, 'PTCL38BR', 300, 'Columbia Columbia Hiking Pants 38 Brown', 3, '2022-04-19 03:50:34'),
(242, 10, 4, 11, 'PTCL40BR', 300, 'Columbia Columbia Hiking Pants 40 Brown', 3, '2022-04-19 03:50:42'),
(243, 10, 4, 15, 'PTCL42BR', 300, 'Columbia Columbia Hiking Pants 42 Brown', 3, '2022-04-19 03:50:53'),
(244, 14, 2, 3, 'PTLP30BL', 300, '511 May/Lite Pro Pants 30 Black', 3, '2022-04-19 04:04:33'),
(245, 14, 2, 9, 'PTLP36BL', 300, '511 May/Lite Pro Pants 36 Black', 3, '2022-04-19 04:04:48'),
(246, 14, 2, 10, 'PTLP38BL', 300, '511 May/Lite Pro Pants 38 Black', 3, '2022-04-19 04:05:00'),
(247, 14, 8, 3, 'PTLP30GN', 300, '511 May/Lite Pro Pants 30 Green', 3, '2022-04-19 04:05:20'),
(248, 14, 8, 5, 'PTLP32GN', 300, '511 May/Lite Pro Pants 32 Green', 3, '2022-04-19 04:05:30'),
(249, 14, 8, 10, 'PTLP38GN', 300, '511 May/Lite Pro Pants 38 Green', 3, '2022-04-19 04:05:39'),
(250, 14, 8, 11, 'PTLP40GN', 300, '511 May/Lite Pro Pants 40 Green', 3, '2022-04-19 04:05:50'),
(251, 14, 10, 3, 'PTLP30KH', 300, '511 May/Lite Pro Pants 30 Kakhi', 3, '2022-04-19 04:06:19'),
(252, 14, 10, 5, 'PTLP32KH', 300, '511 May/Lite Pro Pants 32 Kakhi', 3, '2022-04-19 04:06:29'),
(253, 14, 10, 7, 'PTLP34KH', 300, '511 May/Lite Pro Pants 34 Kakhi', 3, '2022-04-19 04:06:40'),
(254, 14, 10, 10, 'PTLP38KH', 300, '511 May/Lite Pro Pants 38 Kakhi', 3, '2022-04-19 04:06:50'),
(255, 14, 10, 9, 'PTLP36KH', 300, '511 May/Lite Pro Pants 36 Kakhi', 3, '2022-04-19 04:10:01'),
(256, 14, 4, 10, 'PTLP38BR', 300, '511 May/Lite Pro Pants 38 Brown', 3, '2022-04-19 04:10:55'),
(257, 14, 4, 11, 'PTLP40BR', 300, '511 May/Lite Pro Pants 40 Brown', 3, '2022-04-19 04:11:10'),
(258, 15, 2, 42, 'PTTW02BL', 300, '511 Taclite Pro Women Pants 02 Black', 3, '2022-04-19 04:13:00'),
(259, 15, 2, 43, 'PTTW04BL', 300, '511 Taclite Pro Women Pants 04 Black', 3, '2022-04-19 04:13:21'),
(260, 15, 2, 44, 'PTTW06BL', 300, '511 Taclite Pro Women Pants 06 Black', 3, '2022-04-19 04:13:34'),
(261, 15, 2, 45, 'PTTW08BL', 300, '511 Taclite Pro Women Pants 08 Black', 3, '2022-04-19 04:13:46'),
(262, 15, 2, 46, 'PTTW10BL', 300, '511 Taclite Pro Women Pants 10 Black', 3, '2022-04-19 04:14:02'),
(263, 15, 2, 47, 'PTTW11BL', 300, '511 Taclite Pro Women Pants 11 Black', 3, '2022-04-19 04:14:16'),
(264, 15, 2, 49, 'PTTW14BL', 300, '511 Taclite Pro Women Pants 14 Black', 3, '2022-04-19 04:14:27'),
(265, 15, 2, 50, 'PTTW15BL', 300, '511 Taclite Pro Women Pants 15 Black', 3, '2022-04-19 04:14:38'),
(266, 15, 10, 42, 'PTTW02KH', 300, '511 Taclite Pro Women Pants 02 Kakhi', 3, '2022-04-19 04:15:08'),
(267, 15, 10, 43, 'PTTW04KH', 300, '511 Taclite Pro Women Pants 04 Kakhi', 3, '2022-04-19 04:15:19'),
(268, 15, 10, 44, 'PTTW06KH', 300, '511 Taclite Pro Women Pants 06 Kakhi', 3, '2022-04-19 04:15:27'),
(269, 15, 10, 45, 'PTTW08KH', 300, '511 Taclite Pro Women Pants 08 Kakhi', 3, '2022-04-19 04:15:52'),
(270, 15, 10, 46, 'PTTW10KH', 300, '511 Taclite Pro Women Pants 10 Kakhi', 3, '2022-04-19 04:15:59'),
(271, 15, 10, 47, 'PTTW11KH', 300, '511 Taclite Pro Women Pants 11 Kakhi', 3, '2022-04-19 04:16:07'),
(272, 15, 10, 49, 'PTTW14KH', 300, '511 Taclite Pro Women Pants 14 Kakhi', 3, '2022-04-19 04:16:16'),
(273, 15, 8, 42, 'PTTW02GN', 300, '511 Taclite Pro Women Pants 02 Green', 3, '2022-04-19 04:18:28'),
(274, 15, 8, 43, 'PTTW04GN', 300, '511 Taclite Pro Women Pants 04 Green', 3, '2022-04-19 04:18:39'),
(275, 15, 8, 44, 'PTTW06GN', 300, '511 Taclite Pro Women Pants 06 Green', 3, '2022-04-19 04:18:51'),
(276, 15, 8, 45, 'PTTW08GN', 300, '511 Taclite Pro Women Pants 08 Green', 3, '2022-04-19 04:19:03'),
(277, 15, 8, 46, 'PTTW10GN', 300, '511 Taclite Pro Women Pants 10 Green', 3, '2022-04-19 04:19:17'),
(278, 15, 8, 47, 'PTTW11GN', 300, '511 Taclite Pro Women Pants 11 Green', 3, '2022-04-19 04:19:30'),
(279, 15, 13, 42, 'PTTW02NY', 300, '511 Taclite Pro Women Pants 02 Navy', 3, '2022-04-19 04:20:18'),
(280, 15, 13, 43, 'PTTW04NY', 300, '511 Taclite Pro Women Pants 04 Navy', 3, '2022-04-19 04:22:54'),
(281, 15, 13, 44, 'PTTW06NY', 300, '511 Taclite Pro Women Pants 06 Navy', 3, '2022-04-19 04:23:05'),
(282, 15, 13, 47, 'PTTW11NY', 300, '511 Taclite Pro Women Pants 11 Navy', 3, '2022-04-19 04:23:29'),
(283, 15, 6, 43, 'PTTW04CH', 300, '511 Taclite Pro Women Pants 04 Charcoal', 3, '2022-04-19 04:27:28'),
(284, 15, 6, 44, 'PTTW06CH', 300, '511 Taclite Pro Women Pants 06 Charcoal', 3, '2022-04-19 04:27:42'),
(285, 15, 6, 45, 'PTTW08CH', 300, '511 Taclite Pro Women Pants 08 Charcoal', 3, '2022-04-19 04:27:56'),
(286, 15, 6, 46, 'PTTW10CH', 300, '511 Taclite Pro Women Pants 10 Charcoal', 3, '2022-04-19 04:28:09'),
(287, 15, 6, 47, 'PTTW11CH', 300, '511 Taclite Pro Women Pants 11 Charcoal', 3, '2022-04-19 04:28:27'),
(288, 18, 6, 33, 'SHUASSCH', 300, 'Under Armour Under Armour Shorts SS Charcoal', 3, '2022-04-19 04:31:55'),
(289, 18, 6, 34, 'SHUAMMCH', 300, 'Under Armour Under Armour Shorts MM Charcoal', 3, '2022-04-19 04:32:09'),
(290, 18, 6, 35, 'SHUALLCH', 300, 'Under Armour Under Armour Shorts LL Charcoal', 3, '2022-04-19 04:32:38'),
(291, 18, 6, 36, 'SHUAXLCH', 300, 'Under Armour Under Armour Shorts XL Charcoal', 3, '2022-04-19 04:32:48'),
(292, 18, 6, 37, 'SHUA2XCH', 300, 'Under Armour Under Armour Shorts 2X Charcoal', 3, '2022-04-19 04:33:03'),
(293, 18, 6, 38, 'SHUA3XCH', 300, 'Under Armour Under Armour Shorts 3X Charcoal', 3, '2022-04-19 04:33:12'),
(294, 18, 6, 39, 'SHUA4XCH', 300, 'Under Armour Under Armour Shorts 4X Charcoal', 3, '2022-04-19 04:33:23'),
(295, 18, 2, 33, 'SHUASSBL', 300, 'Under Armour Under Armour Shorts SS Black', 3, '2022-04-19 04:33:58'),
(296, 18, 2, 34, 'SHUAMMBL', 300, 'Under Armour Under Armour Shorts MM Black', 3, '2022-04-19 04:34:12'),
(297, 18, 2, 35, 'SHUALLBL', 300, 'Under Armour Under Armour Shorts LL Black', 3, '2022-04-19 04:34:24'),
(298, 18, 2, 36, 'SHUAXLBL', 300, 'Under Armour Under Armour Shorts XL Black', 3, '2022-04-19 04:34:34'),
(299, 18, 2, 37, 'SHUA2XBL', 300, 'Under Armour Under Armour Shorts 2X Black', 3, '2022-04-19 04:34:48'),
(300, 18, 2, 38, 'SHUA3XBL', 300, 'Under Armour Under Armour Shorts 3X Black', 3, '2022-04-19 04:34:57'),
(301, 18, 2, 39, 'SHUA4XBL', 300, 'Under Armour Under Armour Shorts 4X Black', 3, '2022-04-19 04:35:07'),
(302, 18, 13, 33, 'SHUASSNY', 300, 'Under Armour Under Armour Shorts SS Navy', 3, '2022-04-19 04:35:30'),
(303, 18, 13, 34, 'SHUAMMNY', 300, 'Under Armour Under Armour Shorts MM Navy', 3, '2022-04-19 04:35:46'),
(304, 18, 13, 35, 'SHUALLNY', 300, 'Under Armour Under Armour Shorts LL Navy', 3, '2022-04-19 04:36:25'),
(305, 18, 13, 36, 'SHUAXLNY', 300, 'Under Armour Under Armour Shorts XL Navy', 3, '2022-04-19 04:36:38'),
(306, 18, 13, 37, 'SHUA2XNY', 300, 'Under Armour Under Armour Shorts 2X Navy', 3, '2022-04-19 04:36:57'),
(307, 18, 13, 38, 'SHUA3XNY', 300, 'Under Armour Under Armour Shorts 3X Navy', 3, '2022-04-19 04:39:51'),
(308, 18, 13, 39, 'SHUA4XNY', 300, 'Under Armour Under Armour Shorts 4X Navy', 3, '2022-04-19 04:40:01'),
(309, 19, 15, 33, 'SHSUSSOR', 300, 'Under Armour Under Armour Soft Shorts SS Orange', 3, '2022-04-19 04:42:51'),
(310, 19, 15, 34, 'SHSUMMOR', 300, 'Under Armour Under Armour Soft Shorts MM Orange', 3, '2022-04-19 04:43:05'),
(311, 19, 15, 35, 'SHSULLOR', 300, 'Under Armour Under Armour Soft Shorts LL Orange', 3, '2022-04-19 04:43:37'),
(312, 19, 3, 33, 'SHSUSSBU', 300, 'Under Armour Under Armour Soft Shorts SS Blue', 3, '2022-04-19 04:44:04'),
(313, 19, 3, 34, 'SHSUMMBU', 300, 'Under Armour Under Armour Soft Shorts MM Blue', 3, '2022-04-19 04:44:12'),
(314, 19, 8, 34, 'SHSUMMGN', 300, 'Under Armour Under Armour Soft Shorts M Green', 3, '2022-04-19 04:44:39'),
(315, 20, 9, 3, 'SHCU30GY', 300, 'Under Armour Under Armour Casual Shorts 30 Grey', 3, '2022-04-19 04:48:15'),
(316, 20, 9, 5, 'SHCU32GY', 300, 'Under Armour Under Armour Casual Shorts 32 Grey', 3, '2022-04-19 04:48:22'),
(317, 20, 9, 6, 'SHCU33GY', 300, 'Under Armour Under Armour Casual Shorts 33 Grey', 3, '2022-04-19 04:48:42'),
(318, 20, 9, 10, 'SHCU38GY', 300, 'Under Armour Under Armour Casual Shorts 38 Grey', 3, '2022-04-19 04:48:57'),
(319, 20, 6, 7, 'SHCU34CH', 300, 'Under Armour Under Armour Casual Shorts 34 Charcoal', 3, '2022-04-19 04:50:01'),
(320, 20, 6, 5, 'SHCU32CH', 300, 'Under Armour Under Armour Casual Shorts 32 Charcoal', 3, '2022-04-19 04:50:11'),
(321, 20, 2, 5, 'SHCU32BL', 300, 'Under Armour Under Armour Casual Shorts 32 Black', 3, '2022-04-19 04:50:28'),
(322, 20, 8, 6, 'SHCU33GN', 300, 'Under Armour Under Armour Casual Shorts 33 Green', 3, '2022-04-19 04:50:47'),
(323, 22, 4, 35, 'SHNFLLBR', 300, 'North Face North Face Shorts LL Brown', 3, '2022-04-19 04:53:06'),
(324, 22, 4, 36, 'SHNFXLBR', 300, 'North Face North Face Shorts XL Brown', 3, '2022-04-19 04:53:29'),
(325, 23, 4, 34, 'SHMLMMBR', 300, '511 May/Lite Pro Shorts MM Brown', 3, '2022-04-19 04:55:14'),
(326, 23, 4, 36, 'SHMLXLBR', 300, '511 May/Lite Pro Shorts XL Brown', 3, '2022-04-19 04:55:30'),
(327, 23, 4, 37, 'SHML2XBR', 300, '511 May/Lite Pro Shorts 2X Brown', 3, '2022-04-19 04:55:43'),
(328, 23, 8, 37, 'SHML2XGN', 300, '511 May/Lite Pro Shorts 2XL Green', 3, '2022-04-19 04:56:42'),
(329, 23, 8, 34, 'SHMLMMGN', 300, '511 May/Lite Pro Shorts MM Green', 3, '2022-04-19 04:57:06'),
(330, 23, 10, 34, 'SHMLMMKH', 300, '511 May/Lite Pro Shorts M Kakhi', 3, '2022-04-19 04:57:28'),
(331, 23, 10, 35, 'SHMLLLKH', 300, '511 May/Lite Pro Shorts LL Kakhi', 3, '2022-04-19 04:57:44'),
(332, 23, 10, 36, 'SHMLXLKH', 300, '511 May/Lite Pro Shorts XL Kakhi', 3, '2022-04-19 04:58:05'),
(333, 25, 26, 3, 'SHUS30CY', 300, '511 U.S Shorts 30 Coyote', 3, '2022-04-19 04:59:21'),
(334, 25, 26, 10, 'SHUS38CY', 300, '511 U.S Shorts 38 Coyote', 3, '2022-04-19 04:59:34'),
(335, 25, 8, 9, 'SHUS36GN', 300, '511 U.S Shorts 36 Green', 3, '2022-04-19 05:00:00'),
(336, 25, 13, 9, 'SHUS36NY', 300, '511 U.S Shorts 36 Navy', 3, '2022-04-19 05:00:15'),
(337, 26, 13, 9, 'SHST36NY', 300, '511 Stryke Shorts 36 Navy', 3, '2022-04-19 05:01:15'),
(338, 26, 13, 11, 'SHST40NY', 300, '511 Stryke Shorts 40 Navy', 3, '2022-04-19 05:01:28'),
(339, 26, 2, 19, 'SHST44BL', 300, '511 Stryke Shorts 44 Black', 3, '2022-04-19 05:01:46'),
(340, 26, 2, 23, 'SHST46BL', 300, '511 Stryke Shorts 46 Black', 3, '2022-04-19 05:02:01'),
(341, 26, 2, 56, 'SHST48BL', 300, '511 Stryke Shorts 48 Black', 3, '2022-04-19 05:02:09'),
(342, 26, 2, 11, 'SHST40BL', 300, '511 Stryke Shorts 40 Black', 3, '2022-04-19 05:02:26'),
(343, 26, 8, 11, 'SHST40GN', 300, '511 Stryke Shorts 40 Green', 3, '2022-04-19 05:02:46'),
(344, 26, 8, 9, 'SHST36GN', 300, '511 Stryke Shorts 36 Green', 3, '2022-04-19 05:03:05'),
(345, 26, 4, 7, 'SHST34BR', 300, '511 Stryke Shorts 34 Brown', 3, '2022-04-19 05:03:27'),
(346, 26, 4, 9, 'SHST36BR', 300, '511 Stryke Shorts 36 Brown', 3, '2022-04-19 05:03:41'),
(347, 26, 4, 11, 'SHST40BR', 300, '511 Stryke Shorts 40 Brown', 3, '2022-04-19 05:03:53'),
(348, 24, 13, 3, 'SHTP30NY', 300, '511 Taclite Pro Shorts 30 Navy', 3, '2022-04-19 05:08:03'),
(349, 24, 13, 9, 'SHTP36NY', 300, '511 Taclite Pro Shorts 36 Navy', 3, '2022-04-19 05:08:14'),
(350, 24, 13, 10, 'SHTP38NY', 300, '511 Taclite Pro Shorts 38 Navy', 3, '2022-04-19 05:08:25'),
(351, 24, 2, 3, 'SHTP30BL', 300, '511 Taclite Pro Shorts 30 Black', 3, '2022-04-19 05:09:01'),
(352, 24, 2, 5, 'SHTP32BL', 300, '511 Taclite Pro Shorts 32 Black', 3, '2022-04-19 05:09:09'),
(353, 24, 2, 10, 'SHTP38BL', 300, '511 Taclite Pro Shorts 38 Black', 3, '2022-04-19 05:09:19'),
(354, 24, 6, 10, 'SHTP38CH', 300, '511 Taclite Pro Shorts 38 Charcoal', 3, '2022-04-19 05:09:54'),
(355, 24, 8, 7, 'SHTP34GN', 300, '511 Taclite Pro Shorts 34 Green', 3, '2022-04-19 05:10:18'),
(356, 24, 8, 9, 'SHTP36GN', 300, '511 Taclite Pro Shorts 36 Green', 3, '2022-04-19 05:10:30'),
(357, 24, 8, 10, 'SHTP38GN', 300, '511 Taclite Pro Shorts 38 Green', 3, '2022-04-19 05:10:43'),
(358, 24, 10, 3, 'SHTP30KH', 300, '511 Taclite Pro Shorts 30 Kakhi', 3, '2022-04-19 05:11:13'),
(359, 24, 10, 9, 'SHTP36KH', 300, '511 Taclite Pro Shorts 36 Kakhi', 3, '2022-04-19 05:11:34'),
(360, 27, 27, 32, 'JPNFXSNA', 300, 'North Face North Face Jampers(Hoodies) XS N/A', 3, '2022-04-19 05:14:18'),
(361, 27, 27, 33, 'JPNFSSNA', 300, 'North Face North Face Jampers(Hoodies) S N/A', 3, '2022-04-19 05:14:33'),
(362, 27, 27, 34, 'JPNFMMNA', 300, 'North Face North Face Jampers(Hoodies) M N/A', 3, '2022-04-19 05:14:58'),
(363, 27, 27, 35, 'JPNFLLNA', 300, 'North Face North Face Jampers(Hoodies) L N/A', 3, '2022-04-19 05:15:25'),
(364, 27, 27, 36, 'JPNFXLNA', 300, 'North Face North Face Jampers(Hoodies) XL N/A', 3, '2022-04-19 05:15:35'),
(365, 27, 27, 37, 'JPNF2XNA', 300, 'North Face North Face Jampers(Hoodies) 2XL N/A', 3, '2022-04-19 05:15:50'),
(366, 28, 27, 37, 'JK512XNA', 300, '5.11 Jakets 2XL N/A', 3, '2022-04-19 05:17:03'),
(367, 28, 27, 36, 'JK51XLNA', 300, '5.11 Jakets XL N/A', 3, '2022-04-19 05:17:24'),
(368, 28, 27, 38, 'JK513XNA', 300, '5.11 Jakets 3X N/A', 3, '2022-04-19 05:17:41'),
(369, 28, 27, 39, 'Jk514XNA', 300, '5.11 Jakets 4X N/A', 3, '2022-04-19 05:17:49'),
(370, 28, 27, 40, 'JK515XNA', 300, ' 5.11 Jakets 5X N/A', 3, '2022-04-19 05:17:59'),
(371, 29, 27, 33, 'JPFLSSNA', 300, 'Columbia Columbia Fliss Jampers(Hoodies) SS N/A', 3, '2022-04-19 05:19:40'),
(372, 29, 27, 34, 'JPFLMMNA', 300, 'Columbia Columbia Fliss Jampers(Hoodies) MM N/A', 3, '2022-04-19 05:19:52'),
(373, 29, 27, 35, 'JPFLLLNA', 300, 'Columbia Columbia Fliss Jampers(Hoodies) LL N/A', 3, '2022-04-19 05:20:05'),
(374, 29, 27, 36, 'JPFLXLNA', 300, 'Columbia Columbia Fliss Jampers(Hoodies) XL N/A', 3, '2022-04-19 05:20:18'),
(375, 30, 27, 33, 'JPADSSNA', 300, 'Addidas Adidas Jampers(Hoodies) SS N/A', 3, '2022-04-19 05:21:03'),
(376, 30, 27, 34, 'JPADMMNA', 300, 'Addidas Adidas Jampers(Hoodies) MM N/A', 3, '2022-04-19 05:21:20'),
(377, 30, 27, 36, 'JPADXLNA', 300, 'Addidas Adidas Jampers(Hoodies) XL N/A', 3, '2022-04-19 05:21:40'),
(378, 30, 27, 37, 'JPAD2XNA', 300, 'Addidas Adidas Jampers(Hoodies) 2X N/A', 3, '2022-04-19 05:21:50'),
(379, 31, 27, 33, 'JPUASSNA', 300, 'Under Armour Jampers(Hoodies) SS N/A', 3, '2022-04-19 05:22:30'),
(380, 31, 27, 34, 'JPUAMMNA', 300, 'Under Armour Jampers(Hoodies) MM N/A', 3, '2022-04-19 05:22:52'),
(381, 31, 27, 35, 'JPUALLNA', 300, 'Under Armour Jampers(Hoodies) LL N/A', 3, '2022-04-19 05:23:13'),
(382, 31, 27, 36, 'JPUAXLNA', 300, 'Under Armour Jampers(Hoodies) XL N/A', 3, '2022-04-19 05:23:28'),
(383, 32, 27, 34, 'JKCRMMNA', 300, 'Columbia Rain Jackets MM N/A', 3, '2022-04-19 05:26:31'),
(384, 32, 27, 35, 'JKCRLLNA', 300, 'Columbia Rain Jackets LL N/A', 3, '2022-04-19 05:26:50'),
(385, 32, 27, 36, 'JKCRXLNA', 300, 'Columbia Rain Jackets XL N/A', 3, '2022-04-19 05:27:46'),
(386, 32, 27, 37, 'JKCR2XNA', 300, 'Columbia Rain Jackets 2X N/A', 3, '2022-04-19 05:28:00'),
(387, 33, 27, 35, 'JKRFLLNA', 300, 'North Face Rain Jackets LL N/A', 3, '2022-04-19 05:29:11'),
(388, 33, 27, 36, 'JKNFXLNA', 300, 'North Face North Face Rain Jackets XL N/A', 3, '2022-04-19 05:29:26'),
(389, 33, 27, 37, 'JKNF2XNA', 300, 'North Face Rain Jackets 2X N/A', 3, '2022-04-19 05:29:42'),
(390, 41, 27, 34, 'BRCAMMNA', 300, 'CAT Cat Briefs (Under Wears) MM N/A', 3, '2022-04-19 05:40:03'),
(391, 41, 27, 35, 'BRCALLNA', 300, 'CAT Cat Briefs (Under Wears) LL N/A', 3, '2022-04-19 05:40:16'),
(392, 41, 27, 36, 'BRCAXLNA', 300, 'CAT Cat Briefs (Under Wears) XL N/A', 3, '2022-04-19 05:40:29'),
(393, 41, 27, 37, 'BRCA2XNA', 300, 'CAT Cat Briefs (Under Wears) 2X N/A', 3, '2022-04-19 05:40:41'),
(394, 42, 27, 34, 'BRUAMMNA', 300, 'Under Amour Briefs/Under Wears MM N/A', 3, '2022-04-19 05:43:38'),
(395, 42, 27, 35, 'BRUALLNA', 300, 'Under Amour Briefs/Under Wears LL N/A', 3, '2022-04-19 05:44:07'),
(396, 42, 27, 36, 'BRUAXLNA', 300, 'Under Amour Briefs/Under Wears XL N/A', 3, '2022-04-19 05:44:27'),
(397, 42, 27, 37, 'BRUA2XNA', 300, 'Under Amour Briefs/Under Wears 2X N/A', 3, '2022-04-19 05:45:01'),
(398, 42, 27, 38, 'BRUA3XNA', 300, 'Under Amour Briefs/Under Wears 3X N/A', 3, '2022-04-19 05:45:29'),
(399, 54, 23, 34, 'SHCSMMWH', 300, 'Columbia Columbia Men Shirt Short MM White', 3, '2022-04-21 05:12:08'),
(400, 44, 8, 37, 'STLC2XGN', 300, '5.11 Tactical Cotton Shirt Short 2XL Green', 3, '2022-04-21 05:15:40'),
(401, 52, 27, 34, 'TSHUAMMNA', 300, 'Under Amour T-Shirts MM N/A', 3, '2022-04-21 05:27:41'),
(402, 11, 10, 52, 'PTDL20KH', 300, 'Other Brands Duluth Woment Pants 20 Kakhi', 3, '2022-04-23 09:04:14'),
(403, 11, 10, 52, 'PTDL20KH', 300, 'Other Brands Duluth Woment Pants 20 Kakhi', 3, '2022-04-23 09:04:14'),
(404, 11, 10, 47, 'PTDL11KH', 300, 'Other Brands Duluth Woment Pants 11 Kakhi', 3, '2022-04-23 09:05:38'),
(405, 11, 10, 49, 'PTDL14KH', 300, 'Other Brands Duluth Woment Pants 14 Kakhi', 3, '2022-04-23 09:05:55'),
(406, 11, 26, 51, 'PTDL15CY', 300, 'Other Brands Duluth Woment Pants 15 Coyote', 3, '2022-04-23 09:07:14'),
(407, 11, 26, 44, 'PTDL06CY', 300, 'Other Brands Duluth Woment Pants 06 Coyote', 3, '2022-04-23 09:07:30'),
(408, 11, 26, 43, 'PTDL04CY', 300, 'Other Brands Duluth Woment Pants 04 Coyote', 3, '2022-04-23 09:07:45'),
(409, 11, 9, 47, 'PTDL11GY', 300, 'Other Brands Duluth Woment Pants 11 Grey', 3, '2022-04-23 09:08:27'),
(410, 11, 9, 49, 'PTDL14GY', 300, 'Other Brands Duluth Woment Pants 14 Grey', 3, '2022-04-23 09:08:37'),
(411, 11, 9, 43, 'PTDL04GY', 300, 'Other Brands Duluth Woment Pants 04 Grey', 3, '2022-04-23 09:08:48'),
(412, 11, 9, 44, 'PTDL06GY', 300, 'Other Brands Duluth Woment Pants 06 Grey', 3, '2022-04-23 09:09:03'),
(413, 11, 9, 50, 'PTDL15GY', 300, 'Other Brands Duluth Woment Pants 15 Grey', 3, '2022-04-23 09:09:18'),
(414, 11, 9, 52, 'PTDL20GY', 300, 'Other Brands Duluth Woment Pants 20 Grey', 3, '2022-04-23 09:12:02'),
(415, 11, 2, 46, 'PTDL10BL', 300, 'Other Brands Duluth Woment Pants 10 Black', 3, '2022-04-23 09:12:47'),
(416, 11, 2, 49, 'PTDL14BL', 300, 'Other Brands Duluth Woment Pants 14 Black', 3, '2022-04-23 09:13:08'),
(417, 11, 2, 50, 'PTDL15BL', 300, 'Other Brands Duluth Woment Pants 15 Black', 3, '2022-04-23 09:13:38'),
(418, 11, 2, 44, 'PTDL06BL', 300, 'Other Brands Duluth Woment Pants 06 Black', 3, '2022-04-23 09:14:57'),
(419, 11, 2, 43, 'PTDL04BL', 300, 'Other Brands Duluth Woment Pants 04 Black', 3, '2022-04-23 09:15:13'),
(420, 72, 2, 1, 'PTPF28BL', 300, 'Other Brands Police Force Pants 28 Black', 3, '2022-04-25 05:11:13'),
(421, 72, 2, 3, 'PTPF30BL', 300, 'Other Brands Police Force Pants 30 Black', 3, '2022-04-25 05:11:34'),
(422, 72, 2, 5, 'PTPF32BL', 300, 'Other Brands Police Force Pants 32 Black', 3, '2022-04-25 05:11:47'),
(423, 72, 2, 7, 'PTPF34BL', 300, 'Other Brands Police Force Pants 34 Black', 3, '2022-04-25 05:12:02'),
(424, 72, 2, 9, 'PTPF36BL', 300, 'Other Brands Police Force Pants 36 Black', 3, '2022-04-25 05:12:17'),
(425, 72, 2, 10, 'PTPF38BL', 300, 'Other Brands Police Force Pants 38 Black', 3, '2022-04-25 05:12:35'),
(426, 72, 2, 15, 'PTPF42BL', 300, 'Other Brands Police Force Pants 42 Black', 3, '2022-04-25 05:12:47'),
(427, 72, 13, 7, 'PTPF34NY', 300, 'Other Brands Police Force Pants 34 Navy', 3, '2022-04-25 05:23:37'),
(428, 72, 13, 9, 'PTPF36NY', 300, 'Other Brands Police Force Pants 36 Navy', 3, '2022-04-25 05:23:59'),
(429, 72, 13, 11, 'PTPF04NY', 300, 'Other Brands Police Force Pants 04 Navy', 3, '2022-04-25 05:24:22'),
(430, 72, 13, 11, 'PTPF04NY', 300, 'Other Brands Police Force Pants 04 Navy', 3, '2022-04-25 05:24:22'),
(431, 72, 13, 15, 'PTPF42NY', 300, 'Other Brands Police Force Pants 42 Navy', 3, '2022-04-25 05:25:04'),
(432, 72, 13, 62, 'PTPF54NY', 300, 'Other Brands Police Force Pants 54 Navy', 3, '2022-04-25 05:25:19'),
(433, 72, 8, 3, 'PTPF30GN', 300, 'Other Brands Police Force Pants 30 Green', 3, '2022-04-25 05:25:50'),
(434, 39, 9, 34, 'PTNKMMGY', 300, 'Nike Gym Pants MM Grey', 3, '2022-04-25 05:28:05'),
(435, 39, 9, 33, 'PTNKSSGY', 300, 'Nike Gym Pants SS Grey', 3, '2022-04-25 05:28:29'),
(436, 39, 6, 33, 'PTNKSSCH', 300, 'Nike Gym Pants S Charcoal', 3, '2022-04-25 05:28:50'),
(437, 39, 6, 34, 'PTNKMMCH', 300, 'Nike Gym Pants MM Charcoal', 3, '2022-04-25 05:29:29'),
(438, 39, 2, 33, 'PTNKSSBL', 300, 'Nike Gym Pants SS Black', 3, '2022-04-25 05:30:03'),
(439, 73, 27, 34, 'PTWSMMNA', 300, 'Other Brands Women Soft Pants MM N/A', 3, '2022-04-25 05:34:14'),
(440, 73, 27, 35, 'PTWSLLNA', 300, 'Other Brands Women Soft Pants LL N/A', 3, '2022-04-25 05:34:42'),
(441, 74, 2, 37, 'PTMS2XBL', 300, 'Other Brands Men Soft Pants 2X Black', 3, '2022-04-25 05:41:47'),
(442, 74, 10, 37, 'PTMS2XKH', 300, 'Other Brands Men Soft Pants 2XL Kakhi', 3, '2022-04-25 05:42:10'),
(443, 75, 3, 5, 'PTGN32BU', 300, 'Other Brands Jean Pants 32 Blue', 3, '2022-04-25 05:44:50'),
(444, 75, 3, 9, 'PTGN36BU', 300, 'Other Brands Jean Pants 36 Blue', 3, '2022-04-25 05:45:07'),
(445, 75, 3, 11, 'PTGN40BU', 300, 'Other Brands Jean Pants 40 Blue', 3, '2022-04-25 05:46:15'),
(446, 75, 2, 5, 'PTGN32BL', 300, 'Other Brands Jean Pants 32 Black', 3, '2022-04-25 05:47:12'),
(447, 75, 2, 7, 'PTGN34BL', 300, 'Other Brands Jean Pants 34 Black', 3, '2022-04-25 05:47:38'),
(448, 75, 2, 9, 'PTGN36BL', 300, 'Other Brands Jean Pants 36 Black', 3, '2022-04-25 05:47:44'),
(449, 76, 3, 34, 'PTSPMMBU', 300, 'Under Armour Sweat Pants MM Blue', 3, '2022-04-25 05:52:15'),
(450, 77, 27, 33, 'PTUWSSNA', 300, 'Under Armour Women Gym Wear Full SS N/A', 3, '2022-04-25 05:55:10'),
(451, 78, 27, 34, 'PTWGNANA', 300, 'Other Brands Women Gym Pants MM N/A', 3, '2022-04-25 05:57:40'),
(452, 79, 4, 2, 'PTGZ29BR', 300, 'Other Brands G-Zero Pants 29 Brown', 3, '2022-04-25 06:03:07'),
(453, 79, 4, 4, 'PTGZ31BR', 300, 'Other Brands G-Zero Pants 31 Brown', 3, '2022-04-25 06:03:45'),
(454, 79, 4, 3, 'PTGZ30BR', 300, 'Other Brands G-Zero Pants 30 Brown', 3, '2022-04-25 06:03:57'),
(455, 79, 4, 5, 'PTGZ32BR', 300, 'Other Brands G-Zero Pants 32 Brown', 3, '2022-04-25 06:04:10'),
(456, 79, 4, 7, 'PTGZ34BR', 300, 'Other Brands G-Zero Pants 34 Brown', 3, '2022-04-25 06:04:22'),
(457, 79, 13, 2, 'PTGZ29NY', 300, 'Other Brands G-Zero Pants 29 Navy', 3, '2022-04-25 06:04:52'),
(458, 79, 13, 3, 'PTGZ30NY', 300, 'Other Brands G-Zero Pants 30 Navy', 3, '2022-04-25 06:05:03'),
(459, 79, 13, 5, 'PTGZ32NY', 300, 'Other Brands G-Zero Pants 32 Navy', 3, '2022-04-25 06:05:10'),
(460, 79, 13, 6, 'PTGZ33NY', 300, 'Other Brands G-Zero Pants 33 Navy', 3, '2022-04-25 06:05:25'),
(461, 79, 2, 4, 'PTGZ31BL', 300, 'Other Brands G-Zero Pants 31 Black', 3, '2022-04-25 06:06:30'),
(462, 79, 2, 3, 'PTGZ30BL', 300, 'Other Brands G-Zero Pants 30 Black', 3, '2022-04-25 06:06:48'),
(463, 79, 2, 5, 'PTGZ32BL', 300, 'Other Brands G-Zero Pants 32 Black', 3, '2022-04-25 06:07:05'),
(464, 79, 2, 7, 'PTGZ34BL', 300, 'Other Brands G-Zero Pants 34 Black', 3, '2022-04-25 06:07:15'),
(465, 79, 8, 2, 'PTGZ29GN', 300, 'Other Brands G-Zero Pants 29 Green', 3, '2022-04-25 06:07:37'),
(466, 79, 8, 5, 'PTGZ32GN', 300, 'Other Brands G-Zero Pants 32 Green', 3, '2022-04-25 06:07:49'),
(467, 79, 8, 7, 'PTGZ34GN', 300, 'Other Brands G-Zero Pants 34 Green', 3, '2022-04-25 06:07:56'),
(468, 79, 10, 2, 'PTGZ29KH', 300, 'Other Brands G-Zero Pants 29 Kakhi', 3, '2022-04-25 06:08:19'),
(469, 79, 10, 4, 'PTGZ31KH', 300, 'Other Brands G-Zero Pants 31 Kakhi', 3, '2022-04-25 06:08:34'),
(470, 79, 10, 3, 'PTGZ30KH', 300, 'Other Brands G-Zero Pants 30 Kakhi', 3, '2022-04-25 06:08:44'),
(471, 79, 10, 7, 'PTGZ34KH', 300, 'Other Brands G-Zero Pants 34 Kakhi', 3, '2022-04-25 06:08:57'),
(472, 80, 27, 34, 'PTFTNANA', 300, 'Other Brands Full Track Suit MM N/A', 3, '2022-04-25 06:11:36'),
(473, 81, 27, 34, 'PTTPNANA', 300, 'Other Brands Track Pants MM N/A', 3, '2022-04-25 06:14:38'),
(474, 82, 2, 19, 'PTHP44BL', 300, 'Other Brands Hard Pants 44 Black', 3, '2022-04-25 06:16:57'),
(475, 82, 4, 7, 'PTHP34BR', 300, 'Other Brands Hard Pants 34 Brown', 3, '2022-04-25 06:17:22'),
(476, 82, 10, 7, 'PTHP34KH', 300, 'Other Brands Hard Pants 34 Kakhi', 3, '2022-04-25 06:17:41'),
(477, 21, 27, 34, 'SHCLMMNA', 300, 'Columbia Shorts MM N/A', 3, '2022-04-25 06:20:11'),
(478, 21, 27, 35, 'SHCLLLNA', 300, 'Columbia Shorts LL N/A', 3, '2022-04-25 06:20:45'),
(479, 21, 27, 36, 'SHCLXLNA', 300, 'Columbia Shorts XL N/A', 3, '2022-04-25 06:21:08'),
(480, 21, 27, 37, 'SHCL2XNA', 300, 'Clumbia Shorts 2X N/A', 3, '2022-04-25 06:21:30'),
(481, 34, 10, 39, 'JKHJ4XKH', 300, 'Other Brands Tactical Half Jackets 4XL Kakhi', 3, '2022-04-25 06:24:41'),
(482, 34, 8, 35, 'JKHJLLgn', 300, 'Other Brands Tactical Half Jackets LL Green', 3, '2022-04-25 06:25:26'),
(483, 34, 8, 36, 'JKHJXLGN', 300, 'Other Brands Tactical Half Jackets XL Green', 3, '2022-04-25 06:26:08'),
(484, 83, 27, 35, 'SWNKLLNA', 300, 'Nike Sweaters LL N/A', 3, '2022-04-25 06:31:53'),
(485, 83, 27, 37, 'SWNK2XNA', 300, 'Nike Sweaters 2X N/A', 3, '2022-04-25 06:32:44'),
(486, 36, 27, 70, 'JKWHNANA', 300, 'Other Brands Women Half Jackets NA N/A', 3, '2022-04-25 06:37:37'),
(487, 37, 27, 70, 'JNWRNANA', 300, 'North Face Women Rain Jackets NA N/A', 3, '2022-04-25 06:41:23'),
(488, 38, 27, 36, 'JCWRXLNA', 300, 'Columbia Women Rain Jackets XL N/A', 3, '2022-04-25 06:42:39'),
(489, 277, 27, 70, 'BPNFSTNA', 300, 'North Face Surge Transit N/A N/A', 3, '2022-04-25 06:46:17'),
(490, 69, 27, 70, 'BPNFRTNA', 300, 'North Face Router Transit Backpacks N/A N/A', 3, '2022-04-25 06:47:27'),
(491, 70, 27, 70, 'BPNFOHNA', 300, 'North Face Overhaul Backpack N/A N/A', 3, '2022-04-25 06:48:25'),
(492, 71, 27, 70, 'BPNFTR50', 300, 'North Face Terra 50 Backpack N/A N/A', 3, '2022-04-25 06:50:25'),
(493, 84, 27, 70, 'BPNFTR65', 300, 'North Face Terra 65 Backpack NA N/A', 3, '2022-04-25 07:01:01'),
(494, 85, 27, 70, 'BPNFHSNA', 300, 'North Face Hot Shot N/A N/A', 3, '2022-04-25 07:02:09'),
(495, 86, 27, 70, 'BPNFBSNA', 300, 'North Face Big Shot N/A N/A', 3, '2022-04-25 07:02:42'),
(496, 87, 27, 70, 'BPNFSPNA', 300, 'North Face Supreme Backpack N/A N/A', 3, '2022-04-25 07:03:37'),
(497, 88, 27, 70, 'BPNFFGNA', 300, 'North Face Foldable Gym Bags NA N/A', 3, '2022-04-25 07:06:05'),
(498, 90, 27, 70, 'BPNFGBNA', 300, 'North Face Gym Bags N/A N/A', 3, '2022-04-25 07:06:47'),
(499, 91, 27, 70, 'BPNFWBNA', 300, 'North Face Women Bags N/A N/A', 3, '2022-04-25 07:07:22'),
(500, 92, 27, 70, 'HTSUOTNA', 300, 'Other Brands Sun Hats NA N/A', 3, '2022-04-25 07:39:03'),
(501, 54, 23, 35, 'SHCLLLWH', 300, 'Columbia Men Shirt Short LL White', 3, '2022-04-25 07:40:12'),
(502, 43, 10, 35, 'STLCLLKH', 300, '5.11 Tactical Cotton Shirt Long L Kakhi', 3, '2022-04-25 07:44:37'),
(503, 43, 10, 36, 'STLCXLKH', 300, '5.11 Tactical Cotton Shirt Long XL Kakhi', 3, '2022-04-25 07:45:04'),
(504, 43, 10, 37, 'STLC2XKH', 300, '5.11 Tactical Cotton Shirt Long 2X Kakhi', 3, '2022-04-25 07:45:30'),
(505, 43, 10, 40, 'STLC5XKH', 300, '5.11 Tactical Cotton Shirt Long 5X Kakhi', 3, '2022-04-25 07:45:52'),
(506, 43, 13, 32, 'STLCXSNY', 300, '511 5.11 Tactical Cotton Shirt Long XS Navy', 3, '2022-04-25 07:46:21'),
(507, 43, 13, 33, 'STLCSSNY', 300, '511 5.11 Tactical Cotton Shirt Long SS Navy', 3, '2022-04-25 07:46:32'),
(508, 43, 13, 34, 'STLCMMNY', 300, '511 5.11 Tactical Cotton Shirt Long MM Navy', 3, '2022-04-25 07:46:44'),
(509, 43, 13, 35, 'STLCLLNY', 300, '511 5.11 Tactical Cotton Shirt Long LL Navy', 3, '2022-04-25 07:46:53'),
(510, 43, 13, 36, 'STLCXLNY', 300, '511 5.11 Tactical Cotton Shirt Long XL Navy', 3, '2022-04-25 07:47:01'),
(511, 43, 13, 37, 'STLC2XNY', 300, '511 5.11 Tactical Cotton Shirt Long 2X Navy', 3, '2022-04-25 07:47:07'),
(512, 43, 13, 38, 'STLC3XNY', 300, '511 5.11 Tactical Cotton Shirt Long 3X Navy', 3, '2022-04-25 07:47:18'),
(513, 43, 13, 39, 'STLC4XNY', 300, '511 5.11 Tactical Cotton Shirt Long 4X Navy', 3, '2022-04-25 07:47:28'),
(514, 43, 13, 40, 'STLC5XNY', 300, '511 5.11 Tactical Cotton Shirt Long 5X Navy', 3, '2022-04-25 07:47:41');
INSERT INTO `warehouseInventory_tb` (`inventory_id`, `product_id`, `colour_id`, `size_id`, `code`, `quantity`, `description`, `status_id`, `date`) VALUES
(515, 43, 2, 32, 'STLCXSBL', 300, '511 5.11 Tactical Cotton Shirt Long XS Black', 3, '2022-04-25 07:49:26'),
(516, 43, 2, 33, 'STLCSSBL', 300, '511 5.11 Tactical Cotton Shirt Long SS Black', 3, '2022-04-25 07:50:17'),
(517, 43, 2, 34, 'STLCMMBL', 300, '511 5.11 Tactical Cotton Shirt Long MM Black', 3, '2022-04-25 07:50:25'),
(518, 43, 2, 35, 'STLCLLBL', 300, '511 5.11 Tactical Cotton Shirt Long LL Black', 3, '2022-04-25 07:50:40'),
(519, 43, 2, 36, 'STLCXLBL', 300, '511 5.11 Tactical Cotton Shirt Long XL Black', 3, '2022-04-25 07:50:49'),
(520, 43, 2, 37, 'STLC2XBL', 300, '511 5.11 Tactical Cotton Shirt Long 2X Black', 3, '2022-04-25 07:51:01'),
(521, 43, 2, 38, 'STLC3XBL', 300, '511 5.11 Tactical Cotton Shirt Long 3X Black', 3, '2022-04-25 07:51:19'),
(522, 43, 2, 40, 'STLC5XBL', 300, '511 5.11 Tactical Cotton Shirt Long 5X Black', 3, '2022-04-25 07:51:29'),
(523, 43, 4, 33, 'STLCSSBR', 300, '511 5.11 Tactical Cotton Shirt Long SS Brown', 3, '2022-04-25 07:51:49'),
(524, 43, 4, 35, 'STLCLLBR', 300, '511 5.11 Tactical Cotton Shirt Long LL Brown', 3, '2022-04-25 07:51:58'),
(525, 43, 4, 36, 'STLCXLBR', 300, '511 5.11 Tactical Cotton Shirt Long XL Brown', 3, '2022-04-25 07:52:07'),
(526, 43, 4, 37, 'STLC2XBR', 300, '511 5.11 Tactical Cotton Shirt Long 2X Brown', 3, '2022-04-25 07:52:14'),
(527, 43, 8, 33, 'STLCSSGN', 300, '511 5.11 Tactical Cotton Shirt Long SS Green', 3, '2022-04-25 07:52:29'),
(528, 43, 8, 34, 'STLCMMGN', 300, '511 5.11 Tactical Cotton Shirt Long MM Green', 3, '2022-04-25 07:52:40'),
(529, 43, 8, 35, 'STLCLLGN', 300, '511 5.11 Tactical Cotton Shirt Long LL Green', 3, '2022-04-25 07:52:49'),
(530, 43, 8, 36, 'STLCXLGN', 300, '511 5.11 Tactical Cotton Shirt Long XL Green', 3, '2022-04-25 07:52:55'),
(531, 43, 8, 38, 'STLC3XGN', 300, '511 5.11 Tactical Cotton Shirt Long 3X Green', 3, '2022-04-25 07:53:28'),
(532, 43, 6, 35, 'STLCLLCH', 300, '511 5.11 Tactical Cotton Shirt Long LL Charcoal', 3, '2022-04-25 07:53:49'),
(533, 43, 6, 36, 'STLCXLCH', 300, '511 5.11 Tactical Cotton Shirt Long XL Charcoal', 3, '2022-04-25 07:53:58'),
(534, 43, 6, 37, 'STLC2XCH', 300, '511 5.11 Tactical Cotton Shirt Long 2X Charcoal', 3, '2022-04-25 07:54:04'),
(535, 43, 23, 33, 'STLCSSWH', 300, '511 5.11 Tactical Cotton Shirt Long SS White', 3, '2022-04-25 07:56:31'),
(536, 43, 23, 34, 'STLCMMWH', 300, '511 5.11 Tactical Cotton Shirt Long MM White', 3, '2022-04-25 07:56:43'),
(537, 43, 23, 36, 'STLCXLWH', 300, '511 5.11 Tactical Cotton Shirt Long XL White', 3, '2022-04-25 07:57:31'),
(538, 43, 23, 37, 'STLC2XWH', 300, '511 5.11 Tactical Cotton Shirt Long 2X White', 3, '2022-04-25 07:57:45'),
(539, 43, 23, 38, 'STLC3XWH', 300, '511 5.11 Tactical Cotton Shirt Long 3X White', 3, '2022-04-25 07:57:56'),
(540, 43, 23, 39, 'STLC4XWH', 300, '511 5.11 Tactical Cotton Shirt Long 4X White', 3, '2022-04-25 07:58:06'),
(541, 43, 23, 40, 'STLC5XWH', 300, '511 5.11 Tactical Cotton Shirt Long 5X White', 3, '2022-04-25 07:58:14'),
(542, 43, 29, 38, 'STLC3XAB', 300, '511 5.11 Tactical Cotton Shirt Long 3X Aqua Blue', 3, '2022-04-25 07:58:38'),
(543, 43, 29, 36, 'STLCXLAB', 300, '511 5.11 Tactical Cotton Shirt Long XL Aqua Blue', 3, '2022-04-25 07:58:46'),
(544, 43, 29, 35, 'STLCLLAB', 300, '511 5.11 Tactical Cotton Shirt Long LL Aqua Blue', 3, '2022-04-25 07:58:53'),
(545, 43, 29, 39, 'STLC4XAB', 300, '511 5.11 Tactical Cotton Shirt Long 4X Aqua Blue', 3, '2022-04-25 07:59:09'),
(546, 43, 29, 40, 'STLC5XAB', 300, '511 5.11 Tactical Cotton Shirt Long 5X Aqua Blue', 3, '2022-04-25 07:59:15'),
(547, 43, 29, 33, 'STLCSSAB', 300, '511 5.11 Tactical Cotton Shirt Long SS Aqua Blue', 3, '2022-04-25 07:59:22'),
(548, 43, 29, 32, 'STLCXSAB', 300, '511 5.11 Tactical Cotton Shirt Long XS Aqua Blue', 3, '2022-04-25 07:59:26'),
(549, 43, 29, 34, 'STLCMMAB', 300, '511 5.11 Tactical Cotton Shirt Long MM Aqua Blue', 3, '2022-04-25 07:59:36'),
(550, 43, 30, 34, 'STLCMMLB', 300, '511 5.11 Tactical Cotton Shirt Long M Light Blue', 3, '2022-04-25 07:59:56'),
(551, 43, 30, 32, 'STLCXSLB', 300, '511 5.11 Tactical Cotton Shirt Long XS Light Blue', 3, '2022-04-25 08:00:01'),
(552, 43, 30, 33, 'STLCSSLB', 300, '511 5.11 Tactical Cotton Shirt Long SS Light Blue', 3, '2022-04-25 08:00:05'),
(553, 43, 30, 36, 'STLCXLLB', 300, '511 5.11 Tactical Cotton Shirt Long XL Light Blue', 3, '2022-04-25 08:00:14'),
(554, 43, 9, 33, 'STLCSSGY', 300, '511 5.11 Tactical Cotton Shirt Long SS Grey', 3, '2022-04-25 08:01:16'),
(555, 43, 9, 35, 'STLCLLGY', 300, '511 5.11 Tactical Cotton Shirt Long LL Grey', 3, '2022-04-25 08:01:31'),
(556, 43, 10, 32, 'STLCXSKH', 300, '511 5.11 Tactical Cotton Shirt Long XS Kakhi', 3, '2022-04-25 08:02:08'),
(557, 43, 10, 34, 'STLCMMKH', 300, '511 5.11 Tactical Cotton Shirt Long MM Kakhi', 3, '2022-04-25 08:02:19'),
(558, 43, 10, 38, 'STLC3XKH', 300, '511 5.11 Tactical Cotton Shirt Long 3X Kakhi', 3, '2022-04-25 08:03:11'),
(559, 43, 10, 39, 'STLC4XKH', 300, '511 5.11 Tactical Cotton Shirt Long 4X Kakhi', 3, '2022-04-25 08:03:24'),
(560, 44, 4, 32, 'STSCXSBR', 300, ' 5.11 Tactical Cotton Shirt Short XS Brown', 3, '2022-04-25 08:05:36'),
(561, 44, 4, 34, 'STSCMMBR', 300, '5.11 Tactical Cotton Shirt Short MM Brown', 3, '2022-04-25 08:05:55'),
(562, 44, 4, 38, 'STSC3XBR', 300, '511 5.11 Tactical Cotton Shirt Short 3X Brown', 3, '2022-04-25 08:07:11'),
(563, 44, 4, 39, 'STSC4XBR', 300, '511 5.11 Tactical Cotton Shirt Short 4X Brown', 3, '2022-04-25 08:07:26'),
(564, 44, 4, 40, 'STSC5XBR', 300, '511 5.11 Tactical Cotton Shirt Short 5X Brown', 3, '2022-04-25 08:07:34'),
(565, 44, 8, 32, 'STSCXSGN', 300, '511 5.11 Tactical Cotton Shirt Short XS Green', 3, '2022-04-25 08:08:17'),
(566, 44, 8, 39, 'STSC4XGN', 300, '511 5.11 Tactical Cotton Shirt Short 4X Green', 3, '2022-04-25 08:11:10'),
(567, 44, 8, 40, 'STSC5XGN', 300, '511 5.11 Tactical Cotton Shirt Short 5X Green', 3, '2022-04-25 08:11:17'),
(568, 44, 6, 40, 'STSC5XCH', 300, '511 5.11 Tactical Cotton Shirt Short 5XL Charcoal', 3, '2022-04-25 08:11:29'),
(569, 44, 6, 39, 'STSC4XCH', 300, '511 5.11 Tactical Cotton Shirt Short 4X Charcoal', 3, '2022-04-25 08:11:34'),
(570, 44, 6, 38, 'STSC3XCH', 300, '511 5.11 Tactical Cotton Shirt Short 3X Charcoal', 3, '2022-04-25 08:11:39'),
(571, 44, 6, 34, 'STSCMMCH', 300, '511 5.11 Tactical Cotton Shirt Short MM Charcoal', 3, '2022-04-25 08:12:10'),
(572, 44, 6, 33, 'STSCSSCH', 300, '511 5.11 Tactical Cotton Shirt Short SS Charcoal', 3, '2022-04-25 08:12:15'),
(573, 44, 6, 32, 'STSCXSCH', 300, '511 5.11 Tactical Cotton Shirt Short XS Charcoal', 3, '2022-04-25 08:12:19'),
(574, 44, 29, 37, 'STSC2XAB', 300, '511 5.11 Tactical Cotton Shirt Short 2X Aqua Blue', 3, '2022-04-25 08:13:24'),
(575, 44, 30, 40, 'STSC5XLB', 300, '511 5.11 Tactical Cotton Shirt Short 5XL Light Blue', 3, '2022-04-25 08:13:58'),
(576, 44, 30, 39, 'STSC4XLB', 300, '511 5.11 Tactical Cotton Shirt Short 4X Light Blue', 3, '2022-04-25 08:14:04'),
(577, 44, 30, 38, 'STSC3XLB', 300, '511 5.11 Tactical Cotton Shirt Short 3X Light Blue', 3, '2022-04-25 08:14:09'),
(578, 44, 30, 37, 'STSC2XLB', 300, '511 5.11 Tactical Cotton Shirt Short 2X Light Blue', 3, '2022-04-25 08:14:14'),
(579, 44, 30, 35, 'STSCLLLB', 300, '511 5.11 Tactical Cotton Shirt Short LL Light Blue', 3, '2022-04-25 08:14:24'),
(580, 44, 4, 33, 'STSCSSBR', 300, '511 5.11 Tactical Cotton Shirt Short SS Brown', 3, '2022-04-25 08:30:11'),
(581, 44, 4, 35, 'STSCLLBR', 300, '511 5.11 Tactical Cotton Shirt Short LL Brown', 3, '2022-04-25 08:30:29'),
(582, 44, 4, 36, 'STSCXLBR', 300, '511 5.11 Tactical Cotton Shirt Short XL Brown', 3, '2022-04-25 08:30:36'),
(583, 44, 4, 37, 'STSC2XBR', 300, '511 5.11 Tactical Cotton Shirt Short 2X Brown', 3, '2022-04-25 08:30:43'),
(584, 44, 8, 38, 'STSC3XGN', 300, '511 5.11 Tactical Cotton Shirt Short 3X Green', 3, '2022-04-25 08:31:24'),
(585, 44, 8, 37, 'STSC2XGN', 300, '511 5.11 Tactical Cotton Shirt Short 2X Green', 3, '2022-04-25 08:31:29'),
(586, 44, 8, 36, 'STSCXLGN', 300, '511 5.11 Tactical Cotton Shirt Short XL Green', 3, '2022-04-25 08:31:35'),
(587, 44, 8, 35, 'STSCLLGN', 300, '511 5.11 Tactical Cotton Shirt Short LL Green', 3, '2022-04-25 08:31:40'),
(588, 44, 8, 34, 'STSCMMGN', 300, '511 5.11 Tactical Cotton Shirt Short MM Green', 3, '2022-04-25 08:31:46'),
(589, 44, 8, 33, 'STSCSSGN', 300, '511 5.11 Tactical Cotton Shirt Short SS Green', 3, '2022-04-25 08:31:51'),
(590, 44, 6, 35, 'STSCLLCH', 300, '511 5.11 Tactical Cotton Shirt Short LL Charcoal', 3, '2022-04-25 08:32:30'),
(591, 44, 6, 37, 'STSC2XCH', 300, '511 5.11 Tactical Cotton Shirt Short 2X Charcoal', 3, '2022-04-25 08:32:39'),
(592, 44, 6, 36, 'STSCXLCH', 300, '511 5.11 Tactical Cotton Shirt Short XL Charcoal', 3, '2022-04-25 08:32:43'),
(593, 44, 29, 40, 'STSC5XAB', 300, '511 5.11 Tactical Cotton Shirt Short 5XL Aqua Blue', 3, '2022-04-25 08:33:11'),
(594, 44, 29, 39, 'STSC4XAB', 300, '511 5.11 Tactical Cotton Shirt Short 4X Aqua Blue', 3, '2022-04-25 08:33:17'),
(595, 44, 29, 38, 'STSC3XAB', 300, '511 5.11 Tactical Cotton Shirt Short 3X Aqua Blue', 3, '2022-04-25 08:33:23'),
(596, 44, 29, 36, 'STSCXLAB', 300, '511 5.11 Tactical Cotton Shirt Short XL Aqua Blue', 3, '2022-04-25 08:33:32'),
(597, 44, 29, 35, 'STSCLLAB', 300, '511 5.11 Tactical Cotton Shirt Short LL Aqua Blue', 3, '2022-04-25 08:33:36'),
(598, 44, 29, 34, 'STSCMMAB', 300, '511 5.11 Tactical Cotton Shirt Short MM Aqua Blue', 3, '2022-04-25 08:33:42'),
(599, 44, 29, 33, 'STSCSSAB', 300, '511 5.11 Tactical Cotton Shirt Short SS Aqua Blue', 3, '2022-04-25 08:33:55'),
(600, 44, 30, 32, 'STSCXSLB', 300, '511 5.11 Tactical Cotton Shirt Short XS Light Blue', 3, '2022-04-25 08:34:08'),
(601, 44, 30, 33, 'STSCSSLB', 300, '511 5.11 Tactical Cotton Shirt Short SS Light Blue', 3, '2022-04-25 08:34:12'),
(602, 44, 30, 34, 'STSCMMLB', 300, '511 5.11 Tactical Cotton Shirt Short MM Light Blue', 3, '2022-04-25 08:34:20'),
(603, 44, 30, 36, 'STSCXLLB', 300, '511 5.11 Tactical Cotton Shirt Short XL Light Blue', 3, '2022-04-25 08:34:33'),
(604, 45, 8, 32, 'STSPXSGN', 300, '511 5.11 Tactical Polyster (Soft) Shirt Short XS Green', 3, '2022-04-25 08:38:44'),
(605, 45, 8, 33, 'STSPSSGN', 300, '511 5.11 Tactical Polyster (Soft) Shirt Short SS Green', 3, '2022-04-25 08:38:58'),
(606, 45, 8, 34, 'STSPMMGN', 300, '511 5.11 Tactical Polyster (Soft) Shirt Short MM Green', 3, '2022-04-25 08:39:09'),
(607, 45, 8, 36, 'STSPXLGN', 300, '511 5.11 Tactical Polyster (Soft) Shirt Short XL Green', 3, '2022-04-25 08:39:24'),
(608, 45, 8, 37, 'STSP2XGN', 300, '511 5.11 Tactical Polyster (Soft) Shirt Short 2X Green', 3, '2022-04-25 08:39:29'),
(609, 45, 8, 39, 'STSP4XGN', 300, '511 5.11 Tactical Polyster (Soft) Shirt Short 4X Green', 3, '2022-04-25 08:39:35'),
(610, 45, 6, 39, 'STSP4XCH', 300, '511 5.11 Tactical Polyster (Soft) Shirt Short 4XL Charcoal', 3, '2022-04-25 08:42:44'),
(611, 45, 6, 38, 'STSP3XCH', 300, '511 5.11 Tactical Polyster (Soft) Shirt Short 3X Charcoal', 3, '2022-04-25 08:42:51'),
(612, 45, 6, 37, 'STSP2XCH', 300, '511 5.11 Tactical Polyster (Soft) Shirt Short 2X Charcoal', 3, '2022-04-25 08:43:01'),
(613, 45, 6, 36, 'STSPXLCH', 300, '511 5.11 Tactical Polyster (Soft) Shirt Short XL Charcoal', 3, '2022-04-25 08:43:06'),
(614, 45, 6, 35, 'STSPLLCH', 300, '511 5.11 Tactical Polyster (Soft) Shirt Short LL Charcoal', 3, '2022-04-25 08:43:18'),
(615, 45, 6, 34, 'STSPMMCH', 300, '511 5.11 Tactical Polyster (Soft) Shirt Short MM Charcoal', 3, '2022-04-25 08:43:24'),
(616, 45, 6, 33, 'STSPSSCH', 300, '511 5.11 Tactical Polyster (Soft) Shirt Short SS Charcoal', 3, '2022-04-25 08:43:29'),
(617, 45, 6, 32, 'STSPXSCH', 300, '511 5.11 Tactical Polyster (Soft) Shirt Short XS Charcoal', 3, '2022-04-25 08:43:36'),
(618, 46, 10, 32, 'STSPXSKH', 300, '511 5.11 Tactical Polyster (Soft) Shirt Long XS Kakhi', 3, '2022-04-25 08:44:05'),
(619, 46, 10, 33, 'STSPSSKH', 300, '511 5.11 Tactical Polyster (Soft) Shirt Long SS Kakhi', 3, '2022-04-25 08:44:16'),
(620, 46, 10, 34, 'STSPMMKH', 300, '511 5.11 Tactical Polyster (Soft) Shirt Long MM Kakhi', 3, '2022-04-25 08:44:29'),
(621, 46, 10, 36, 'STSPXLKH', 300, '511 5.11 Tactical Polyster (Soft) Shirt Long XL Kakhi', 3, '2022-04-25 08:44:45'),
(622, 46, 10, 37, 'STSP2XKH', 300, '511 5.11 Tactical Polyster (Soft) Shirt Long 2X Kakhi', 3, '2022-04-25 08:44:53'),
(623, 46, 6, 33, 'STPLSSCH', 300, '511 5.11 Tactical Polyster (Soft) Shirt Long SS Charcoal', 3, '2022-04-25 08:45:34'),
(624, 46, 6, 32, 'STPLXSCH', 300, '511 5.11 Tactical Polyster (Soft) Shirt Long XS Charcoal', 3, '2022-04-25 08:45:43'),
(625, 46, 6, 34, 'STPLMMCH', 300, '511 5.11 Tactical Polyster (Soft) Shirt Long MM Charcoal', 3, '2022-04-25 08:45:51'),
(626, 46, 6, 35, 'STPLLLCH', 300, '511 5.11 Tactical Polyster (Soft) Shirt Long LL Charcoal', 3, '2022-04-25 08:45:57'),
(627, 46, 10, 35, 'STPLLLKH', 300, '511 5.11 Tactical Polyster (Soft) Shirt Long L Kakhi', 3, '2022-04-25 08:46:08'),
(628, 46, 10, 36, 'STPLXLKH', 300, '511 5.11 Tactical Polyster (Soft) Shirt Long XL Kakhi', 3, '2022-04-25 08:46:13'),
(629, 46, 10, 37, 'STPL2XKH', 300, '511 5.11 Tactical Polyster (Soft) Shirt Long 2X Kakhi', 3, '2022-04-25 08:46:20'),
(630, 46, 3, 32, 'STPLXSBU', 300, '511 5.11 Tactical Polyster (Soft) Shirt Long XS Blue', 3, '2022-04-25 08:47:25'),
(631, 46, 3, 33, 'STPLSSBU', 300, '511 5.11 Tactical Polyster (Soft) Shirt Long SS Blue', 3, '2022-04-25 08:47:34'),
(632, 46, 3, 34, 'STPLMMBU', 300, '511 5.11 Tactical Polyster (Soft) Shirt Long MM Blue', 3, '2022-04-25 08:47:43'),
(633, 46, 3, 35, 'STPLLLBU', 300, '511 5.11 Tactical Polyster (Soft) Shirt Long LL Blue', 3, '2022-04-25 08:47:51'),
(634, 46, 3, 36, 'STPLXLBU', 300, '511 5.11 Tactical Polyster (Soft) Shirt Long XL Blue', 3, '2022-04-25 08:47:58'),
(635, 46, 3, 37, 'STPL2XBU', 300, '511 5.11 Tactical Polyster (Soft) Shirt Long 2X Blue', 3, '2022-04-25 08:48:02'),
(636, 46, 3, 38, 'STPL3XBU', 300, '511 5.11 Tactical Polyster (Soft) Shirt Long 3X Blue', 3, '2022-04-25 08:48:11'),
(637, 46, 3, 39, 'STPL4XBU', 300, '511 5.11 Tactical Polyster (Soft) Shirt Long 4X Blue', 3, '2022-04-25 08:48:18'),
(638, 46, 23, 39, 'STPL4XWH', 300, '511 5.11 Tactical Polyster (Soft) Shirt Long 4XL White', 3, '2022-04-25 08:48:30'),
(639, 46, 23, 38, 'STPL3XWH', 300, '511 5.11 Tactical Polyster (Soft) Shirt Long 3X White', 3, '2022-04-25 08:48:35'),
(640, 46, 23, 37, 'STPL2XWH', 300, '511 5.11 Tactical Polyster (Soft) Shirt Long 2X White', 3, '2022-04-25 08:48:40'),
(641, 46, 23, 36, 'STPLXLWH', 300, '511 5.11 Tactical Polyster (Soft) Shirt Long XL White', 3, '2022-04-25 08:48:44'),
(642, 46, 23, 35, 'STPLLLWH', 300, '511 5.11 Tactical Polyster (Soft) Shirt Long LL White', 3, '2022-04-25 08:48:58'),
(643, 46, 23, 34, 'STPLMMWH', 300, '511 5.11 Tactical Polyster (Soft) Shirt Long MM White', 3, '2022-04-25 08:49:03'),
(644, 46, 23, 33, 'STPLSSWH', 300, '511 5.11 Tactical Polyster (Soft) Shirt Long SS White', 3, '2022-04-25 08:49:10'),
(645, 46, 23, 32, 'STPLXSWH', 300, '511 5.11 Tactical Polyster (Soft) Shirt Long XS White', 3, '2022-04-25 08:49:14'),
(646, 46, 22, 32, 'STPLXSSB', 300, '511 5.11 Tactical Polyster (Soft) Shirt Long XS Sky Blue', 3, '2022-04-25 08:49:28'),
(647, 46, 22, 33, 'STPLSSSB', 300, '511 5.11 Tactical Polyster (Soft) Shirt Long SS Sky Blue', 3, '2022-04-25 08:49:34'),
(648, 46, 22, 35, 'STPLLLSB', 300, '511 5.11 Tactical Polyster (Soft) Shirt Long LL Sky Blue', 3, '2022-04-25 08:49:47'),
(649, 46, 22, 36, 'STPLXLSB', 300, '511 5.11 Tactical Polyster (Soft) Shirt Long XL Sky Blue', 3, '2022-04-25 08:49:55'),
(650, 46, 22, 37, 'STPL2XSB', 300, '511 5.11 Tactical Polyster (Soft) Shirt Long 2X Sky Blue', 3, '2022-04-25 08:49:59'),
(651, 46, 22, 38, 'STPL3XSB', 300, '511 5.11 Tactical Polyster (Soft) Shirt Long 3X Sky Blue', 3, '2022-04-25 08:50:04'),
(652, 46, 22, 39, 'STPL4XSB', 300, '511 5.11 Tactical Polyster (Soft) Shirt Long 4X Sky Blue', 3, '2022-04-25 08:50:09'),
(653, 46, 8, 39, 'STPL4XGN', 300, '511 5.11 Tactical Polyster (Soft) Shirt Long 4XL Green', 3, '2022-04-25 08:50:36'),
(654, 46, 8, 38, 'STPL3XGN', 300, '511 5.11 Tactical Polyster (Soft) Shirt Long 3X Green', 3, '2022-04-25 08:50:47'),
(655, 46, 8, 37, 'STPL2XGN', 300, '511 5.11 Tactical Polyster (Soft) Shirt Long 2X Green', 3, '2022-04-25 08:50:53'),
(656, 46, 8, 36, 'STPLXLGN', 300, '511 5.11 Tactical Polyster (Soft) Shirt Long XL Green', 3, '2022-04-25 08:51:00'),
(657, 46, 8, 35, 'STPLLLGN', 300, '511 5.11 Tactical Polyster (Soft) Shirt Long LL Green', 3, '2022-04-25 08:51:06'),
(658, 46, 8, 34, 'STPLMMGN', 300, '511 5.11 Tactical Polyster (Soft) Shirt Long MM Green', 3, '2022-04-25 08:51:12'),
(659, 46, 8, 33, 'STPLSSGN', 300, '511 5.11 Tactical Polyster (Soft) Shirt Long SS Green', 3, '2022-04-25 08:51:26'),
(660, 46, 8, 32, 'STPLXSGN', 300, '511 5.11 Tactical Polyster (Soft) Shirt Long XS Green', 3, '2022-04-25 08:51:30'),
(661, 46, 18, 32, 'STPLXSPP', 300, '511 5.11 Tactical Polyster (Soft) Shirt Long XS Purple', 3, '2022-04-25 08:51:43'),
(662, 46, 18, 33, 'STPLSSPP', 300, '511 5.11 Tactical Polyster (Soft) Shirt Long SS Purple', 3, '2022-04-25 08:51:52'),
(663, 46, 18, 34, 'STPLMMPP', 300, '511 5.11 Tactical Polyster (Soft) Shirt Long MM Purple', 3, '2022-04-25 08:51:56'),
(664, 46, 18, 35, 'STPLLLPP', 300, '511 5.11 Tactical Polyster (Soft) Shirt Long LL Purple', 3, '2022-04-25 08:52:01'),
(665, 46, 18, 36, 'STPLXLPP', 300, '511 5.11 Tactical Polyster (Soft) Shirt Long XL Purple', 3, '2022-04-25 08:52:06'),
(666, 93, 3, 33, 'STCLSSBU', 300, 'Columbia Columbia Men Soft Shirt Long SS Blue', 3, '2022-04-25 09:02:25'),
(667, 93, 3, 34, 'STCLMMBU', 300, 'Columbia Columbia Men Soft Shirt Long MM Blue', 3, '2022-04-25 09:02:35'),
(668, 93, 3, 35, 'STCLLLBU', 300, 'Columbia Columbia Men Soft Shirt Long LL Blue', 3, '2022-04-25 09:02:42'),
(669, 93, 3, 37, 'STCL2XBU', 300, 'Columbia Columbia Men Soft Shirt Long 2X Blue', 3, '2022-04-25 09:02:58'),
(670, 93, 3, 38, 'STCL3XBU', 300, 'Columbia Columbia Men Soft Shirt Long 3X Blue', 3, '2022-04-25 09:03:08'),
(671, 93, 3, 39, 'STCL4XBU', 300, 'Columbia Columbia Men Soft Shirt Long 4X Blue', 3, '2022-04-25 09:03:22'),
(672, 93, 23, 39, 'STCL4XWH', 300, 'Columbia Columbia Men Soft Shirt Long 4XL White', 3, '2022-04-25 09:03:36'),
(673, 93, 23, 38, 'STCL3XWH', 300, 'Columbia Columbia Men Soft Shirt Long 3X White', 3, '2022-04-25 09:03:40'),
(674, 93, 23, 37, 'STCL2XWH', 300, 'Columbia Columbia Men Soft Shirt Long 2X White', 3, '2022-04-25 09:03:45'),
(675, 93, 23, 36, 'STCLXLWH', 300, 'Columbia Columbia Men Soft Shirt Long XL White', 3, '2022-04-25 09:03:51'),
(676, 93, 23, 35, 'STCLLLWH', 300, 'Columbia Columbia Men Soft Shirt Long LL White', 3, '2022-04-25 09:03:55'),
(677, 93, 23, 34, 'STCLMMWH', 300, 'Columbia Columbia Men Soft Shirt Long MM White', 3, '2022-04-25 09:03:59'),
(678, 93, 23, 33, 'STCLSSWH', 300, 'Columbia Columbia Men Soft Shirt Long SS White', 3, '2022-04-25 09:04:06'),
(679, 93, 22, 33, 'STCLSSSB', 300, 'Columbia Columbia Men Soft Shirt Long S Sky Blue', 3, '2022-04-25 09:04:16'),
(680, 93, 22, 35, 'STCLLLSB', 300, 'Columbia Columbia Men Soft Shirt Long LL Sky Blue', 3, '2022-04-25 09:04:27'),
(681, 93, 22, 36, 'STCLXLSB', 300, 'Columbia Columbia Men Soft Shirt Long XL Sky Blue', 3, '2022-04-25 09:04:36'),
(682, 93, 22, 37, 'STCL2XSB', 300, 'Columbia Columbia Men Soft Shirt Long 2X Sky Blue', 3, '2022-04-25 09:04:54'),
(683, 93, 22, 38, 'STCL3XSB', 300, 'Columbia Columbia Men Soft Shirt Long 3X Sky Blue', 3, '2022-04-25 09:04:59'),
(684, 93, 22, 39, 'STCL4XSB', 300, 'Columbia Columbia Men Soft Shirt Long 4X Sky Blue', 3, '2022-04-25 09:05:05'),
(685, 93, 8, 39, 'STCL4XGN', 300, 'Columbia Columbia Men Soft Shirt Long 4XL Green', 3, '2022-04-25 09:05:19'),
(686, 93, 8, 38, 'STCL3XGN', 300, 'Columbia Columbia Men Soft Shirt Long 3X Green', 3, '2022-04-25 09:05:24'),
(687, 93, 8, 37, 'STCL2XGN', 300, 'Columbia Columbia Men Soft Shirt Long 2X Green', 3, '2022-04-25 09:05:29'),
(688, 93, 8, 36, 'STCLXLGN', 300, 'Columbia Columbia Men Soft Shirt Long XL Green', 3, '2022-04-25 09:05:34'),
(689, 93, 8, 35, 'STCLLLGN', 300, 'Columbia Columbia Men Soft Shirt Long LL Green', 3, '2022-04-25 09:05:39'),
(690, 93, 8, 34, 'STCLMMGN', 300, 'Columbia Columbia Men Soft Shirt Long MM Green', 3, '2022-04-25 09:05:44'),
(691, 93, 8, 33, 'STCLSSGN', 300, 'Columbia Columbia Men Soft Shirt Long SS Green', 3, '2022-04-25 09:05:59'),
(692, 93, 25, 33, 'STCLSSYL', 300, 'Columbia Columbia Men Soft Shirt Long S Yellow', 3, '2022-04-25 09:06:28'),
(693, 93, 25, 34, 'STCLMMYL', 300, 'Columbia Columbia Men Soft Shirt Long MM Yellow', 3, '2022-04-25 09:06:36'),
(694, 93, 25, 35, 'STCLLLYL', 300, 'Columbia Columbia Men Soft Shirt Long LL Yellow', 3, '2022-04-25 09:06:38'),
(695, 93, 25, 36, 'STCLXLYL', 300, 'Columbia Columbia Men Soft Shirt Long XL Yellow', 3, '2022-04-25 09:06:45'),
(696, 93, 25, 37, 'STCL2XYL', 300, 'Columbia Columbia Men Soft Shirt Long 2X Yellow', 3, '2022-04-25 09:07:02'),
(697, 93, 19, 37, 'STCL2XRD', 300, 'Columbia Columbia Men Soft Shirt Long 2XL Red', 3, '2022-04-25 09:07:15'),
(698, 93, 19, 36, 'STCLXLRD', 300, 'Columbia Columbia Men Soft Shirt Long XL Red', 3, '2022-04-25 09:07:21'),
(699, 93, 19, 35, 'STCLLLRD', 300, 'Columbia Columbia Men Soft Shirt Long LL Red', 3, '2022-04-25 09:07:26'),
(700, 93, 19, 34, 'STCLMMRD', 300, 'Columbia Columbia Men Soft Shirt Long MM Red', 3, '2022-04-25 09:07:30'),
(701, 93, 19, 33, 'STCLSSRD', 300, 'Columbia Columbia Men Soft Shirt Long SS Red', 3, '2022-04-25 09:07:37'),
(702, 93, 13, 33, 'STCLSSNY', 300, 'Columbia Columbia Men Soft Shirt Long S Navy', 3, '2022-04-25 09:07:47'),
(703, 93, 13, 34, 'STCLMMNY', 300, 'Columbia Columbia Men Soft Shirt Long MM Navy', 3, '2022-04-25 09:07:53'),
(704, 93, 13, 35, 'STCLLLNY', 300, 'Columbia Columbia Men Soft Shirt Long LL Navy', 3, '2022-04-25 09:08:03'),
(705, 93, 13, 36, 'STCLXLNY', 300, 'Columbia Columbia Men Soft Shirt Long XL Navy', 3, '2022-04-25 09:08:09'),
(706, 93, 13, 37, 'STCL2XNY', 300, 'Columbia Columbia Men Soft Shirt Long 2X Navy', 3, '2022-04-25 09:08:20'),
(707, 93, 4, 37, 'STCL2XBR', 300, 'Columbia Columbia Men Soft Shirt Long 2XL Brown', 3, '2022-04-25 09:08:31'),
(708, 93, 9, 38, 'STCL3XGY', 300, 'Columbia Columbia Men Soft Shirt Long 3XL Grey', 3, '2022-04-25 09:08:50'),
(709, 93, 9, 35, 'STCLLLGY', 300, 'Columbia Columbia Men Soft Shirt Long LL Grey', 3, '2022-04-25 09:08:58'),
(710, 93, 2, 35, 'STCLLLBL', 300, 'Columbia Columbia Men Soft Shirt Long L Black', 3, '2022-04-25 09:09:10'),
(711, 93, 6, 33, 'STCLSSCH', 300, 'Columbia Columbia Men Soft Shirt Long SS Charcoal', 3, '2022-04-25 09:09:23'),
(712, 93, 6, 35, 'STCLLLCH', 300, 'Columbia Columbia Men Soft Shirt Long LL Charcoal', 3, '2022-04-25 09:09:31'),
(713, 93, 6, 32, 'STCLXSCH', 300, 'Columbia Columbia Men Soft Shirt Long XS Charcoal', 3, '2022-04-25 09:09:40'),
(714, 94, 22, 38, 'STCS3XSB', 300, 'Columbia Columbia Men Soft Shirt Short 3X Sky Blue', 3, '2022-04-25 09:12:24'),
(715, 94, 22, 37, 'STCS2XSB', 300, 'Columbia Columbia Men Soft Shirt Short 2X Sky Blue', 3, '2022-04-25 09:12:34'),
(716, 94, 22, 36, 'STCSXLSB', 300, 'Columbia Columbia Men Soft Shirt Short XL Sky Blue', 3, '2022-04-25 09:12:41'),
(717, 94, 22, 35, 'STCSLLSB', 300, 'Columbia Columbia Men Soft Shirt Short LL Sky Blue', 3, '2022-04-25 09:12:46'),
(718, 94, 15, 38, 'STCS3XOR', 300, 'Columbia Columbia Men Soft Shirt Short 3X Orange', 3, '2022-04-25 09:13:00'),
(719, 94, 2, 38, 'STCS3XBL', 300, 'Columbia Columbia Men Soft Shirt Short 3XL Black', 3, '2022-04-25 09:13:10'),
(720, 94, 8, 38, 'STCS3XGN', 300, 'Columbia Columbia Men Soft Shirt Short 3XL Green', 3, '2022-04-25 09:13:23'),
(721, 94, 8, 37, 'STCS2XGN', 300, 'Columbia Columbia Men Soft Shirt Short 2X Green', 3, '2022-04-25 09:13:29'),
(722, 94, 8, 36, 'STCSXLGN', 300, 'Columbia Columbia Men Soft Shirt Short XL Green', 3, '2022-04-25 09:13:35'),
(723, 94, 8, 35, 'STCSLLGN', 300, 'Columbia Columbia Men Soft Shirt Short LL Green', 3, '2022-04-25 09:13:39'),
(724, 94, 23, 35, 'STCSLLWH', 300, 'Columbia Columbia Men Soft Shirt Short L White', 3, '2022-04-25 09:13:55'),
(725, 94, 3, 35, 'STCSLLBU', 300, 'Columbia Columbia Men Soft Shirt Short L Blue', 3, '2022-04-25 09:14:07'),
(726, 248, 27, 70, 'P110050', 300, 'CAT Shoes NA N/A', 3, '2022-04-26 09:19:12'),
(727, 248, 27, 70, 'P110049', 300, 'CAT Shoes NA N/A', 3, '2022-04-26 09:19:47'),
(728, 248, 27, 70, 'P110189X', 300, 'CAT Shoes NA N/A', 3, '2022-04-26 09:20:48'),
(729, 248, 27, 70, 'P724426X', 300, 'CAT Shoes NA N/A', 3, '2022-04-26 09:21:14'),
(730, 248, 27, 70, 'P724394X', 300, 'CAT Shoes NA N/A', 3, '2022-04-26 09:21:50'),
(731, 248, 27, 70, 'P723508X', 300, 'CAT Shoes NA N/A', 3, '2022-04-26 09:22:13'),
(732, 248, 27, 70, 'P724680X', 300, 'CAT Shoes NA N/A', 3, '2022-04-26 09:22:31'),
(733, 248, 27, 70, 'P724439X', 300, 'CAT Shoes NA N/A', 3, '2022-04-26 09:23:03'),
(734, 248, 27, 70, 'P724413X', 300, 'CAT Shoes NA N/A', 3, '2022-04-26 09:23:15'),
(735, 248, 27, 70, 'P724664X', 300, 'CAT Shoes NA N/A', 3, '2022-04-26 09:23:51'),
(736, 248, 27, 70, 'P723901X', 300, 'CAT Shoes NA N/A', 3, '2022-04-26 09:24:40'),
(737, 248, 27, 70, 'P724679X', 300, 'CAT Shoes NA N/A', 3, '2022-04-26 09:25:07'),
(738, 248, 27, 70, 'P724679X', 300, 'CAT Shoes NA N/A', 3, '2022-04-26 09:25:07'),
(739, 248, 27, 70, 'P725025X', 300, 'CAT Shoes NA N/A', 3, '2022-04-26 09:25:55'),
(740, 248, 27, 70, 'P725025X', 300, 'CAT Shoes NA N/A', 3, '2022-04-26 09:25:55'),
(741, 248, 27, 70, 'P724758X', 300, 'CAT Shoes NA N/A', 3, '2022-04-26 09:26:23'),
(742, 248, 27, 70, 'P723646X', 300, 'CAT Shoes NA N/A', 3, '2022-04-26 09:26:55'),
(743, 248, 27, 70, 'P723646X', 300, 'CAT Shoes NA N/A', 3, '2022-04-26 09:26:55'),
(744, 248, 27, 70, 'P724764X', 300, 'CAT Shoes NA N/A', 3, '2022-04-26 09:27:20'),
(745, 248, 27, 70, 'P719565X', 300, 'CAT Shoes (Code Based) NA N/A', 3, '2022-04-26 09:36:54'),
(746, 248, 27, 70, 'P723543X', 300, 'CAT Shoes (Code Based) NA N/A', 3, '2022-04-26 09:37:53'),
(747, 248, 27, 70, 'P724670X', 300, 'CAT Shoes (Code Based) NA N/A', 3, '2022-04-26 09:38:11'),
(748, 248, 27, 70, 'P724670X', 300, 'CAT Shoes (Code Based) NA N/A', 3, '2022-04-26 09:38:11'),
(749, 248, 27, 70, 'P724805X', 300, 'CAT Shoes (Code Based) NA N/A', 3, '2022-04-26 09:38:32'),
(750, 248, 27, 70, 'P724805X', 300, 'CAT Shoes (Code Based) NA N/A', 3, '2022-04-26 09:38:32'),
(751, 248, 27, 70, 'P724414X', 300, 'CAT Shoes (Code Based) NA N/A', 3, '2022-04-26 09:39:08'),
(752, 248, 27, 70, 'P724414X', 300, 'CAT Shoes (Code Based) NA N/A', 3, '2022-04-26 09:39:08'),
(753, 248, 27, 70, 'P725024X', 300, 'CAT Shoes (Code Based) NA N/A', 3, '2022-04-26 09:39:59'),
(754, 15, 10, 52, 'PTTW20KH', 300, '511 Taclite Pro Women Pants 20 Kakhi', 3, '2022-04-27 05:17:12'),
(755, 96, 27, 70, 'BPMJ30NA', 300, 'Jack Wolfskin Moab Jam 30 Medic Kit N/A N/A', 3, '2022-04-27 05:50:39'),
(756, 97, 27, 70, 'BPMJ24NA', 300, 'Jack Wolfskin Moab Jam 24 Medic Kit N/A N/A', 3, '2022-04-27 05:51:22'),
(757, 98, 27, 70, 'BPMJ18NA', 300, 'Jack Wolfskin Moab Jam 18 Medic Kit N/A N/A', 3, '2022-04-27 05:51:58'),
(758, 99, 27, 70, 'BPJM36NA', 300, 'Jack Wolfskin Mountaineer 36 N/A N/A', 3, '2022-04-27 05:53:34'),
(759, 100, 27, 70, 'BPJHTX60', 300, 'Jack Wolfskin Highland TX 60 N/A N/A', 3, '2022-04-27 05:55:01'),
(760, 100, 27, 70, 'BPJD70NA', 300, 'Jack Wolfskin Highland TX 60 N/A N/A', 3, '2022-04-27 05:56:08'),
(761, 102, 27, 70, 'BPJV12NA', 300, 'Jack Wolfskin Velocity 12 NA N/A', 3, '2022-04-27 05:57:38'),
(762, 103, 27, 70, 'BPCATRNA', 300, 'CAT Roller Backpacks NA N/A', 3, '2022-04-27 06:03:38'),
(763, 104, 27, 70, 'BPDTFTNA', 300, 'Deuter Futura Backpack N/A N/A', 3, '2022-04-27 06:06:23'),
(764, 105, 27, 70, 'BPDTFT42', 300, 'Other Brands Deuter Futura 42 N/A N/A', 3, '2022-04-27 06:07:25'),
(765, 106, 27, 70, 'BPDTFT28', 300, 'Other Brands Deuter Futura 28 N/A N/A', 3, '2022-04-27 06:08:00'),
(766, 107, 27, 70, 'BPDTFACL', 300, 'Deuter Air Contact Lite Backpark NA N/A', 3, '2022-04-27 06:11:16'),
(767, 108, 27, 70, 'BPWFORNA', 300, 'Westfield Outdoor Roller bag N/A N/A', 3, '2022-04-27 06:12:49'),
(768, 109, 27, 70, 'BP511R72', 300, '511 Rush 72 NA N/A', 3, '2022-04-27 06:16:59'),
(769, 110, 27, 70, 'BP511R24', 300, '511 Rush 24 N/A N/A', 3, '2022-04-27 06:17:43'),
(770, 111, 27, 70, 'BP511R12', 300, '511 Rush 12 N/A N/A', 3, '2022-04-27 06:18:15'),
(771, 112, 27, 70, 'BP511AHN', 300, '511 All Harzard Nitro Backpark', 3, '2022-04-27 06:19:36'),
(772, 113, 27, 70, 'BP511AHP', 300, '511 All Harzard Prime Backpark', 3, '2022-04-27 06:21:10'),
(773, 114, 27, 70, 'BP511RDM', 300, '511 Rush Delivery Mike N/A N/A', 3, '2022-04-27 06:23:43'),
(774, 115, 27, 70, 'BP511RDL', 300, '511 Rush Delivery Lima N/A N/A', 3, '2022-04-27 06:24:39'),
(775, 116, 27, 70, 'BP511MDK', 300, '511 5.11 Medic Kit N/A N/A', 3, '2022-04-27 06:26:07'),
(776, 117, 27, 70, 'ACNFSSBG', 300, 'North Face (Sling) Shoulder Bag N/A N/A', 3, '2022-04-27 06:29:12'),
(777, 118, 27, 70, 'ACNFCSBB', 300, 'North Face Camera Bag(B) N/A N/A', 3, '2022-04-27 06:30:46'),
(778, 119, 27, 70, 'ACNFCSBS', 300, 'North Face Camera Bag(S) N/A N/A', 3, '2022-04-27 06:31:46'),
(779, 120, 27, 70, 'ACCATSBG', 300, 'CAT Shoulder Bags N/A N/A', 3, '2022-04-27 06:33:19'),
(780, 121, 27, 70, 'ACOTHSBG', 300, 'Other Brands Other Shoulder Bags N/A N/A', 3, '2022-04-27 06:34:04'),
(781, 50, 27, 70, 'ACNFWIBB', 300, 'North Face Waist Bags(B) NA N/A', 3, '2022-04-27 06:41:52'),
(782, 51, 27, 70, 'ACNFWIBS', 300, 'North Face Waist Bags(S) N/A N/A', 3, '2022-04-27 06:42:46'),
(783, 122, 27, 70, 'ACCATWIB', 300, 'CAT Waist Bags N/A N/A', 3, '2022-04-27 06:43:38'),
(784, 123, 27, 70, 'ACDTWIBG', 300, 'Other Brands Deuter Waist Bags N/A N/A', 3, '2022-04-27 06:44:41'),
(785, 124, 27, 70, 'ACJWWIBG', 300, 'Jackwolfeskin Waist Bags N/A N/A', 3, '2022-04-27 06:45:31'),
(786, 125, 27, 70, 'ACSHOECP', 300, 'Other Brands In-Soles (shoe Carpet) NA N/A', 3, '2022-04-27 06:49:18'),
(787, 126, 27, 70, 'ACNFMNBT', 300, 'North Face Money Belts NA N/A', 3, '2022-04-27 06:52:52'),
(788, 127, 27, 70, 'EWOAKLEY', 300, 'Other Brands Oakley Glasses N/A N/A', 3, '2022-04-27 06:54:21'),
(789, 128, 27, 70, 'EWVKOOLG', 300, 'Other Brands V-Kool Glasses N/A N/A', 3, '2022-04-27 06:56:10'),
(790, 129, 27, 70, 'EWDSHENG', 300, 'Other Brands Dingsheng Glasses NA N/A', 3, '2022-04-27 06:58:23'),
(791, 130, 27, 70, 'EWRAYBAN', 300, 'Other Brands Ray Ban N/A N/A', 3, '2022-04-27 06:59:15'),
(792, 131, 19, 34, 'ACMSMMRD', 300, 'Other Brands M-Pact Gloves (Short) MM Red', 3, '2022-04-27 07:04:10'),
(793, 131, 19, 35, 'ACMSLLRD', 300, 'Other Brands M-Pact Gloves (Short) LL Red', 3, '2022-04-27 07:04:28'),
(794, 131, 19, 36, 'ACMSXLRD', 300, 'Other Brands M-Pact Gloves (Short) XL Red', 3, '2022-04-27 07:04:54'),
(795, 131, 3, 36, 'ACMSXLBU', 300, 'Other Brands M-Pact Gloves (Short) XL Blue', 3, '2022-04-27 07:05:20'),
(796, 131, 3, 35, 'ACMSLLBU', 300, 'Other Brands M-Pact Gloves (Short) LL Blue', 3, '2022-04-27 07:05:35'),
(797, 131, 3, 34, 'ACMSMMBU', 300, 'Other Brands M-Pact Gloves (Short) MM Blue', 3, '2022-04-27 07:05:52'),
(798, 131, 2, 34, 'ACMSMMBL', 300, 'Other Brands M-Pact Gloves (Short) m Black', 3, '2022-04-27 07:07:18'),
(799, 131, 2, 35, 'ACMSLLBL', 300, 'Other Brands M-Pact Gloves (Short) LL Black', 3, '2022-04-27 07:08:04'),
(800, 131, 2, 36, 'ACMSXLBL', 300, 'Other Brands M-Pact Gloves (Short) XL Black', 3, '2022-04-27 07:08:22'),
(801, 132, 2, 36, 'ACMLXLBL', 300, 'Other Brands M-Pact Gloves (Long) XL Black', 3, '2022-04-27 07:09:09'),
(802, 132, 2, 35, 'ACMLLLBL', 300, 'Other Brands M-Pact Gloves (Long) LL Black', 3, '2022-04-27 07:09:27'),
(803, 132, 2, 34, 'ACMLMMBL', 300, 'Other Brands M-Pact Gloves (Long) MM Black', 3, '2022-04-27 07:09:45'),
(804, 132, 8, 35, 'ACMLLLGN', 300, 'Other Brands M-Pact Gloves (Long) LL Green', 3, '2022-04-27 07:10:15'),
(805, 132, 8, 36, 'ACMLXLGN', 300, 'Other Brands M-Pact Gloves (Long) XL Green', 3, '2022-04-27 07:11:03'),
(806, 132, 19, 34, 'ACMLMMRD', 300, 'Other Brands M-Pact Gloves (Long) MM Red', 3, '2022-04-27 07:13:38'),
(807, 132, 19, 35, 'ACMLLLRD', 300, 'Other Brands M-Pact Gloves (Long) LL Red', 3, '2022-04-27 07:13:57'),
(808, 132, 19, 36, 'ACMLXLRD', 300, 'Other Brands M-Pact Gloves (Long) XL Red', 3, '2022-04-27 07:14:21'),
(809, 133, 27, 70, 'ACREMIGL', 300, 'Other Brands Remixon Gloves NA N/A', 3, '2022-04-27 07:17:03'),
(810, 133, 27, 70, 'ACOTHEGL', 300, 'Other Brands Remixon Gloves NA N/A', 3, '2022-04-27 07:17:46'),
(811, 62, 2, 34, 'ACOSMMBL', 300, 'Other Brands Oakly Gloves (short) MM Black', 3, '2022-04-27 07:20:46'),
(812, 62, 2, 35, 'ACOSLLBL', 300, 'Other Brands Oakly Gloves (short) LL Black', 3, '2022-04-27 07:21:08'),
(813, 62, 2, 36, 'ACOSXLBL', 300, 'Other Brands Oakly Gloves (short) XL Black', 3, '2022-04-27 07:21:31'),
(814, 62, 8, 36, 'ACOSXLGN', 300, 'Other Brands Oakly Gloves (short) XL Green', 3, '2022-04-27 07:21:57'),
(815, 62, 8, 35, 'ACOSLLGN', 300, 'Other Brands Oakly Gloves (short) LL Green', 3, '2022-04-27 07:22:29'),
(816, 62, 8, 34, 'ACOSMMGN', 300, 'Other Brands Oakly Gloves (short) MM Green', 3, '2022-04-27 07:22:49'),
(817, 63, 8, 34, 'ACOLMMGN', 300, 'Other Brands Oakly Gloves (long) M Green', 3, '2022-04-27 07:23:26'),
(818, 63, 8, 35, 'ACOLLLGN', 300, 'Other Brands Oakly Gloves (long) LL Green', 3, '2022-04-27 07:23:46'),
(819, 63, 8, 36, 'ACOLXLGN', 300, 'Other Brands Oakly Gloves (long) XL Green', 3, '2022-04-27 07:24:13'),
(820, 63, 2, 36, 'ACOLXLBL', 300, 'Other Brands Oakly Gloves (long) XL Black', 3, '2022-04-27 07:24:42'),
(821, 63, 2, 35, 'ACOLLLBL', 300, 'Other Brands Oakly Gloves (long) LL Black', 3, '2022-04-27 07:24:55'),
(822, 63, 2, 34, 'ACOLMMBL', 300, 'Other Brands Oakly Gloves (long) MM Black', 3, '2022-04-27 07:25:15'),
(823, 136, 27, 70, 'AC511HBB', 300, '5.11 Hard Buckle NA N/A', 3, '2022-04-27 07:38:14'),
(824, 137, 27, 70, 'AC511TDB', 300, '5.11 TDU Belts N/A N/A', 3, '2022-04-27 07:39:12'),
(825, 138, 27, 70, 'ACTACTBT', 300, '511 Tactical Belt N/A N/A', 3, '2022-04-27 07:41:47'),
(826, 139, 27, 70, 'ACLEATBT', 300, '511 Leather Belts N/A N/A', 3, '2022-04-27 07:42:57'),
(827, 140, 27, 70, 'ACLUGGBT', 300, '511 Luggage Belts N/A N/A', 3, '2022-04-27 07:43:33'),
(828, 141, 27, 70, 'ACLUGGPD', 300, 'Other Brands Luggage Padlocks N/A N/A', 3, '2022-04-27 07:44:37'),
(829, 142, 27, 70, 'ACFLAGPC', 300, 'Other Brands Flag Patches N/A N/A', 3, '2022-04-27 07:46:07'),
(830, 143, 27, 70, 'ACFLAGSK', 300, 'Other Brands Flag Stickers N/A N/A', 3, '2022-04-27 07:46:38'),
(831, 61, 27, 70, 'HTSUCLNA', 300, 'Columbia Sun Hat N/A N/A', 3, '2022-04-27 07:55:07'),
(832, 64, 27, 70, 'HTSUNFNA', 300, 'North Face Sunhats N/A N/A', 3, '2022-04-27 07:56:07'),
(833, 65, 27, 70, 'HTSUTACT', 300, 'Other Brands Tactical Sunhats N/A N/A', 3, '2022-04-27 07:56:56'),
(834, 66, 27, 70, 'HTOBBACK', 300, 'Other Brands Bucket Hats N/A N/A', 3, '2022-04-27 07:58:13'),
(835, 67, 27, 70, 'HTOBNONB', 300, 'Other Brands Non Branded Hats N/A N/A', 3, '2022-04-27 07:58:43'),
(836, 145, 27, 70, 'ACSOCSSK', 300, 'CAT Socks (Short) N/A N/A', 3, '2022-04-27 08:00:35'),
(837, 144, 27, 70, 'ACSOCLSK', 300, 'CAT Socks (Long) N/A N/A', 3, '2022-04-27 08:01:47'),
(838, 146, 27, 70, 'AC511WAL', 300, '5.11 Wallets N/A N/A', 3, '2022-04-27 08:03:43'),
(839, 147, 27, 70, 'ACCATWAL', 300, 'CAT Wallets N/A N/A', 3, '2022-04-27 08:04:23'),
(840, 148, 27, 70, 'ACLEAWAL', 300, 'Other Brands Leather Wallets N/A N/A', 3, '2022-04-27 08:04:57'),
(841, 149, 27, 70, 'ACPSHDBG', 300, 'Other Brands Passport Holders (B) N/A N/A', 3, '2022-04-27 08:07:38'),
(842, 150, 27, 70, 'ACPSHDBL', 300, 'Other Brands Passport Holders (S) N/A N/A', 3, '2022-04-27 08:08:46'),
(843, 151, 27, 70, 'ACCATSUI', 300, 'CAT Suitcases N/A N/A', 3, '2022-04-27 08:10:18'),
(844, 152, 27, 70, 'ACPAJSUI', 300, 'Other Brands ParaJohn Suitcases N/A N/A', 3, '2022-04-27 08:11:07'),
(845, 153, 27, 70, 'ACPAJTOW', 300, 'Other Brands ParaJohn Towels NA N/A', 3, '2022-04-27 08:12:58'),
(846, 155, 27, 70, 'ACSHOELA', 300, 'Other Brands Shoe Lances N/A N/A', 3, '2022-04-27 08:14:55'),
(847, 156, 27, 70, 'AC511BTP', 300, '5.11 Bottle Pulch N/A N/A', 3, '2022-04-27 08:16:14'),
(848, 157, 27, 70, 'ACOTHBTP', 300, 'Other Brands Bottle Pulch N/A N/A', 3, '2022-04-27 08:17:39'),
(849, 158, 27, 70, 'ACCATCCM', 300, 'CAT Car Carger (Micro) N/A N/A', 3, '2022-04-27 08:20:27'),
(850, 159, 27, 70, 'ACCATPHO', 300, 'CAT Phone (B26) N/A N/A', 3, '2022-04-27 08:21:05'),
(851, 160, 27, 70, 'ACTCHSON', 300, 'Other Brands Sonada Torches N/A N/A', 3, '2022-04-27 08:24:58'),
(852, 161, 27, 70, 'ACTCHGHS', 300, 'Other Brands GHS Torches N/A N/A', 3, '2022-04-27 08:25:35'),
(853, 162, 27, 70, 'ACTCHPOL', 300, 'Other Brands Police Torches N/A N/A', 3, '2022-04-27 08:26:13'),
(854, 163, 27, 70, 'ACTCHOTH', 300, 'Other Brands Torches N/A N/A', 3, '2022-04-27 08:26:40'),
(855, 164, 27, 70, 'ACPBTHUR', 300, 'Other Brands Thuraya Power Banks NA N/A', 3, '2022-04-27 08:29:32'),
(856, 165, 27, 70, 'ACPBHUAW', 300, 'Other Brands Huawei N/A N/A', 3, '2022-04-27 08:30:01'),
(857, 167, 27, 70, 'ACPRCDWC', 300, 'Other Brands Paracode With Compass NA N/A', 3, '2022-04-27 08:33:05'),
(858, 168, 27, 70, 'ACPRCWOC', 300, 'Other Brands Paracode Without Compass N/A N/A', 3, '2022-04-27 08:33:31'),
(859, 169, 27, 70, 'ACWBAVEX', 300, 'Other Brands Avex Water Bottles N/A N/A', 3, '2022-04-27 08:35:41'),
(860, 170, 27, 70, 'ACWBREEB', 300, 'Other Brands Reebok Water Bottles N/A N/A', 3, '2022-04-27 08:36:18'),
(861, 171, 27, 70, 'ACWBOTHE', 300, 'Other Brands Other Water Bottles N/A N/A', 3, '2022-04-27 08:36:55'),
(862, 172, 27, 70, 'ACTFCSBG', 300, 'Other Brands Travel Flasks (B) N/A N/A', 3, '2022-04-27 08:40:48'),
(863, 173, 27, 70, 'ACTFCSSL', 300, 'Other Brands Travel Flasks (S) N/A N/A', 3, '2022-04-27 08:41:40'),
(864, 174, 27, 70, 'ACHLXBLA', 300, 'Other Brands X-Blaze Headlamps NA N/A', 3, '2022-04-27 08:43:42'),
(865, 175, 27, 70, 'ACHLFOCU', 300, 'Other Brands Focus Headlamps N/A N/A', 3, '2022-04-27 08:44:06'),
(866, 176, 27, 70, 'ACCATACH', 300, 'CAT ATM Card Holders N/A N/A', 3, '2022-04-27 09:03:48'),
(867, 177, 27, 70, 'ACIDHOLD', 300, 'Other Brands ID Holders N/A N/A', 3, '2022-04-27 09:04:25'),
(868, 178, 27, 70, 'ACCASHCR', 300, 'Other Brands Cash Carriers N/A N/A', 3, '2022-04-27 09:05:13'),
(869, 179, 27, 70, 'ACKEYHOL', 300, 'Other Brands Key Holders N/A N/A', 3, '2022-04-27 09:06:03'),
(870, 180, 27, 70, 'ACSWISSC', 300, 'Other Brands Swiss Card (Victorianox) N/A N/A', 3, '2022-04-27 09:06:43'),
(871, 181, 27, 70, 'ACSWISSK', 300, 'Other Brands Swiss Knife N/A N/A', 3, '2022-04-27 09:07:22'),
(872, 182, 27, 70, 'ACSWISST', 300, 'Other Brands Swiss Tool (victorinox) N/A N/A', 3, '2022-04-27 09:07:39'),
(873, 183, 27, 70, 'ACPICTOL', 300, 'Other Brands Picnic Tool (set) N/A N/A', 3, '2022-04-27 09:08:12'),
(874, 184, 27, 70, 'ACTRLSLP', 300, 'Other Brands Travel Selection Packs N/A N/A', 3, '2022-04-27 09:08:51'),
(875, 185, 27, 70, 'ACWEISCA', 300, 'Other Brands Weighing Scales N/A N/A', 3, '2022-04-27 09:09:21'),
(876, 186, 27, 70, 'ACGLSBRK', 300, 'Other Brands Glass Breaker N/A N/A', 3, '2022-04-27 09:10:05'),
(877, 187, 27, 70, 'ACSPTARB', 300, 'Other Brands Sports Arm Bands N/A N/A', 3, '2022-04-27 09:11:03'),
(878, 188, 27, 70, 'ACWRTBND', 300, 'Other Brands Wrist Bands N/A N/A', 3, '2022-04-27 09:11:47'),
(879, 189, 27, 70, 'ACYOGMAT', 300, 'Other Brands Yoga Mats N/A N/A', 3, '2022-04-27 09:12:20'),
(880, 190, 27, 70, 'ACPJNEPI', 300, 'Other Brands ParaJohn Neck Pillows N/A N/A', 3, '2022-04-27 09:13:02'),
(881, 191, 27, 70, 'ACOBNEPI', 300, 'Other Brands Other Neck Pillows N/A N/A', 3, '2022-04-27 09:13:28'),
(882, 249, 27, 70, 'ACWRTSBD', 300, 'Other Brands Wrist Support Bands NA N/A', 3, '2022-04-27 09:29:46'),
(883, 192, 27, 70, 'ACPUFLIN', 300, 'Other Brands Puflins Writ Support Band N/A N/A', 3, '2022-04-27 09:30:36'),
(884, 193, 27, 70, 'ACROPESS', 300, 'Other Brands Ropes Wrist Support Band N/A N/A', 3, '2022-04-27 09:31:27'),
(885, 194, 27, 70, 'ACGILLET', 300, 'Other Brands Gillete Wrist Support Band N/A N/A', 3, '2022-04-27 09:31:55'),
(886, 195, 27, 70, 'ACLEATMI', 300, 'Leatherman Leatherman Tool Micra N/A N/A', 3, '2022-04-27 09:32:26'),
(887, 196, 27, 70, 'ACCUTTER', 300, 'Other Brands Cutter N/A N/A', 3, '2022-04-27 09:32:56'),
(888, 197, 27, 70, 'ACWHISTL', 300, 'Other Brands Whistle N/A N/A', 3, '2022-04-27 09:33:24'),
(889, 198, 27, 70, 'ACPJCACO', 300, 'ParaJohn Case Covers N/A N/A', 3, '2022-04-27 09:34:19'),
(890, 199, 27, 70, 'ACGDCACO', 300, 'Other Brands Golden Dollar N/A N/A', 3, '2022-04-27 09:34:45'),
(891, 200, 27, 70, 'ACBSCACO', 300, 'Other Brands Bag Stoppers N/A N/A', 3, '2022-04-27 09:35:29'),
(892, 201, 27, 70, 'ACBPFRAN', 300, 'Other Brands Ranger Perfumes N/A N/A', 3, '2022-04-27 09:36:10'),
(893, 202, 27, 70, 'ACBPFDBC', 300, 'Other Brands Diesel Comourflage Pefumes N/A N/A', 3, '2022-04-27 09:37:15'),
(894, 205, 27, 70, 'ACPFDLGW', 300, 'Other Brands Golden Pefumes White N/A N/A', 3, '2022-04-27 09:39:58'),
(895, 204, 27, 70, 'ACPFDLGB', 300, 'Other Brands Golden Pefumes (B) N/A N/A', 3, '2022-04-27 09:41:09'),
(896, 203, 27, 70, 'ACPFDLGS', 300, 'Other Brands Golden Pefumes (S) N/A N/A', 3, '2022-04-27 09:41:29'),
(897, 206, 27, 70, 'ACWTNAFC', 300, 'Other Brands Naviforce Watches N/A N/A', 3, '2022-04-27 09:42:17'),
(898, 207, 27, 70, 'ACFLGUSA', 300, 'Other Brands USA Flags N/A N/A', 3, '2022-04-27 09:42:42'),
(899, 208, 27, 70, 'ACCAMPSW', 300, 'Other Brands Camp Shower N/A N/A', 3, '2022-04-27 09:43:14'),
(900, 209, 27, 70, 'ACCAMPTT', 300, 'Other Brands Camping Tents N/A N/A', 3, '2022-04-27 09:43:41'),
(901, 16, 4, 36, 'PTEDXLBR', 300, '511 ESDY Pants XL Brown', 3, '2022-05-04 02:38:55'),
(902, 16, 4, 37, 'PTED2XBR', 300, '511 ESDY Pants 2X Brown', 3, '2022-05-04 02:39:14'),
(903, 16, 4, 38, 'PTED3XBR', 300, '511 ESDY Pants 3X Brown', 3, '2022-05-04 02:39:21'),
(904, 16, 8, 38, 'PTED3XGN', 300, '511 ESDY Pants 3XL Green', 3, '2022-05-04 02:39:31'),
(905, 16, 8, 37, 'PTED2XGN', 300, '511 ESDY Pants 2X Green', 3, '2022-05-04 02:39:38'),
(906, 16, 8, 36, 'PTEDXLGN', 300, '511 ESDY Pants XL Green', 3, '2022-05-04 02:39:46'),
(907, 16, 9, 35, 'PTEDLLGY', 300, '511 ESDY Pants LL Grey', 3, '2022-05-04 02:40:03'),
(908, 16, 9, 38, 'PTED3XGY', 300, '511 ESDY Pants 3X Grey', 3, '2022-05-04 02:40:11'),
(909, 291, 27, 70, 'BPJHRK12', 300, 'Jack Wolfskin Jackwolfeskin Ham Rock 12 NA N/A', 3, '2022-05-04 06:26:10'),
(910, 292, 27, 70, 'ACPBOTHR', 300, 'Other Brands Other Powerbanks NA N/A', 3, '2022-05-04 06:29:31'),
(911, 22, 8, 36, 'SHNFXLGN', 300, 'North Face North Face Shorts XL Green', 3, '2022-05-04 06:31:43'),
(912, 22, 2, 33, 'SHNFSSBL', 300, 'North Face North Face Shorts SS Black', 3, '2022-05-04 06:32:07'),
(913, 22, 9, 33, 'SHNFSSGY', 300, 'North Face North Face Shorts S Grey', 3, '2022-05-04 06:32:22'),
(914, 263, 27, 33, 'TSRWNFSS', 300, 'North Face North Face Roundneck Women T-Shirts SS N/A', 3, '2022-05-04 06:37:53'),
(915, 263, 27, 34, 'TSRWNFMM', 300, 'North Face North Face Roundneck Women T-Shirts MM N/A', 3, '2022-05-04 06:38:24'),
(916, 263, 27, 35, 'TSRWNFLL', 300, 'North Face North Face Roundneck Women T-Shirts LL N/A', 3, '2022-05-04 06:38:36'),
(917, 263, 27, 36, 'TSRWNFXL', 300, 'North Face North Face Roundneck Women T-Shirts XL N/A', 3, '2022-05-04 06:38:49'),
(918, 263, 27, 37, 'TSRWNF2X', 300, 'North Face North Face Roundneck Women T-Shirts 2X N/A', 3, '2022-05-04 06:39:04'),
(919, 261, 27, 37, 'TSRMUA2X', 300, 'Under Armour Under Armour Roundneck T-Shirts 2XL N/A', 3, '2022-05-04 06:40:35'),
(920, 261, 27, 38, 'TSRMUA3X', 300, 'Under Armour Under Armour Roundneck T-Shirts 3X N/A', 3, '2022-05-04 06:40:49'),
(921, 261, 27, 36, 'TSRMUAXL', 300, 'Under Armour Under Armour Roundneck T-Shirts XL N/A', 3, '2022-05-04 06:41:27'),
(922, 261, 27, 35, 'TSRMUALL', 300, 'Under Armour Under Armour Roundneck T-Shirts LL N/A', 3, '2022-05-04 06:42:00'),
(923, 261, 27, 34, 'TSRMUAMM', 300, 'Under Armour Under Armour Roundneck T-Shirts MM N/A', 3, '2022-05-04 06:42:21'),
(924, 261, 27, 34, 'TSRMUAMM', 300, 'Under Armour Under Armour Roundneck T-Shirts MM N/A', 3, '2022-05-04 06:42:21'),
(925, 293, 27, 33, 'TSRWNKSS', 300, 'Nike Nike Women Roundneck T-Shirts NA N/A', 3, '2022-05-04 06:46:41'),
(926, 293, 27, 34, 'TSRWNKMM', 300, 'Nike Nike Women Roundneck T-Shirts MM N/A', 3, '2022-05-04 06:47:18'),
(927, 293, 27, 35, 'TSRWNKLL', 300, 'Nike Nike Women Roundneck T-Shirts LL N/A', 3, '2022-05-04 06:47:31'),
(928, 293, 27, 36, 'TSRWNKXL', 300, 'Nike Nike Women Roundneck T-Shirts XL N/A', 3, '2022-05-04 06:47:52'),
(929, 293, 27, 37, 'TSRWNK2X', 300, 'Nike Nike Women Roundneck T-Shirts 2X N/A', 3, '2022-05-04 06:48:11'),
(930, 293, 27, 37, 'TSRWNK3X', 300, 'Nike Nike Women Roundneck T-Shirts 2X N/A', 3, '2022-05-04 06:48:26'),
(931, 293, 27, 37, 'TSRWNK3X', 300, 'Nike Nike Women Roundneck T-Shirts 2X N/A', 3, '2022-05-04 06:48:26'),
(932, 294, 27, 33, 'TSRWCLSS', 300, 'Columbia Columbia Women Roundneck T-Shirts SS N/A', 3, '2022-05-04 06:50:49'),
(933, 294, 27, 34, 'TSRWCLMM', 300, 'Columbia Columbia Women Roundneck T-Shirts MM N/A', 3, '2022-05-04 06:51:02'),
(934, 294, 27, 36, 'TSRWCLXL', 300, 'Columbia Columbia Women Roundneck T-Shirts XL N/A', 3, '2022-05-04 06:51:25'),
(935, 294, 27, 37, 'TSRWCL2X', 300, 'Columbia Columbia Women Roundneck T-Shirts 2X N/A', 3, '2022-05-04 06:51:52'),
(936, 264, 27, 37, 'TSRWUA2X', 300, 'Under Amour Roundneck Women T-Shirts 2XL N/A', 3, '2022-05-04 06:53:46'),
(937, 264, 27, 36, 'TSRWUAXL', 300, 'Under Amour Roundneck Women T-Shirts XL N/A', 3, '2022-05-04 06:53:59'),
(938, 264, 27, 35, 'TSRWUALL', 300, 'Under Amour Roundneck Women T-Shirts LL N/A', 3, '2022-05-04 06:54:08'),
(939, 264, 27, 33, 'TSRWUASS', 300, 'Under Amour Roundneck Women T-Shirts SS N/A', 3, '2022-05-04 06:55:22'),
(940, 264, 27, 34, 'TSRWUAMM', 300, 'Under Amour Roundneck Women T-Shirts MM N/A', 3, '2022-05-04 06:55:41'),
(941, 19, 3, 35, 'SHUALLBU', 300, 'Under Armour Under Armour Soft Shorts L Blue', 3, '2022-05-04 07:00:17'),
(942, 19, 2, 35, 'SHSULLBL', 300, 'Under Armour Under Armour Soft Shorts L Black', 3, '2022-05-04 07:03:58'),
(943, 2, 10, 3, 'PTTD30KH', 300, '511 5.11 TDU Pants 30 Kakhi', 3, '2022-05-04 07:06:37'),
(944, 5, 26, 15, 'PTTM42CY', 300, '511 Taclite Pro Pants 42 Coyote', 3, '2022-05-04 07:08:20'),
(945, 75, 3, 7, 'PTGN34BU', 300, 'Other Brands Jean Pants 34 Blue', 3, '2022-05-04 07:13:57'),
(946, 296, 27, 70, 'ASPDNANA', 300, 'Other Brands Asorted Product N/A N/A', 3, '2022-05-04 07:25:01'),
(947, 298, 10, 36, 'STCSXLKH', 300, 'Other Brands Tactical Shirt Short  XL Kakhi', 3, '2022-05-04 07:32:08'),
(948, 298, 8, 35, 'STTSLLGN', 300, 'Other Brands Tactical Shirt Short  LL Green', 3, '2022-05-04 07:36:56'),
(949, 298, 8, 37, 'STTS2XGN', 300, 'Other Brands Tactical Shirt Short  2X Green', 3, '2022-05-04 07:37:11'),
(950, 298, 8, 36, 'STTSXLGN', 300, 'Other Brands Tactical Shirt Short  XL Green', 3, '2022-05-04 07:37:26'),
(951, 298, 10, 33, 'STTSSSKH', 300, 'Other Brands Tactical Shirt Short  SS Kakhi', 3, '2022-05-04 07:38:50'),
(952, 298, 10, 34, 'STTSMMKH', 300, 'Other Brands Tactical Shirt Short  MM Kakhi', 3, '2022-05-04 07:39:00'),
(953, 298, 10, 35, 'STTSLLKH', 300, 'Other Brands Tactical Shirt Short  LL Kakhi', 3, '2022-05-04 07:39:07'),
(954, 298, 10, 36, 'STTSXLKH', 300, 'Other Brands Tactical Shirt Short  XL Kakhi', 3, '2022-05-04 07:39:16'),
(955, 298, 10, 37, 'STTS2XKH', 300, 'Other Brands Tactical Shirt Short  2X Kakhi', 3, '2022-05-04 07:39:29'),
(956, 298, 10, 38, 'STTS3XKH', 300, 'Other Brands Tactical Shirt Short  3X Kakhi', 3, '2022-05-04 07:39:36'),
(957, 26, 2, 9, 'SHST36BL', 300, '511 Stryke Shorts 36 Black', 3, '2022-05-04 07:46:16'),
(958, 20, 8, 5, 'SHCU32GN', 300, 'Under Armour Under Armour Casual Shorts 32 Green', 3, '2022-05-04 08:06:19'),
(959, 301, 27, 33, 'TSPWNKSS', 300, 'Nike Nike Women Shortsleeved Polos S N/A', 3, '2022-05-04 10:34:43'),
(960, 301, 27, 34, 'TSPWNKMM', 300, 'Nike Nike Women Shortsleeved Polos M N/A', 3, '2022-05-04 10:35:50'),
(961, 301, 27, 35, 'TSPWNKLL', 300, 'Nike Nike Women Shortsleeved Polos L N/A', 3, '2022-05-04 10:36:06'),
(962, 301, 27, 36, 'TSPWNKXL', 300, 'Nike Nike Women Shortsleeved Polos XL N/A', 3, '2022-05-04 10:38:01'),
(963, 301, 27, 37, 'TSPWNK2X', 300, 'Nike Nike Women Shortsleeved Polos 2XL N/A', 3, '2022-05-04 10:38:18'),
(964, 301, 27, 38, 'TSPWNK3X', 300, 'Nike Nike Women Shortsleeved Polos 3XL N/A', 3, '2022-05-04 10:38:49'),
(965, 75, 3, 6, 'PTGN33BU', 300, 'Other Brands Jean Pants 33 Blue', 3, '2022-05-04 10:48:14'),
(966, 75, 3, 10, 'PTGN38BU', 300, 'Other Brands Jean Pants 38 Blue', 3, '2022-05-04 10:48:33'),
(967, 75, 2, 11, 'PTGN40BL', 300, 'Other Brands Jean Pants 40 Black', 3, '2022-05-04 10:49:50'),
(968, 75, 2, 10, 'PTGN38BL', 300, 'Other Brands Jean Pants 38 Black', 3, '2022-05-04 10:50:26'),
(969, 75, 2, 6, 'PTGN33BL', 300, 'Other Brands Jean Pants 33 Black', 3, '2022-05-04 10:50:59'),
(970, 60, 27, 33, 'TSRMNKSS', 300, 'Nike Nike Roundneck T-Shirts SS N/A', 3, '2022-05-04 10:55:48'),
(971, 60, 27, 33, 'TSRMNKSS', 300, 'Nike Nike Roundneck T-Shirts undefined N/A', 3, '2022-05-04 10:58:59'),
(972, 60, 27, 34, 'TSRMNKMM', 300, 'Nike Nike Roundneck T-Shirts MM N/A', 3, '2022-05-04 10:59:15'),
(973, 60, 27, 35, 'TSRMNKLL', 300, 'Nike Nike Roundneck T-Shirts LL N/A', 3, '2022-05-04 10:59:33'),
(974, 60, 27, 36, 'TSRMNKXL', 300, 'Nike Nike Roundneck T-Shirts XL N/A', 3, '2022-05-04 10:59:53'),
(975, 60, 27, 37, 'TSRMNK2X', 300, 'Nike Nike Roundneck T-Shirts 2X N/A', 3, '2022-05-04 11:00:16'),
(976, 60, 27, 38, 'TSRMNK3X', 300, 'Nike Nike Roundneck T-Shirts 3X N/A', 3, '2022-05-04 11:00:35'),
(977, 303, 27, 33, 'TSPWUASS', 300, 'Under Armour Under Amour Polo Women T-Shirts SS N/A', 3, '2022-05-04 11:15:50'),
(978, 303, 27, 34, 'TSPWUAMM', 300, 'Under Armour Under Amour Polo Women T-Shirts MM N/A', 3, '2022-05-04 11:16:06'),
(979, 303, 27, 35, 'TSPWUALL', 300, 'Under Armour Under Amour Polo Women T-Shirts LL N/A', 3, '2022-05-04 11:16:30'),
(980, 303, 27, 36, 'TSPWUAXL', 300, 'Under Armour Under Amour Polo Women T-Shirts XL N/A', 3, '2022-05-04 11:16:50'),
(981, 303, 27, 37, 'TSPWUA2X', 300, 'Under Armour Under Amour Polo Women T-Shirts 2X N/A', 3, '2022-05-04 11:17:10'),
(982, 294, 27, 37, 'TSPWCL2X', 300, 'Columbia Columbia Women Roundneck T-Shirts 2XL N/A', 3, '2022-05-04 11:19:32'),
(983, 294, 27, 36, 'TSPWCLXL', 300, 'Columbia Columbia Women Roundneck T-Shirts XL N/A', 3, '2022-05-04 11:19:58'),
(984, 294, 27, 35, 'TSPWCLLL', 300, 'Columbia Columbia Women Roundneck T-Shirts LL N/A', 3, '2022-05-04 11:20:37'),
(985, 294, 27, 34, 'TSPWCLMM', 300, 'Columbia Columbia Women Roundneck T-Shirts MM N/A', 3, '2022-05-04 11:20:53'),
(986, 294, 27, 33, 'TSPWCLSS', 300, 'Columbia Columbia Women Roundneck T-Shirts SS N/A', 3, '2022-05-04 11:21:11');
INSERT INTO `warehouseInventory_tb` (`inventory_id`, `product_id`, `colour_id`, `size_id`, `code`, `quantity`, `description`, `status_id`, `date`) VALUES
(987, 294, 27, 39, 'TSPWCL4X', 300, 'Columbia Columbia Women Roundneck T-Shirts 4X N/A', 3, '2022-05-04 11:21:43'),
(988, 294, 27, 38, 'TSPWCL3X', 300, 'Columbia Columbia Women Roundneck T-Shirts 3X N/A', 3, '2022-05-04 11:22:02'),
(989, 259, 27, 33, 'TLRMNFSS', 300, 'North Face North Face Roundneck T-Shirts SS N/A', 3, '2022-05-05 01:51:53'),
(990, 259, 27, 34, 'TLRMNFMM', 300, 'North Face North Face Roundneck T-Shirts MM N/A', 3, '2022-05-05 01:52:23'),
(991, 259, 27, 35, 'TLRMNFLL', 300, 'North Face North Face Roundneck T-Shirts LL N/A', 3, '2022-05-05 01:52:49'),
(992, 259, 27, 36, 'TLRMNFXL', 300, 'North Face North Face Roundneck T-Shirts XL N/A', 3, '2022-05-05 01:53:09'),
(993, 259, 27, 37, 'TLRMNF2X', 300, 'North Face North Face Roundneck T-Shirts 2X N/A', 3, '2022-05-05 01:53:25'),
(994, 259, 27, 38, 'TLRMNF3X', 300, 'North Face North Face Roundneck T-Shirts 3X N/A', 3, '2022-05-05 01:53:38'),
(995, 259, 27, 39, 'TLRMNF4X', 300, 'North Face North Face Roundneck T-Shirts 4X N/A', 3, '2022-05-05 01:53:59'),
(996, 253, 27, 39, 'TSPMNF4X', 300, 'North Face North Face Shortsleeved Polos 4XL N/A', 3, '2022-05-05 01:54:47'),
(997, 253, 27, 38, 'TSPMNF3X', 300, 'North Face North Face Shortsleeved Polos 3X N/A', 3, '2022-05-05 01:55:01'),
(998, 253, 27, 37, 'TSPMNF2X', 300, 'North Face North Face Shortsleeved Polos 2X N/A', 3, '2022-05-05 01:55:17'),
(999, 253, 27, 36, 'TSPMNFXL', 300, 'North Face North Face Shortsleeved Polos XL N/A', 3, '2022-05-05 01:55:33'),
(1000, 253, 27, 35, 'TSPMNFLL', 300, 'North Face North Face Shortsleeved Polos LL N/A', 3, '2022-05-05 01:55:47'),
(1001, 253, 27, 34, 'TSPMNFMM', 300, 'North Face North Face Shortsleeved Polos MM N/A', 3, '2022-05-05 01:56:00'),
(1002, 253, 27, 33, 'TSPMNFSS', 300, 'North Face North Face Shortsleeved Polos SS N/A', 3, '2022-05-05 01:56:16'),
(1003, 261, 27, 33, 'TSRMUASS', 300, 'Under Armour Under Armour Roundneck T-Shirts S N/A', 3, '2022-05-05 01:57:05'),
(1004, 261, 27, 34, 'TSRMUAMM', 300, 'Under Armour Under Armour Roundneck T-Shirts MM N/A', 3, '2022-05-05 01:58:44'),
(1005, 261, 27, 35, 'TSRMUALL', 300, 'Under Armour Under Armour Roundneck T-Shirts LL N/A', 3, '2022-05-05 01:59:08'),
(1006, 261, 27, 39, 'TSRMUA4X', 300, 'Under Armour Under Armour Roundneck T-Shirts 4X N/A', 3, '2022-05-05 02:07:20'),
(1007, 306, 27, 33, 'TSPMUASS', 300, 'Under Armour Under Armour Shortsleeve Polos SS N/A', 3, '2022-05-05 02:16:10'),
(1008, 306, 27, 34, 'TSPMUAMM', 300, 'Under Armour Under Armour Shortsleeve Polos MM N/A', 3, '2022-05-05 02:16:36'),
(1009, 306, 27, 35, 'TSPMUALL', 300, 'Under Armour Under Armour Shortsleeve Polos LL N/A', 3, '2022-05-05 02:16:49'),
(1010, 306, 27, 36, 'TSPMUAXL', 300, 'Under Armour Under Armour Shortsleeve Polos XL N/A', 3, '2022-05-05 02:17:04'),
(1011, 306, 27, 37, 'TSPMUA2X', 300, 'Under Armour Under Armour Shortsleeve Polos 2X N/A', 3, '2022-05-05 02:17:26'),
(1012, 306, 27, 38, 'TSPMUA3X', 300, 'Under Armour Under Armour Shortsleeve Polos 3X N/A', 3, '2022-05-05 02:17:42'),
(1013, 306, 27, 39, 'TSPMUA4X', 300, 'Under Armour Under Armour Shortsleeve Polos 4X N/A', 3, '2022-05-05 02:17:58'),
(1014, 307, 27, 33, 'TSUSAPSS', 300, 'Other Brands Apollo Undershirt SS N/A', 3, '2022-05-05 02:24:43'),
(1015, 307, 27, 34, 'TSUSAPMM', 300, 'Other Brands Apollo Undershirt MM N/A', 3, '2022-05-05 02:25:04'),
(1016, 307, 27, 35, 'TSUSAPLL', 300, 'Other Brands Apollo Undershirt LL N/A', 3, '2022-05-05 02:25:18'),
(1017, 307, 27, 36, 'TSUSAPXL', 300, 'Other Brands Apollo Undershirt XL N/A', 3, '2022-05-05 02:25:32'),
(1018, 307, 27, 37, 'TSUSAP2X', 300, 'Other Brands Apollo Undershirt 2X N/A', 3, '2022-05-05 02:25:54'),
(1019, 307, 27, 38, 'TSUSAP3X', 300, 'Other Brands Apollo Undershirt 3X N/A', 3, '2022-05-05 02:26:06'),
(1020, 307, 27, 39, 'TSUSAP4X', 300, 'Other Brands Apollo Undershirt 4X N/A', 3, '2022-05-05 02:26:20'),
(1021, 309, 27, 33, 'TSRMADSS', 300, 'Addidas Adidas T-Shirts SS N/A', 3, '2022-05-05 02:28:33'),
(1022, 309, 27, 34, 'TSRMADMM', 300, 'Addidas Adidas T-Shirts MM N/A', 3, '2022-05-05 02:28:49'),
(1023, 309, 27, 35, 'TSRMADLL', 300, 'Addidas Adidas T-Shirts LL N/A', 3, '2022-05-05 02:29:01'),
(1024, 309, 27, 36, 'TSRMADXL', 300, 'Addidas Adidas T-Shirts XL N/A', 3, '2022-05-05 02:29:21'),
(1025, 309, 27, 37, 'TSRMAD2X', 300, 'Addidas Adidas T-Shirts 2X N/A', 3, '2022-05-05 02:29:34'),
(1026, 309, 27, 38, 'TSRMAD3X', 300, 'Addidas Adidas T-Shirts 3X N/A', 3, '2022-05-05 02:29:47'),
(1027, 309, 27, 39, 'TSRMAD4X', 300, 'Addidas Adidas T-Shirts 4X N/A', 3, '2022-05-05 02:30:04'),
(1028, 60, 27, 39, 'TSRMNK4X', 300, 'Nike Nike Roundneck T-Shirts 4XL N/A', 3, '2022-05-05 02:36:03'),
(1029, 257, 27, 39, 'TSPMNK4X', 300, 'Nike Nike Men  Shortsleeved Polos 4X N/A', 3, '2022-05-05 02:43:42'),
(1030, 257, 27, 38, 'TSPMNK3X', 300, 'Nike Nike Men  Shortsleeved Polos 3X N/A', 3, '2022-05-05 02:44:48'),
(1031, 257, 27, 36, 'TSPMNKXL', 300, 'Nike Nike Men  Shortsleeved Polos XL N/A', 3, '2022-05-05 02:46:17'),
(1032, 257, 27, 34, 'TSPMNKMM', 300, 'Nike Nike Men  Shortsleeved Polos MM N/A', 3, '2022-05-05 02:48:06'),
(1033, 257, 27, 35, 'TSPMNKLL', 300, 'Nike Nike Men  Shortsleeved Polos LL N/A', 3, '2022-05-05 02:48:48'),
(1034, 257, 27, 33, 'TSPMNKSS', 300, 'Nike Nike Men  Shortsleeved Polos SS N/A', 3, '2022-05-05 02:49:35'),
(1035, 310, 27, 33, 'TSPMAPSS', 300, 'Other Brands Apollo Roundneck T-Shirts SS N/A', 3, '2022-05-05 02:52:56'),
(1036, 310, 27, 34, 'TSPMAPMM', 300, 'Other Brands Apollo Roundneck T-Shirts MM N/A', 3, '2022-05-05 02:53:15'),
(1037, 310, 27, 35, 'TSPMAPLL', 300, 'Other Brands Apollo Roundneck T-Shirts LL N/A', 3, '2022-05-05 02:53:30'),
(1038, 310, 27, 36, 'TSPMAPXL', 300, 'Other Brands Apollo Roundneck T-Shirts XL N/A', 3, '2022-05-05 02:53:51'),
(1039, 310, 27, 37, 'TSPMAP2X', 300, 'Other Brands Apollo Roundneck T-Shirts 2X N/A', 3, '2022-05-05 02:54:06'),
(1040, 310, 27, 38, 'TSPMAP3X', 300, 'Other Brands Apollo Roundneck T-Shirts 3X N/A', 3, '2022-05-05 02:54:25'),
(1041, 310, 27, 39, 'TSPMAP4X', 300, 'Other Brands Apollo Roundneck T-Shirts 4X N/A', 3, '2022-05-05 02:54:40'),
(1042, 52, 27, 39, 'TSRMCL4X', 300, 'Columbia Columbia Roundneck T-Shirts 4XL N/A', 3, '2022-05-05 02:56:02'),
(1043, 52, 27, 38, 'TSRMCL3X', 300, 'Columbia Columbia Roundneck T-Shirts 3X N/A', 3, '2022-05-05 02:56:56'),
(1044, 52, 27, 37, 'TSRMCL2X', 300, 'Columbia Columbia Roundneck T-Shirts 2X N/A', 3, '2022-05-05 02:57:14'),
(1045, 52, 27, 36, 'TSRMCLXL', 300, 'Columbia Columbia Roundneck T-Shirts XL N/A', 3, '2022-05-05 02:57:34'),
(1046, 52, 27, 35, 'TSRMCLLL', 300, 'Columbia Columbia Roundneck T-Shirts LL N/A', 3, '2022-05-05 02:57:50'),
(1047, 52, 27, 34, 'TSRMCLMM', 300, 'Columbia Columbia Roundneck T-Shirts MM N/A', 3, '2022-05-05 02:58:11'),
(1048, 52, 27, 33, 'TSRMCLSS', 300, 'Columbia Columbia Roundneck T-Shirts SS N/A', 3, '2022-05-05 02:58:32'),
(1049, 311, 27, 39, 'TSPMCL4X', 300, 'Columbia Columbia Polo T-Shirts 4X N/A', 3, '2022-05-05 03:00:57'),
(1050, 311, 27, 38, 'TSPMCL3X', 300, 'Columbia Columbia Polo T-Shirts 3X N/A', 3, '2022-05-05 03:01:23'),
(1051, 311, 27, 37, 'TSPMCL2X', 300, 'Columbia Columbia Polo T-Shirts 2X N/A', 3, '2022-05-05 03:09:16'),
(1052, 311, 27, 36, 'TSPMCLXL', 300, 'Columbia Columbia Polo T-Shirts XL N/A', 3, '2022-05-05 03:09:35'),
(1053, 311, 27, 35, 'TSPMCLLL', 300, 'Columbia Columbia Polo T-Shirts LL N/A', 3, '2022-05-05 03:09:53'),
(1054, 311, 27, 34, 'TSPMCLMM', 300, 'Columbia Columbia Polo T-Shirts MM N/A', 3, '2022-05-05 03:10:14'),
(1055, 311, 27, 33, 'TSPMCLSS', 300, 'Columbia Columbia Polo T-Shirts SS N/A', 3, '2022-05-05 03:10:33'),
(1056, 255, 27, 33, 'TSPM51SS', 300, '511 5.11 Shortsleeved Polos S N/A', 3, '2022-05-05 03:11:36'),
(1057, 255, 27, 34, 'TSPM51MM', 300, '511 5.11 Shortsleeved Polos MM N/A', 3, '2022-05-05 03:11:54'),
(1058, 255, 27, 35, 'TSPM51LL', 300, '511 5.11 Shortsleeved Polos LL N/A', 3, '2022-05-05 03:12:10'),
(1059, 255, 27, 36, 'TSPM51XL', 300, '511 5.11 Shortsleeved Polos XL N/A', 3, '2022-05-05 03:12:27'),
(1060, 255, 27, 37, 'TSPM512X', 300, '511 5.11 Shortsleeved Polos 2X N/A', 3, '2022-05-05 03:12:45'),
(1061, 255, 27, 38, 'TSPM513X', 300, '511 5.11 Shortsleeved Polos 3X N/A', 3, '2022-05-05 03:13:08'),
(1062, 255, 27, 39, 'TSPM514X', 300, '511 5.11 Shortsleeved Polos 4X N/A', 3, '2022-05-05 03:13:29'),
(1063, 260, 27, 39, 'TSRM514X', 300, '511 5.11 Roundneck T-Shirts 4XL N/A', 3, '2022-05-05 03:14:21'),
(1064, 260, 27, 38, 'TSRM513X', 300, '511 5.11 Roundneck T-Shirts XL N/A', 3, '2022-05-05 03:14:44'),
(1065, 260, 27, 37, 'TSRM512X', 300, '511 5.11 Roundneck T-Shirts 2X N/A', 3, '2022-05-05 03:15:03'),
(1066, 260, 27, 36, 'TSRM51XL', 300, '511 5.11 Roundneck T-Shirts XL N/A', 3, '2022-05-05 03:15:22'),
(1067, 260, 27, 35, 'TSRM51LL', 300, '511 5.11 Roundneck T-Shirts LL N/A', 3, '2022-05-05 03:15:47'),
(1068, 312, 27, 33, 'TSPMFJSS', 300, 'Other Brands F.J Polo T-Shirts SS N/A', 3, '2022-05-05 03:18:01'),
(1069, 312, 27, 34, 'TSPMFJMM', 300, 'Other Brands F.J Polo T-Shirts MM N/A', 3, '2022-05-05 03:18:44'),
(1070, 260, 27, 34, 'TSRM51MM', 300, '511 5.11 Roundneck T-Shirts MM N/A', 3, '2022-05-05 03:19:56'),
(1071, 260, 27, 33, 'TSRM51SS', 300, '511 5.11 Roundneck T-Shirts SS N/A', 3, '2022-05-05 03:20:09'),
(1072, 312, 27, 35, 'TSPMFJLL', 300, 'Other Brands F.J Polo T-Shirts LL N/A', 3, '2022-05-05 03:20:31'),
(1073, 312, 27, 36, 'TSPMFJXL', 300, 'Other Brands F.J Polo T-Shirts XL N/A', 3, '2022-05-05 03:20:50'),
(1074, 312, 27, 37, 'TSPMFJ2X', 300, 'Other Brands F.J Polo T-Shirts 2X N/A', 3, '2022-05-05 03:21:19'),
(1075, 312, 27, 38, 'TSPMFJ3X', 300, 'Other Brands F.J Polo T-Shirts 3X N/A', 3, '2022-05-05 03:22:09'),
(1076, 312, 27, 39, 'TSPMFJ4X', 300, 'Other Brands F.J Polo T-Shirts 4X N/A', 3, '2022-05-05 03:22:36'),
(1077, 313, 27, 33, 'TSPMLTSS', 300, 'Other Brands Lacoste Polos T-Shirts SS N/A', 3, '2022-05-05 03:25:43'),
(1078, 313, 27, 34, 'TSPMLTMM', 300, 'Other Brands Lacoste Polos T-Shirts MM N/A', 3, '2022-05-05 03:25:56'),
(1079, 313, 27, 38, 'TSPMLT3X', 300, 'Other Brands Lacoste Polos T-Shirts 3X N/A', 3, '2022-05-05 03:26:13'),
(1080, 303, 27, 36, 'TSPWLTXL', 300, 'Under Armour Under Amour Polo Women T-Shirts XL N/A', 3, '2022-05-05 03:28:22'),
(1081, 264, 27, 38, 'TSRWUA3X', 300, 'Under Amour Roundneck Women T-Shirts 3X N/A', 3, '2022-05-05 03:34:02'),
(1082, 285, 27, 33, 'TSPMUALS', 300, 'Under Armour Under Armour Longsleeve Polos SS N/A', 3, '2022-05-05 03:38:31'),
(1083, 285, 27, 34, 'TSPMUALM', 300, 'Under Armour Under Armour Longsleeve Polos MM N/A', 3, '2022-05-05 03:39:05'),
(1084, 285, 27, 35, 'TSPLMUAL', 300, 'Under Armour Under Armour Longsleeve Polos LL N/A', 3, '2022-05-05 03:39:57'),
(1085, 285, 27, 36, 'TSPLUAXL', 300, 'Under Armour Under Armour Longsleeve Polos XL N/A', 3, '2022-05-05 03:40:31'),
(1086, 285, 27, 36, 'TSPLUA2L', 300, 'Under Armour Under Armour Longsleeve Polos XL N/A', 3, '2022-05-05 03:40:57'),
(1087, 285, 27, 38, 'TSPLUA3X', 300, 'Under Armour Under Armour Longsleeve Polos 3X N/A', 3, '2022-05-05 03:41:28'),
(1088, 285, 27, 39, 'TSPLUA4X', 300, 'Under Armour Under Armour Longsleeve Polos 4X N/A', 3, '2022-05-05 03:41:43'),
(1089, 263, 27, 39, 'TSRWNF4X', 300, 'North Face North Face Roundneck Women T-Shirts 4XL N/A', 3, '2022-05-05 03:45:07'),
(1090, 263, 27, 38, 'TSRWNF3X', 300, 'North Face North Face Roundneck Women T-Shirts 3X N/A', 3, '2022-05-05 03:45:26'),
(1091, 251, 27, 38, 'TSRWCL3X', 300, 'Columbia   Colombia Shortsleeved Polos 3XL N/A', 3, '2022-05-05 03:46:35'),
(1092, 314, 27, 33, 'VTUASSNA', 300, 'Under Armour Under Armour  Vest SS N/A', 3, '2022-05-05 03:53:20'),
(1093, 314, 27, 34, 'VTUAMMNA', 300, 'Under Armour Under Armour  Vest MM N/A', 3, '2022-05-05 03:53:42'),
(1094, 314, 27, 35, 'VTUALLNA', 300, 'Under Armour Under Armour  Vest LL N/A', 3, '2022-05-05 03:54:06'),
(1095, 314, 27, 36, 'VTUAXLNA', 300, 'Under Armour Under Armour  Vest XL N/A', 3, '2022-05-05 03:54:18'),
(1096, 314, 27, 37, 'VTUA2XNA', 300, 'Under Armour Under Armour  Vest 2X N/A', 3, '2022-05-05 03:54:28'),
(1097, 314, 27, 38, 'VTUA3XNA', 300, 'Under Armour Under Armour  Vest 3X N/A', 3, '2022-05-05 03:54:43'),
(1098, 314, 27, 39, 'VTUA4XNA', 300, 'Under Armour Under Armour  Vest 4X N/A', 3, '2022-05-05 03:54:56'),
(1099, 262, 27, 39, 'VT514XNA', 300, '511 5.11 Vests 4XL N/A', 3, '2022-05-05 03:55:49'),
(1100, 262, 27, 38, 'VT513XNA', 300, '511 5.11 Vests 3X N/A', 3, '2022-05-05 03:55:59'),
(1101, 262, 27, 37, 'VT512XNA', 300, '511 5.11 Vests 2X N/A', 3, '2022-05-05 03:56:17'),
(1102, 262, 27, 36, 'VT51XLNA', 300, '511 5.11 Vests XL N/A', 3, '2022-05-05 03:56:25'),
(1103, 262, 27, 35, 'VT51LLNA', 300, '511 5.11 Vests LL N/A', 3, '2022-05-05 03:56:35'),
(1104, 262, 27, 34, 'VT51MMNA', 300, '511 5.11 Vests MM N/A', 3, '2022-05-05 03:56:49'),
(1105, 262, 27, 33, 'VT51SSNA', 300, '511 5.11 Vests SS N/A', 3, '2022-05-05 03:57:00'),
(1106, 284, 22, 34, 'SCWSMMSB', 300, 'Columbia Columbia Women Shirts Short MM Sky Blue', 3, '2022-05-05 04:03:16'),
(1107, 284, 22, 35, 'SCWSLLSB', 300, 'Columbia Columbia Women Shirts Short LL Sky Blue', 3, '2022-05-05 04:03:41'),
(1108, 284, 23, 35, 'SCWSLLWH', 300, 'Columbia Columbia Women Shirts Short L White', 3, '2022-05-05 04:04:09'),
(1109, 284, 23, 36, 'SCWSXLWH', 300, 'Columbia Columbia Women Shirts Short XL White', 3, '2022-05-05 04:04:25'),
(1110, 284, 10, 35, 'SCWSLLKH', 300, 'Columbia Columbia Women Shirts Short LL Kakhi', 3, '2022-05-05 04:04:51'),
(1111, 284, 10, 34, 'SCWSMMKH', 300, 'Columbia Columbia Women Shirts Short MM Kakhi', 3, '2022-05-05 04:05:08'),
(1112, 284, 10, 33, 'SCWSSSKH', 300, 'Columbia Columbia Women Shirts Short SS Kakhi', 3, '2022-05-05 04:05:21'),
(1113, 284, 8, 34, 'SCWSMMGN', 300, 'Columbia Columbia Women Shirts Short MM Green', 3, '2022-05-05 04:05:56'),
(1114, 284, 8, 35, 'SCWSLLGN', 300, 'Columbia Columbia Women Shirts Short LL Green', 3, '2022-05-05 04:06:09'),
(1115, 284, 4, 35, 'SCWSLLBR', 300, 'Columbia Columbia Women Shirts Short L Brown', 3, '2022-05-05 04:06:31'),
(1116, 284, 15, 35, 'SCWSLLOR', 300, 'Columbia Columbia Women Shirts Short L Orange', 3, '2022-05-05 04:06:52'),
(1117, 284, 15, 34, 'SCWSMMOR', 300, 'Columbia Columbia Women Shirts Short MM Orange', 3, '2022-05-05 04:07:04'),
(1118, 315, 13, 35, 'S5WLLLNY', 300, '511 5.11 Women Shirts LL Navy', 3, '2022-05-05 04:10:10'),
(1119, 283, 23, 35, 'SCWLLLWH', 300, 'Columbia Columbia Women Shirts Long LL White', 3, '2022-05-05 04:18:59'),
(1120, 283, 23, 33, 'SCWLSSWH', 300, 'Columbia Columbia Women Shirts Long SS White', 3, '2022-05-05 04:19:30'),
(1121, 283, 16, 33, 'SCWLSSPK', 300, 'Columbia Columbia Women Shirts Long S Pink', 3, '2022-05-05 04:19:43'),
(1122, 283, 16, 34, 'SCWLMMPK', 300, 'Columbia Columbia Women Shirts Long MM Pink', 3, '2022-05-05 04:19:49'),
(1123, 283, 16, 35, 'SCWLLLPK', 300, 'Columbia Columbia Women Shirts Long LL Pink', 3, '2022-05-05 04:19:56'),
(1124, 283, 16, 36, 'SCWLXLPK', 300, 'Columbia Columbia Women Shirts Long XL Pink', 3, '2022-05-05 04:20:02'),
(1125, 283, 22, 36, 'SCWLXLSB', 300, 'Columbia Columbia Women Shirts Long XL Sky Blue', 3, '2022-05-05 04:20:18'),
(1126, 283, 22, 35, 'SCWLLLSB', 300, 'Columbia Columbia Women Shirts Long LL Sky Blue', 3, '2022-05-05 04:20:24'),
(1127, 283, 22, 34, 'SCWLMMSB', 300, 'Columbia Columbia Women Shirts Long MM Sky Blue', 3, '2022-05-05 04:20:29'),
(1128, 283, 25, 34, 'SCWLMMYL', 300, 'Columbia Columbia Women Shirts Long M Yellow', 3, '2022-05-05 04:20:44'),
(1129, 283, 8, 33, 'SCWLSSGN', 300, 'Columbia Columbia Women Shirts Long S Green', 3, '2022-05-05 04:21:39'),
(1130, 283, 8, 34, 'SCWLMMGN', 300, 'Columbia Columbia Women Shirts Long MM Green', 3, '2022-05-05 04:21:48'),
(1131, 283, 8, 35, 'SCWLLLGN', 300, 'Columbia Columbia Women Shirts Long LL Green', 3, '2022-05-05 04:21:55'),
(1132, 283, 18, 35, 'SCWLLLPP', 300, 'Columbia Columbia Women Shirts Long L Purple', 3, '2022-05-05 04:22:20'),
(1133, 283, 15, 35, 'SCWLLLOR', 300, 'Columbia Columbia Women Shirts Long L Orange', 3, '2022-05-05 04:22:40'),
(1134, 283, 15, 33, 'SCWLSSOR', 300, 'Columbia Columbia Women Shirts Long SS Orange', 3, '2022-05-05 04:22:46'),
(1135, 283, 10, 33, 'SCWLSSKH', 300, 'Columbia Columbia Women Shirts Long S Kakhi', 3, '2022-05-05 04:22:56'),
(1136, 283, 10, 35, 'SCWLLLKH', 300, 'Columbia Columbia Women Shirts Long LL Kakhi', 3, '2022-05-05 04:23:02'),
(1137, 316, 2, 32, 'S5WLXSBL', 300, '511 5.11 Women Shirts Long XS Black', 3, '2022-05-05 04:28:42'),
(1138, 210, 27, 70, 'CPNFNANA', 300, 'North Face North Face Caps NA N/A', 3, '2022-05-05 04:31:11'),
(1139, 48, 27, 70, 'CATECAPS', 300, 'CAT Cat Cap N/A N/A', 3, '2022-05-05 04:31:47'),
(1140, 57, 27, 70, 'CPUANANA', 300, 'Under Armour Under Amour Caps N/A N/A', 3, '2022-05-05 04:33:40'),
(1141, 211, 27, 70, 'CPNKNANA', 300, 'Nike Nike Caps N/A N/A', 3, '2022-05-05 04:34:29'),
(1142, 213, 27, 70, 'CPTHNANA', 300, 'Other Brands Tommy Hilfiger Caps N/A N/A', 3, '2022-05-05 04:40:12'),
(1143, 214, 27, 70, 'CPCLNANA', 300, 'Columbia Columbia Caps N/A N/A', 3, '2022-05-05 04:41:31'),
(1144, 215, 27, 70, 'CP51NANA', 300, '511 5.11 Caps N/A N/A', 3, '2022-05-05 04:42:19'),
(1145, 216, 27, 70, 'CPNGNANA', 300, 'Nike Nike Golf Caps N/A N/A', 3, '2022-05-05 04:43:03'),
(1146, 217, 27, 70, 'CPFLNANA', 300, 'Other Brands Fila Caps N/A N/A', 3, '2022-05-05 04:44:00'),
(1147, 212, 27, 70, 'CPRLNANA', 300, 'Other Brands Ralph Lauren Cap N/A N/A', 3, '2022-05-05 04:44:57'),
(1148, 318, 27, 33, 'TLRMNFSSNA', 300, 'North Face North Face Roundneck Shortsleeved T-Shirts SS N/A', 3, '2022-05-08 07:05:22'),
(1149, 318, 27, 34, 'TLRMNFMMNA', 300, 'North Face North Face Roundneck Shortsleeved T-Shirts MM N/A', 3, '2022-05-08 07:05:34'),
(1150, 318, 27, 35, 'TLRMNFLLNA', 300, 'North Face North Face Roundneck Shortsleeved T-Shirts LL N/A', 3, '2022-05-08 07:05:45'),
(1151, 318, 27, 36, 'TLRMNFXLNA', 300, 'North Face North Face Roundneck Shortsleeved T-Shirts XL N/A', 3, '2022-05-08 07:05:54'),
(1152, 318, 27, 37, 'TLRMNF2XNA', 300, 'North Face North Face Roundneck Shortsleeved T-Shirts 2X N/A', 3, '2022-05-08 07:06:00'),
(1153, 318, 27, 38, 'TLRMNF3XNA', 300, 'North Face North Face Roundneck Shortsleeved T-Shirts 3X N/A', 3, '2022-05-08 07:06:11'),
(1154, 318, 27, 39, 'TLRMNF4XNA', 300, 'North Face North Face Roundneck Shortsleeved T-Shirts 4X N/A', 3, '2022-05-08 07:06:21'),
(1155, 44, 2, 33, 'STSCSSBL', 300, '511 5.11 Tactical Cotton Shirt Short SS Black', 3, '2022-05-08 07:23:38'),
(1156, 44, 2, 34, 'STSCMMBL', 300, '511 5.11 Tactical Cotton Shirt Short MM Black', 3, '2022-05-08 07:23:49'),
(1157, 44, 2, 35, 'STSCLLBL', 300, '511 5.11 Tactical Cotton Shirt Short LL Black', 3, '2022-05-08 07:23:59'),
(1158, 44, 2, 36, 'STSCXLBL', 300, '511 5.11 Tactical Cotton Shirt Short XL Black', 3, '2022-05-08 07:24:07'),
(1159, 44, 2, 37, 'STSC2XBL', 300, '511 5.11 Tactical Cotton Shirt Short 2X Black', 3, '2022-05-08 07:24:15'),
(1160, 44, 2, 38, 'STSC3XBL', 300, '511 5.11 Tactical Cotton Shirt Short 3X Black', 3, '2022-05-08 07:24:26'),
(1161, 44, 2, 39, 'STSC4XBL', 300, '511 5.11 Tactical Cotton Shirt Short 4X Black', 3, '2022-05-08 07:24:34'),
(1162, 44, 13, 39, 'STSC4XNY', 300, '511 5.11 Tactical Cotton Shirt Short 4XL Navy', 3, '2022-05-08 07:24:46'),
(1163, 44, 13, 38, 'STSC3XNY', 300, '511 5.11 Tactical Cotton Shirt Short 3X Navy', 3, '2022-05-08 07:24:56'),
(1164, 44, 13, 37, 'STSC2XNY', 300, '511 5.11 Tactical Cotton Shirt Short 2X Navy', 3, '2022-05-08 07:25:05'),
(1165, 44, 13, 36, 'STSCXLNY', 300, '511 5.11 Tactical Cotton Shirt Short XL Navy', 3, '2022-05-08 07:25:12'),
(1166, 44, 13, 35, 'STSCLLNY', 300, '511 5.11 Tactical Cotton Shirt Short LL Navy', 3, '2022-05-08 07:25:21'),
(1167, 44, 13, 34, 'STSCMMNY', 300, '511 5.11 Tactical Cotton Shirt Short MM Navy', 3, '2022-05-08 07:25:30'),
(1168, 44, 13, 33, 'STSCSSNY', 300, '511 5.11 Tactical Cotton Shirt Short SS Navy', 3, '2022-05-08 07:25:43'),
(1169, 44, 10, 33, 'STSCSSKH', 300, '511 5.11 Tactical Cotton Shirt Short S Kakhi', 3, '2022-05-08 07:26:02'),
(1170, 44, 10, 34, 'STSCMMKH', 300, '511 5.11 Tactical Cotton Shirt Short MM Kakhi', 3, '2022-05-08 07:26:23'),
(1171, 44, 10, 35, 'STSCLLKH', 300, '511 5.11 Tactical Cotton Shirt Short LL Kakhi', 3, '2022-05-08 07:26:38'),
(1172, 44, 10, 36, 'STSCXLKH', 300, '511 5.11 Tactical Cotton Shirt Short XL Kakhi', 3, '2022-05-08 07:26:46'),
(1173, 44, 10, 37, 'STSC2XKH', 300, '511 5.11 Tactical Cotton Shirt Short 2X Kakhi', 3, '2022-05-08 07:26:55'),
(1174, 44, 10, 38, 'STSC3XKH', 300, '511 5.11 Tactical Cotton Shirt Short 3X Kakhi', 3, '2022-05-08 07:27:04'),
(1175, 44, 10, 39, 'STSC4XKH', 300, '511 5.11 Tactical Cotton Shirt Short 4X Kakhi', 3, '2022-05-08 07:27:13'),
(1176, 44, 23, 39, 'STSC4XWH', 300, '511 5.11 Tactical Cotton Shirt Short 4XL White', 3, '2022-05-08 07:27:37'),
(1177, 44, 23, 38, 'STSC3XWH', 300, '511 5.11 Tactical Cotton Shirt Short 3X White', 3, '2022-05-08 07:27:47'),
(1178, 44, 23, 37, 'STSC2XWH', 300, '511 5.11 Tactical Cotton Shirt Short 2X White', 3, '2022-05-08 07:27:56'),
(1179, 44, 23, 36, 'STSCXLWH', 300, '511 5.11 Tactical Cotton Shirt Short XL White', 3, '2022-05-08 07:28:07'),
(1180, 44, 23, 35, 'STSCLLWH', 300, '511 5.11 Tactical Cotton Shirt Short LL White', 3, '2022-05-08 07:28:14'),
(1181, 44, 23, 34, 'STSCMMWH', 300, '511 5.11 Tactical Cotton Shirt Short MM White', 3, '2022-05-08 07:28:26'),
(1182, 44, 23, 33, 'STSCSSWH', 300, '511 5.11 Tactical Cotton Shirt Short SS White', 3, '2022-05-08 07:28:35'),
(1183, 39, 2, 34, 'PTNKMMBL', 300, 'Nike Nike Gym Pants MM Black', 3, '2022-05-08 08:18:21'),
(1184, 39, 2, 35, 'PTNKLLBL', 300, 'Nike Nike Gym Pants LL Black', 3, '2022-05-08 08:18:47'),
(1185, 83, 27, 36, 'SWNKXLNA', 300, 'Nike Nike Sweaters XL N/A', 3, '2022-05-08 08:21:19'),
(1186, 300, 27, 70, 'ACHEDSOC', 300, 'Other Brands Headsocks N/A N/A', 3, '2022-05-08 08:27:41'),
(1187, 320, 27, 70, 'CPSWATNA', 300, 'Other Brands SWAT Caps NA N/A', 3, '2022-05-08 08:31:41'),
(1188, 323, 27, 70, 'CPNONBRD', 300, 'Other Brands Non Branded Caps N/A N/A', 3, '2022-05-08 08:33:27'),
(1189, 321, 27, 33, 'TSRL51SS', 300, '511 5.11 Roundneck Longsleeve T-Shirts SS N/A', 3, '2022-05-08 08:40:11'),
(1190, 321, 27, 34, 'TSRL51MM', 300, '511 5.11 Roundneck Longsleeve T-Shirts MM N/A', 3, '2022-05-08 08:40:25'),
(1191, 321, 27, 36, 'TSRL51XL', 300, '511 5.11 Roundneck Longsleeve T-Shirts XL N/A', 3, '2022-05-08 08:41:13'),
(1192, 321, 27, 37, 'TSRL512X', 300, '511 5.11 Roundneck Longsleeve T-Shirts 2X N/A', 3, '2022-05-08 08:41:33'),
(1193, 321, 27, 38, 'TSRL513X', 300, '511 5.11 Roundneck Longsleeve T-Shirts 3X N/A', 3, '2022-05-08 08:41:45'),
(1194, 322, 27, 38, 'TSPLUF3X', 300, 'North Face Under Armour Fish T-Shirt Polo 3XL N/A', 3, '2022-05-08 08:42:19'),
(1195, 322, 27, 37, 'TSPLUF2X', 300, 'North Face Under Armour Fish T-Shirt Polo 2X N/A', 3, '2022-05-08 08:42:30'),
(1196, 322, 27, 38, 'TSPLUFXL', 300, 'North Face Under Armour Fish T-Shirt Polo 3XL N/A', 3, '2022-05-08 08:42:59'),
(1197, 322, 27, 35, 'TSPLUFLL', 300, 'North Face Under Armour Fish T-Shirt Polo LL N/A', 3, '2022-05-08 08:43:22'),
(1198, 322, 27, 34, 'TSPLUFMM', 300, 'North Face Under Armour Fish T-Shirt Polo MM N/A', 3, '2022-05-08 08:43:33'),
(1199, 322, 27, 33, 'TSPLUFSS', 300, 'North Face Under Armour Fish T-Shirt Polo SS N/A', 3, '2022-05-08 08:43:51'),
(1200, 12, 6, 36, 'PTGSXLCH', 300, '511 Globe Spirit Hiking Pants XL Charcoal', 3, '2022-05-10 04:59:27'),
(1201, 79, 8, 3, 'PTGZ30GN', 300, 'Other Brands G-Zero Pants 30 Green', 3, '2022-05-10 05:03:10'),
(1202, 324, 27, 33, 'ACNLBNSS', 300, 'Other Brands Nikula Binocular Small SS N/A', 3, '2022-05-10 05:10:20'),
(1203, 218, 27, 70, 'MHSHOEHC', 300, 'Merrell Merelle High Cut Hiking Shoes N/A N/A', 3, '2022-05-10 05:29:32'),
(1204, 219, 27, 70, 'MHSHOELC', 300, 'Merrell Merelle Low Cut Hiking Shoes NA N/A', 3, '2022-05-10 05:30:01'),
(1205, 221, 27, 70, 'JWSHOELC', 300, 'Jack Wolfskin Jackwolfeskin Low Cut Hiking Shoes NA N/A', 3, '2022-05-10 05:33:48'),
(1206, 220, 27, 70, 'JWSHOEHC', 300, 'Jack Wolfskin Jackwolfeskin High Cut Hiking Shoes N/A N/A', 3, '2022-05-10 05:35:38'),
(1207, 224, 27, 70, 'NFSHOEHC', 300, 'North Face North Face HIGH Cut Hiking Shoes N/A N/A', 3, '2022-05-10 05:36:56'),
(1208, 225, 27, 70, 'NFSHOELC', 300, 'North Face North Face Low Cut Hiking Shoes N/A N/A', 3, '2022-05-10 05:38:43'),
(1209, 223, 27, 70, 'CLSHOELC', 300, 'Columbia Columbia Low Cut Hiking Shoes NA N/A', 3, '2022-05-10 05:43:36'),
(1210, 222, 27, 70, 'CLSHOEHC', 300, 'Columbia Columbia High Cut Hiking Shoes N/A N/A', 3, '2022-05-10 05:44:43'),
(1211, 226, 27, 70, 'RGSHOEHC', 300, 'Other Brands Regatta High Cut Hiking Shoes N/A N/A', 3, '2022-05-10 05:47:35'),
(1212, 227, 27, 70, 'RGSHOELC', 300, 'Other Brands Regatta Low Cut Hiking Shoes N/A N/A', 3, '2022-05-10 05:49:01'),
(1213, 230, 27, 70, 'DSSHOEHC', 300, 'Other Brands Dr Scholls High Cut Hiking Shoe NA N/A', 3, '2022-05-10 05:57:57'),
(1214, 229, 27, 70, 'DSSHOELC', 300, 'Other Brands Dr Scholls LOW Cut Hiking Shoe N/A N/A', 3, '2022-05-10 05:59:00'),
(1215, 231, 27, 70, 'FLSHOELC', 300, 'Other Brands Fila Low Cat Hiking Shoe N/A N/A', 3, '2022-05-10 06:18:33'),
(1216, 232, 27, 70, 'FLSHOEHC', 300, 'Other Brands Fila hIGH Cat Hiking Shoe N/A N/A', 3, '2022-05-10 06:19:26'),
(1217, 233, 27, 70, 'ALRDSHOE', 300, 'Other Brands All Rounder Shoes NA N/A', 3, '2022-05-10 06:25:50'),
(1218, 236, 27, 70, 'SLSNEAKA', 300, 'Other Brands Salomon Sneakers N/A N/A', 3, '2022-05-10 06:31:38'),
(1219, 235, 27, 70, 'NKSNEAKA', 300, 'Nike Nike Sneakers N/A N/A', 3, '2022-05-10 06:32:48'),
(1220, 237, 27, 70, 'PMSNEAKA', 300, 'Other Brands Puma Sneakers N/A N/A', 3, '2022-05-10 06:33:38'),
(1221, 238, 27, 70, 'RBSNEAKA', 300, 'Other Brands Rebook N/A N/A', 3, '2022-05-10 06:35:15'),
(1222, 239, 27, 70, 'ADSNEAKA', 300, 'Addidas Adidas Sneakers N/A N/A', 3, '2022-05-10 06:38:06'),
(1223, 240, 27, 70, 'UASNEAKA', 300, 'Under Armour Under Armour Sneakers N/A N/A', 3, '2022-05-10 06:39:33'),
(1224, 241, 27, 70, 'SWATSHOE', 300, 'Other Brands SWAT Boots N/A N/A', 3, '2022-05-10 06:44:11'),
(1225, 242, 27, 70, 'PARASHOT', 300, 'Other Brands Parashot Boots N/A N/A', 3, '2022-05-10 06:48:46'),
(1226, 243, 27, 70, 'DELTABOT', 300, 'Other Brands Delta Boots N/A N/A', 3, '2022-05-10 06:51:52'),
(1227, 244, 27, 70, 'TACTLBOT', 300, 'Other Brands Tactical Research Boots N/A N/A', 3, '2022-05-10 06:55:34'),
(1228, 245, 27, 70, 'TSFBOOTS', 300, 'Other Brands T.S.F Boots N/A N/A', 3, '2022-05-10 06:57:49'),
(1229, 246, 27, 70, 'MGNBOOTS', 300, 'Other Brands Magnum Boots N/A N/A', 3, '2022-05-10 07:01:31'),
(1230, 247, 27, 70, 'SCHOLANB', 300, 'Other Brands Non Branded Scholars N/A N/A', 3, '2022-05-10 07:04:04'),
(1231, 68, 27, 70, 'BPNFSGNA', 300, 'North Face Surge Backpack NA N/A', 3, '2022-05-10 08:34:37'),
(1232, 321, 27, 35, 'TSRL51LL', 300, '511 5.11 Roundneck longsleeve T-Shirts LL N/A', 3, '2022-05-12 14:00:27'),
(1233, 364, 27, 70, 'ACUSAWAL', 300, 'Other Brands USA Wallets NA N/A', 3, '2022-05-13 06:08:27'),
(1234, 274, 27, 70, 'ACCDHOLD', 300, 'Other Brands Card Holders N/A N/A', 3, '2022-05-13 06:10:07'),
(1235, 275, 27, 70, 'ACTCHPSL', 300, 'Other Brands Power Style Torches N/A N/A', 3, '2022-05-13 06:24:35'),
(1236, 281, 27, 70, 'BPJWSBNA', 300, 'Jack Wolfskin Jackwolfeskin (Big) Backpark NA N/A', 3, '2022-05-15 01:19:13'),
(1237, 268, 27, 70, 'ACNFBSBG', 300, 'North Face North Face (B) Shoulder Bag N/A N/A', 3, '2022-05-15 01:20:15'),
(1238, 366, 27, 70, 'ACMANCUR', 300, 'Other Brands Manicure Set NA N/A', 3, '2022-05-15 11:42:07'),
(1239, 318, 27, 33, 'TSRMNFSS', 300, 'North Face North Face Roundneck Shortsleeved T-Shirts SS N/A', 3, '2022-05-15 12:31:11'),
(1240, 318, 27, 34, 'TSRMNFMM', 300, 'North Face North Face Roundneck Shortsleeved T-Shirts MM N/A', 3, '2022-05-15 12:31:23'),
(1241, 318, 27, 35, 'TSRMNFLL', 300, 'North Face North Face Roundneck Shortsleeved T-Shirts LL N/A', 3, '2022-05-15 12:31:56'),
(1242, 318, 27, 36, 'TSRMNFXL', 300, 'North Face North Face Roundneck Shortsleeved T-Shirts XL N/A', 3, '2022-05-15 12:32:08'),
(1243, 318, 27, 37, 'TSRMNF2X', 300, 'North Face North Face Roundneck Shortsleeved T-Shirts 2X N/A', 3, '2022-05-15 12:32:31'),
(1244, 318, 27, 38, 'TSRMNF3X', 300, 'North Face North Face Roundneck Shortsleeved T-Shirts 3X N/A', 3, '2022-05-15 12:32:39'),
(1245, 318, 27, 39, 'TSRMNF4X', 300, 'North Face North Face Roundneck Shortsleeved T-Shirts 4X N/A', 3, '2022-05-15 12:33:00'),
(1246, 360, 59, 11, 'J00009140BD', 300, 'Merrell CATALYST SUEDE 04 BRINDLE', 3, '2022-05-16 01:15:25'),
(1247, 362, 61, 13, 'J06629941LM', 300, 'Merrell MTL LONG SKY 41 BLACK/LIME', 3, '2022-05-16 01:22:04'),
(1248, 361, 61, 19, 'J06622344LM', 300, 'Merrell MTL LONG SKY J066223 44 BLACK/LIME', 3, '2022-05-16 01:27:20'),
(1249, 384, 64, 21, 'J03541745BM', 300, 'Merrell ACCENTOR SPORT 2 GTX 45 BLACK/MAGMA', 3, '2022-05-16 01:32:52'),
(1250, 385, 4, 15, 'J9534142BR', 300, 'Merrell Merrell Cham 7 Slam Luna Leather Vibram J95341 42 Brown', 3, '2022-05-16 01:51:15'),
(1251, 358, 58, 21, 'J9183745DE', 300, 'Merrell MOAB ADVENTURE MOC J91837 45 DARK EARTH', 3, '2022-05-16 02:01:15'),
(1252, 359, 58, 70, 'J91833XX', 300, 'Merrell MOAB ADVENTURE MOC J91833 N/A DARK EARTH', 3, '2022-05-16 02:02:22'),
(1253, 334, 36, 17, 'P72463943CB', 300, 'CAT HIGHLANDER P724439 44 COFFEE BEAN', 3, '2022-05-16 02:38:36'),
(1254, 328, 2, 19, 'P72467944BL', 300, 'CAT URBAN TRACKS SPORT LTH 44 Black', 3, '2022-05-16 02:44:25'),
(1255, 327, 2, 19, 'P72364644BL', 300, 'CAT MONITOR 44 Black', 3, '2022-05-16 02:53:34'),
(1256, 333, 2, 19, 'P72480544BL', 300, 'CAT FUSED SLIP ON 44 Black', 3, '2022-05-16 03:00:47'),
(1257, 333, 4, 19, 'P72480744BR', 300, 'CAT FUSED SLIP ON 44 Brown', 3, '2022-05-16 03:01:29'),
(1258, 347, 2, 15, 'P72502542BL', 300, 'CAT REPLETE P725025 42 Black', 3, '2022-05-16 03:11:14'),
(1259, 347, 2, 17, 'P72502543BL', 300, 'CAT REPLETE P725025 43 Black', 3, '2022-05-16 03:15:55'),
(1260, 342, 33, 17, 'P11012643VB', 300, 'CAT VENTURA BASE 43 BROWN SUGAR', 3, '2022-05-16 03:22:38'),
(1261, 345, 2, 23, 'P72502346BL', 300, 'CAT FOUST 46 Black', 3, '2022-05-16 03:28:08'),
(1262, 340, 36, 13, 'P72439441CB', 300, 'CAT MERIDIAN WP 41 COFFEE BEAN', 3, '2022-05-16 03:33:14'),
(1263, 348, 36, 21, 'P72441345CB', 300, 'CAT URBAN TRACKS SPORT P724413 45 COFFEE BEAN', 3, '2022-05-16 03:36:49'),
(1264, 332, 2, 19, 'P11004944BL', 300, 'CAT TRESPASS 44 Black', 3, '2022-05-16 03:40:08'),
(1265, 386, 36, 21, 'P72468045CB', 300, 'CAT URBAN TRACKS SPORT LTH P724680 45 COFFEE BEAN', 3, '2022-05-16 03:53:44'),
(1266, 339, 56, 17, 'P72467043ON', 300, 'CAT FOUNDER 44 OLIVE NIGHT', 3, '2022-05-16 03:57:02'),
(1267, 387, 53, 18, 'P11005043CU', 300, 'CAT TRESPASS P110050 43.5 CURRY', 3, '2022-05-16 04:02:07'),
(1268, 374, 65, 19, 'J03542344MS', 300, 'Merrell ACCENTOR SPORT 2 MID GTX 44 MONUMENT/SODALITE', 3, '2022-05-16 04:07:19'),
(1269, 388, 2, 15, 'J1849542BL', 300, 'Merrell Chameleon 7 Hiking J18495 Fire 42 Black', 3, '2022-05-16 04:13:25'),
(1270, 388, 2, 11, 'J1849540BL', 300, 'Merrell Chameleon 7 Hiking J18495 Fire 40 Black', 3, '2022-05-16 04:15:50'),
(1271, 389, 4, 19, 'J0605144BR', 300, 'Merrell J06051 Moab 2 Mid Waterproof Brown 44 Brown', 3, '2022-05-16 04:26:44'),
(1272, 389, 4, 21, 'J0605146BR', 300, 'Merrell J06051 Moab 2 Mid Waterproof Brown 45 Brown', 3, '2022-05-16 04:29:03'),
(1273, 385, 4, 13, 'J9534141BR', 300, 'Merrell Merrell Cham 7 Slam Luna Leather Vibram J95341 41 Brown', 3, '2022-05-16 04:40:10'),
(1274, 391, 31, 13, 'P72441441MC', 300, 'CAT CAT Caterpillar P724414 Urban Tracks Sport 04 Medium Charcoal', 3, '2022-05-16 05:03:54'),
(1275, 391, 31, 15, 'P7244142', 300, 'CAT CAT Caterpillar P724414 Urban Tracks Sport 42 Medium Charcoal', 3, '2022-05-16 05:05:06'),
(1276, 391, 31, 17, 'P72441443MC', 300, 'CAT CAT Caterpillar P724414 Urban Tracks Sport 44 Medium Charcoal', 3, '2022-05-16 05:06:35'),
(1277, 391, 31, 21, 'P72441445MC', 300, 'CAT CAT Caterpillar P724414 Urban Tracks Sport 45 Medium Charcoal', 3, '2022-05-16 05:09:17'),
(1278, 391, 31, 23, 'P72441446MC', 300, 'CAT CAT Caterpillar P724414 Urban Tracks Sport 46 Medium Charcoal', 3, '2022-05-16 05:11:06'),
(1279, 391, 31, 25, 'P72441447MC', 300, 'CAT CAT Caterpillar P724414 Urban Tracks Sport 04 Medium Charcoal', 3, '2022-05-16 05:12:35'),
(1280, 257, 27, 37, 'TSPMNK2X', 300, 'Nike Nike Men  Shortsleeved Polos 2X N/A', 3, '2022-05-16 12:06:10'),
(1281, 345, 2, 13, 'P72502341BL', 300, 'CAT FOUST P725023 41 Black', 3, '2022-05-17 01:11:30'),
(1282, 345, 2, 15, 'P72502342BL', 300, 'CAT FOUST P725023 42 Black', 3, '2022-05-17 01:12:23'),
(1283, 345, 2, 18, 'P72502343BL', 300, 'CAT FOUST P725023 43.5 Black', 3, '2022-05-17 01:13:09'),
(1284, 345, 2, 19, 'P72502344BL', 300, 'CAT FOUST P725023 44 Black', 3, '2022-05-17 01:14:03'),
(1285, 345, 2, 21, 'P72502345BL', 300, 'CAT FOUST P725023 45 Black', 3, '2022-05-17 01:14:54'),
(1286, 345, 2, 25, 'P72502347BL', 300, 'CAT FOUST P725023 47 Black', 3, '2022-05-17 01:15:14'),
(1287, 393, 32, 13, 'P11011941BB', 300, 'CAT VENTURA BASE P110119 41 BLACK/BLACK', 3, '2022-05-17 01:27:55'),
(1288, 393, 32, 15, 'P11011942BB', 300, 'CAT VENTURA BASE P110119 42 BLACK/BLACK', 3, '2022-05-17 01:28:36'),
(1289, 393, 32, 17, 'P11011943BB', 300, 'CAT VENTURA BASE P110119 44 BLACK/BLACK', 3, '2022-05-17 01:29:36'),
(1290, 393, 32, 19, 'P11011944BB', 300, 'CAT VENTURA BASE P110119 44 BLACK/BLACK', 3, '2022-05-17 01:30:23'),
(1291, 393, 32, 21, 'P11011945BB', 300, 'CAT VENTURA BASE P110119 45 BLACK/BLACK', 3, '2022-05-17 01:30:40'),
(1292, 333, 2, 23, 'P72480746BL', 300, 'CAT FUSED SLIP ON 46 Black', 3, '2022-05-17 01:40:20'),
(1293, 333, 2, 23, 'P72480746BL', 300, 'CAT FUSED SLIP ON 46 Black', 3, '2022-05-17 01:40:34'),
(1294, 350, 2, 18, 'P71665343BL', 300, 'CAT Caterpillar Giles Oxfors Sandal M P716653 43.5 Black', 3, '2022-05-17 01:47:23'),
(1295, 353, 39, 15, 'P72504542CB', 300, 'CAT MICAH P725045 42 CHOCOLATE BROWN', 3, '2022-05-17 01:52:20'),
(1296, 339, 56, 23, 'P72467046ON', 300, 'CAT Caterpillar Boot Founder P724670 46 OLIVE NIGHT', 3, '2022-05-17 01:56:54'),
(1297, 394, 36, 21, 'P72475845CB', 300, 'CAT CONVERT P724758 45 COFFEE BEAN', 3, '2022-05-18 10:31:00'),
(1298, 395, 2, 15, 'J4853542BR', 300, 'Merrell ALVERSTONE MID WP J48535 42 Black', 3, '2022-05-19 06:13:51'),
(1299, 398, 27, 70, 'CPADNANA', 300, 'Addidas Addidas Caps NA N/A', 3, '2022-05-19 06:20:34'),
(1300, 397, 27, 70, 'CPGPNANA', 300, 'Other Brands Gap Caps N/A N/A', 3, '2022-05-19 06:21:32'),
(1301, 396, 27, 70, 'CPSPNANA', 300, 'Other Brands Supreme Caps N/A N/A', 3, '2022-05-19 06:21:50'),
(1302, 33, 27, 34, 'JKRFMMNA', 300, 'North Face North Face Rain Jackets M N/A', 3, '2022-05-20 03:39:09'),
(1303, 33, 27, 36, 'JKRFXLNA', 300, 'North Face North Face Rain Jackets XL N/A', 3, '2022-05-20 03:39:49'),
(1304, 33, 27, 37, 'JKRF2XNA', 300, 'North Face North Face Rain Jackets 2X N/A', 3, '2022-05-20 03:40:08'),
(1305, 399, 27, 33, 'JKADSSNA', 300, 'Addidas Adidas Jackets SS N/A', 3, '2022-05-20 03:51:55'),
(1306, 399, 27, 34, 'JKADMMNA', 300, 'Addidas Adidas Jackets MM N/A', 3, '2022-05-20 03:52:21'),
(1307, 399, 27, 35, 'JKADLLNA', 300, 'Addidas Adidas Jackets LL N/A', 3, '2022-05-20 03:52:30'),
(1308, 399, 27, 36, 'JKADXLNA', 300, 'Addidas Adidas Jackets XL N/A', 3, '2022-05-20 03:52:54'),
(1309, 399, 27, 37, 'JKAD2XNA', 300, 'Addidas Adidas Jackets 2X N/A', 3, '2022-05-20 03:53:23'),
(1310, 399, 27, 38, 'JKAD3XNA', 300, 'Addidas Adidas Jackets 3X N/A', 3, '2022-05-20 03:53:41'),
(1311, 399, 27, 39, 'JKAD4XNA', 300, 'Addidas Adidas Jackets 4X N/A', 3, '2022-05-20 03:54:02'),
(1312, 400, 27, 70, 'ACNFHBNA', 300, 'North Face North Face Women Handbags NA N/A', 3, '2022-05-20 04:29:47'),
(1313, 340, 36, 19, 'P72439444CB', 300, 'CAT MERIDIAN WP P724394 44 COFFEE BEAN', 3, '2022-05-20 04:48:45'),
(1314, 360, 59, 19, 'J00009144BD', 300, 'Merrell CATALYST SUEDE J000091 44 BRINDLE', 3, '2022-05-20 04:54:43'),
(1315, 401, 2, 18, 'P72454243BL', 300, 'CAT Progress Sandal P724542 43.5 Black', 3, '2022-05-20 04:58:38'),
(1316, 402, 53, 18, 'P11013943CU', 300, 'CAT Vapor P110139 43.5 CURRY', 3, '2022-05-20 05:02:53'),
(1317, 355, 2, 18, 'J1719943BL', 300, 'Merrell JUNGLE MOC LTR 2 J17199 43.5 Black', 3, '2022-05-20 05:07:12'),
(1318, 360, 59, 15, 'J00009142BD', 300, 'Merrell CATALYST SUEDE 42 BRINDLE', 3, '2022-05-20 05:09:51'),
(1319, 332, 2, 21, 'P11004945BL', 300, 'CAT TRESPASS P110049 45 Black', 3, '2022-05-20 05:15:38'),
(1320, 332, 2, 23, 'P11004946BL', 300, 'CAT TRESPASS P110049 46 Black', 3, '2022-05-20 05:15:38'),
(1321, 403, 2, 18, 'P72390143BL', 300, 'CAT  CATERPILLAR Intruder P723901  43.5 Black', 3, '2022-05-20 08:54:09'),
(1322, 404, 2, 19, 'P72466444BL', 300, 'CAT  Founder Waterproof Boot P724664 44 Black', 3, '2022-05-20 10:40:17'),
(1323, 361, 61, 21, 'J06622345LM', 300, 'Merrell MTL LONG SKY J066223 45 BLACK/LIME', 3, '2022-05-20 11:43:19'),
(1324, 401, 2, 13, 'P72454241BL', 300, 'CAT Progress Sandal P724542 41 Black', 3, '2022-05-20 11:46:05'),
(1325, 346, 2, 18, 'P72501343BL', 300, 'CAT TITUS P725013 43.5 Black', 3, '2022-05-20 11:50:57'),
(1326, 329, 9, 18, 'P72454243GY', 300, 'CAT URBAN TRACKS HI P724542 43.5 Grey', 3, '2022-05-20 11:57:28'),
(1327, 360, 59, 25, 'J00009147BD', 300, 'Merrell CATALYST SUEDE J000091 47 BRINDLE', 3, '2022-05-20 12:01:06'),
(1328, 402, 53, 21, 'P11013945CU', 300, 'CAT Vapor P110139 45 CURRY', 3, '2022-05-20 12:04:30'),
(1329, 362, 61, 19, 'J06629944LM', 300, 'Merrell MTL LONG SKY J066299 44 BLACK/LIME', 3, '2022-05-20 12:15:30'),
(1330, 1, 26, 9, 'STPT36CY', 300, '511 5.11 Stryke Pants 36 Coyote', 3, '2022-05-21 04:44:59'),
(1331, 394, 36, 23, 'P72475846CB', 300, 'CAT CONVERT P724758 46 COFFEE BEAN', 3, '2022-05-21 04:47:51'),
(1332, 34, 10, 40, 'JKHJ5XKH', 300, 'Other Brands Tactical Half Jackets 5X Kakhi', 3, '2022-05-21 09:22:23'),
(1333, 334, 4, 19, 'P72443944CB', 300, 'CAT HIGHLANDER P724439 44 Brown', 3, '2022-05-22 06:03:21'),
(1334, 395, 2, 18, 'J4853543BR', 300, 'Merrell ALVERSTONE MID WP J48535 43.5 Black', 3, '2022-05-22 06:07:57'),
(1335, 349, 37, 18, 'P71665443DB', 300, 'CAT GILES P716654 43.5 DARK BROWN', 3, '2022-05-22 07:25:37'),
(1336, 339, 56, 21, 'P72467045ON', 300, 'CAT Caterpillar Boot Founder P724670 45 OLIVE NIGHT', 3, '2022-05-22 07:28:41'),
(1337, 339, 56, 19, 'P72467044ON', 300, 'CAT Caterpillar Boot Founder P724670 44 OLIVE NIGHT', 3, '2022-05-22 07:49:42'),
(1338, 406, 27, 70, 'BPBNJCAT', 300, 'CAT Benji Cat Backpack N/A N/A', 3, '2022-05-24 04:26:23'),
(1339, 401, 2, 15, 'P72454242BL', 300, 'CAT Progress Sandal P724542 42 Black', 3, '2022-05-27 07:32:51'),
(1340, 372, 27, 70, 'ACCAMLBG', 300, 'Other Brands Tactical Camel Bags NA N/A', 3, '2022-05-28 05:28:04'),
(1341, 401, 2, 19, 'P72454244BL', 300, 'CAT Progress Sandal P724542 44 Black', 3, '2022-05-30 05:46:04'),
(1342, 408, 27, 11, 'NFLCWS40', 300, 'North Face Northface Low Cut Women Shoes 40 N/A', 3, '2022-05-30 06:04:11'),
(1343, 408, 27, 10, 'NFLCWS38', 300, 'North Face Northface Low Cut Women Shoes 38 N/A', 3, '2022-05-30 06:04:50'),
(1344, 408, 27, 8, 'NFLCWH39', 300, 'North Face Northface Low Cut Women Shoes 35 N/A', 3, '2022-05-30 06:05:35'),
(1345, 407, 27, 10, 'JWLCWS39', 300, 'Jack Wolfskin Jackwolfeskin Low Cut Women Shoes 38 N/A', 3, '2022-05-30 06:06:53'),
(1346, 224, 27, 15, 'NFHCMS42', 300, 'North Face North Face High Cut Hiking Shoes 42 N/A', 3, '2022-05-31 03:05:00'),
(1347, 224, 27, 21, 'NFHCMS45', 300, 'North Face North Face High Cut Hiking Shoes 45 N/A', 3, '2022-05-31 03:06:00'),
(1348, 224, 27, 27, 'NFHCMS48', 300, 'North Face North Face High Cut Hiking Shoes 48 N/A', 3, '2022-05-31 03:06:18'),
(1349, 224, 27, 18, 'NFHCMS43', 300, 'North Face North Face High Cut Hiking Shoes 43.5 N/A', 3, '2022-05-31 03:07:55'),
(1350, 43, 4, 34, 'STLCMMBR', 300, '511 5.11 Tactical Cotton Shirt Long MM Brown', 3, '2022-06-01 09:12:06'),
(1351, 384, 64, 23, 'J0354746BM', 300, 'Merrell ACCENTOR SPORT 2 GTX J035417 46 BLACK/MAGMA', 3, '2022-06-04 06:26:17'),
(1352, 395, 2, 13, 'J4853541BR', 300, 'Merrell ALVERSTONE MID WP J48535 41 Black', 3, '2022-06-05 03:59:29'),
(1353, 349, 4, 15, 'P71665442DB', 300, 'CAT GILES P716654 42 Brown', 3, '2022-06-07 05:20:41'),
(1354, 350, 2, 15, 'P71665342BL', 300, 'CAT Caterpillar Giles Oxfors Sandal M P716653 42 Black', 3, '2022-06-07 05:23:40'),
(1355, 354, 4, 15, 'J03331142BR', 300, 'Merrell MOAB 2 LTR MID GTX J033311 42 Brown', 3, '2022-06-09 09:15:49'),
(1356, 2, 6, 9, 'PTTD36CH', 300, '5.11 TDU Pants 36 Charcoal', 3, '2022-06-13 13:25:19'),
(1357, 411, 27, 70, 'PBSALMON', 300, 'Other Brands Salomon Bags NA N/A', 3, '2022-06-14 05:26:16'),
(1358, 357, 36, 19, 'J9181944CB', 300, 'Merrell MOAB ADVENTURE MID WP J91819 44 COFFEE BEAN', 3, '2022-06-16 05:01:52'),
(1359, 347, 2, 13, 'P72502541BL', 300, 'CAT REPLETE P725025 41 Black', 3, '2022-06-18 06:02:04'),
(1360, 132, 4, 34, 'ACMLMMBR', 300, 'Other Brands M-Pact Gloves (Long) MM Brown', 3, '2022-06-18 08:10:02'),
(1361, 132, 4, 35, 'ACMLLLBR', 300, 'Other Brands M-Pact Gloves (Long) LL Brown', 3, '2022-06-18 08:10:19'),
(1362, 132, 4, 36, 'ACMLXLBR', 300, 'Other Brands M-Pact Gloves (Long) XL Brown', 3, '2022-06-18 08:10:29'),
(1363, 132, 4, 37, 'ACML2XBR', 300, 'Other Brands M-Pact Gloves (Long) 2X Brown', 3, '2022-06-18 08:10:38'),
(1364, 132, 4, 38, 'ACML3XBR', 300, 'Other Brands M-Pact Gloves (Long) 3X Brown', 3, '2022-06-18 08:10:52'),
(1365, 132, 4, 39, 'ACML4XBR', 300, 'Other Brands M-Pact Gloves (Long) 4X Brown', 3, '2022-06-18 08:11:03'),
(1366, 132, 4, 40, 'ACML5XBR', 300, 'Other Brands M-Pact Gloves (Long) 5X Brown', 3, '2022-06-18 08:11:17'),
(1367, 54, 10, 36, 'SCMSXLKH', 300, 'Columbia Columbia Men Shirt Short XL Kakhi', 3, '2022-06-19 10:32:29'),
(1368, 55, 10, 36, 'SCMLXLKH', 300, 'Columbia Columbia Men Shirt Long XL Kakhi', 3, '2022-06-19 10:32:48'),
(1369, 30, 27, 35, 'JPADLLNA', 300, 'Addidas Adidas Jampers(Hoodies) LL N/A', 3, '2022-06-19 11:42:20'),
(1370, 7, 10, 34, 'PTNFMMKH', 300, 'North Face North Face Men Pants MM Kakhi', 3, '2022-06-23 04:01:23'),
(1371, 7, 10, 36, 'PTNFXLKH', 300, 'North Face North Face Men Pants XL Kakhi', 3, '2022-06-23 04:01:47'),
(1372, 7, 2, 37, 'PTNF2XBL', 300, 'North Face North Face Men Pants 2X Black', 3, '2022-06-23 04:03:18'),
(1373, 7, 6, 34, 'PTNFMMCH', 300, 'North Face North Face Men Pants MM Charcoal', 3, '2022-06-23 04:04:25'),
(1374, 7, 6, 35, 'PTNFLLCH', 300, 'North Face North Face Men Pants LL Charcoal', 3, '2022-06-23 04:04:57'),
(1375, 7, 6, 37, 'PTNF2XCH', 300, 'North Face North Face Men Pants 2X Charcoal', 3, '2022-06-23 04:05:44'),
(1376, 14, 10, 11, 'PTLP40KH', 300, '511 May/Lite Pro Pants 40 Kakhi', 3, '2022-06-23 10:47:26'),
(1377, 386, 36, 18, 'P72468043CB', 300, 'CAT URBAN TRACKS SPORT LTH P724680 43.5 COFFEE BEAN', 3, '2022-06-23 11:04:41'),
(1378, 412, 27, 70, 'BPJWDN70', 300, 'Jack Wolfskin Jack Wolfskin Denali 70 NA N/A', 3, '2022-06-24 05:09:24'),
(1379, 1, 13, 15, 'STPT42NY', 300, '511 5.11 Stryke Pants 42 Navy', 3, '2022-06-25 04:18:35'),
(1380, 55, 22, 34, 'SCMLMMSB', 300, 'Columbia Men Shirt Long MM Sky Blue', 3, '2022-06-25 09:29:44'),
(1381, 93, 22, 34, 'STCLMMSB', 300, 'Columbia Men Soft Shirt Long M Sky Blue', 3, '2022-06-25 09:34:37'),
(1382, 413, 2, 15, 'P72504442BL', 300, 'CAT Caterpillar Sandal  MICAH P725044 42 Black', 3, '2022-06-25 10:45:39'),
(1383, 415, 2, 35, 'JKRVLLBL', 300, 'Other Brands Rivet Jackets L Black', 3, '2022-06-28 04:00:38'),
(1384, 415, 2, 34, 'JKRVMMBL', 300, 'Other Brands Rivet Jackets MM Black', 3, '2022-06-28 04:00:47'),
(1385, 415, 2, 36, 'JKRVXLBL', 300, 'Other Brands Rivet Jackets XL Black', 3, '2022-06-28 04:00:56'),
(1386, 415, 2, 37, 'JKRV2XBL', 300, 'Other Brands Rivet Jackets 2X Black', 3, '2022-06-28 04:01:00'),
(1387, 415, 13, 35, 'JKRVLLNY', 300, 'Other Brands Rivet Jackets LL Navy', 3, '2022-06-28 04:01:42'),
(1388, 414, 19, 34, 'PTVDMMRD', 300, 'Other Brands VAUDE Hiking Pants(track) MM Red', 3, '2022-06-28 04:02:35'),
(1389, 414, 2, 34, 'PTVDMMBL', 300, 'Other Brands VAUDE Hiking Pants(track) M Black', 3, '2022-06-28 04:02:54'),
(1390, 414, 2, 33, 'PTVDSSBL', 300, 'Other Brands VAUDE Hiking Pants(track) SS Black', 3, '2022-06-28 04:03:07'),
(1391, 414, 2, 32, 'PTVDXSBL', 300, 'Other Brands VAUDE Hiking Pants(track) XS Black', 3, '2022-06-28 04:03:11'),
(1392, 414, 2, 35, 'PTVDLLBL', 300, 'Other Brands VAUDE Hiking Pants(track) LL Black', 3, '2022-06-28 04:03:18'),
(1393, 414, 2, 36, 'PTVDXLBL', 300, 'Other Brands VAUDE Hiking Pants(track) XL Black', 3, '2022-06-28 04:03:24'),
(1394, 414, 2, 38, 'PTVD3XBL', 300, 'Other Brands VAUDE Hiking Pants(track) 3X Black', 3, '2022-06-28 04:03:31'),
(1395, 416, 27, 6, 'SHTM33NA', 300, 'Other Brands Travis Mathew 33 N/A', 3, '2022-06-28 04:07:55'),
(1396, 416, 27, 6, 'SHTM33NA', 300, 'Other Brands Travis Mathew 33 N/A', 3, '2022-06-28 04:07:55'),
(1397, 416, 27, 7, 'SHTM34NA', 300, 'Other Brands Travis Mathew 34 N/A', 3, '2022-06-28 04:08:18'),
(1398, 416, 27, 10, 'SHTM38NA', 300, 'Other Brands Travis Mathew 38 N/A', 3, '2022-06-28 04:08:27'),
(1399, 416, 27, 10, 'SHTM38NA', 300, 'Other Brands Travis Mathew 38 N/A', 3, '2022-06-28 04:08:27'),
(1400, 416, 27, 9, 'SHTM36NA', 300, 'Other Brands Travis Mathew 36 N/A', 3, '2022-06-28 04:08:36'),
(1401, 416, 27, 11, 'SHTM40NA', 300, 'Other Brands Travis Mathew 40 N/A', 3, '2022-06-28 04:08:53'),
(1402, 417, 27, 35, 'SHSPLLNA', 300, 'Other Brands Speedo Shorts LL N/A', 3, '2022-06-28 04:09:36'),
(1403, 417, 27, 35, 'SHSPLLNA', 300, 'Other Brands Speedo Shorts LL N/A', 3, '2022-06-28 04:09:36'),
(1404, 417, 27, 36, 'SHSPXLNA', 300, 'Other Brands Speedo Shorts XL N/A', 3, '2022-06-28 04:09:40'),
(1405, 417, 27, 36, 'SHSPXLNA', 300, 'Other Brands Speedo Shorts XL N/A', 3, '2022-06-28 04:09:40'),
(1406, 417, 27, 37, 'SHSP2XNA', 300, 'Other Brands Speedo Shorts 2X N/A', 3, '2022-06-28 04:09:55'),
(1407, 417, 27, 37, 'SHSP2XNA', 300, 'Other Brands Speedo Shorts 2X N/A', 3, '2022-06-28 04:09:55'),
(1408, 418, 27, 37, 'SHSO2XNA', 300, 'Other Brands S.Oliver Shorts 2XL N/A', 3, '2022-06-28 04:10:29'),
(1409, 418, 27, 38, 'SHSO3XNA', 300, 'Other Brands S.Oliver Shorts 3X N/A', 3, '2022-06-28 04:10:40'),
(1410, 418, 27, 38, 'SHSO3XNA', 300, 'Other Brands S.Oliver Shorts 3X N/A', 3, '2022-06-28 04:10:40'),
(1411, 418, 27, 36, 'SHSOXLNA', 300, 'Other Brands S.Oliver Shorts XL N/A', 3, '2022-06-28 04:10:49'),
(1412, 418, 27, 36, 'SHSOXLNA', 300, 'Other Brands S.Oliver Shorts XL N/A', 3, '2022-06-28 04:10:49'),
(1413, 418, 27, 35, 'SHSOLLNA', 300, 'Other Brands S.Oliver Shorts LL N/A', 3, '2022-06-28 04:10:55'),
(1414, 418, 27, 35, 'SHSOLLNA', 300, 'Other Brands S.Oliver Shorts LL N/A', 3, '2022-06-28 04:10:55'),
(1415, 418, 27, 34, 'SHSOMMNA', 300, 'Other Brands S.Oliver Shorts MM N/A', 3, '2022-06-28 04:11:04'),
(1416, 418, 27, 34, 'SHSOMMNA', 300, 'Other Brands S.Oliver Shorts MM N/A', 3, '2022-06-28 04:11:04'),
(1417, 45, 9, 33, 'STSPSSGY', 300, '511 5.11 Tactical Polyster (Soft) Shirt Short SS Grey', 3, '2022-06-28 04:17:09'),
(1418, 45, 9, 34, 'STSPMMGY', 300, '511 5.11 Tactical Polyster (Soft) Shirt Short MM Grey', 3, '2022-06-28 04:17:15'),
(1419, 45, 9, 34, 'STSPMMGY', 300, '511 5.11 Tactical Polyster (Soft) Shirt Short MM Grey', 3, '2022-06-28 04:17:16'),
(1420, 45, 9, 35, 'STSPLLGY', 300, '511 5.11 Tactical Polyster (Soft) Shirt Short LL Grey', 3, '2022-06-28 04:17:22'),
(1421, 45, 9, 35, 'STSPLLGY', 300, '511 5.11 Tactical Polyster (Soft) Shirt Short LL Grey', 3, '2022-06-28 04:17:22'),
(1422, 45, 9, 36, 'STSPXLGY', 300, '511 5.11 Tactical Polyster (Soft) Shirt Short XL Grey', 3, '2022-06-28 04:17:26'),
(1423, 45, 9, 36, 'STSPXLGY', 300, '511 5.11 Tactical Polyster (Soft) Shirt Short XL Grey', 3, '2022-06-28 04:17:26'),
(1424, 45, 9, 37, 'STSP2XGY', 300, '511 5.11 Tactical Polyster (Soft) Shirt Short 2X Grey', 3, '2022-06-28 04:17:33'),
(1425, 45, 9, 37, 'STSP2XGY', 300, '511 5.11 Tactical Polyster (Soft) Shirt Short 2X Grey', 3, '2022-06-28 04:17:33'),
(1426, 254, 27, 36, 'TLPMNFXL', 300, 'North Face North Face Longsleeved Polos XL N/A', 3, '2022-06-28 04:20:52'),
(1427, 254, 27, 36, 'TLPMNFXL', 300, 'North Face North Face Longsleeved Polos XL N/A', 3, '2022-06-28 04:20:52'),
(1428, 419, 27, 32, 'TLPWAUXS', 300, 'Under Armour Under Armour Women Longsleeve Polos XS N/A', 3, '2022-06-28 04:24:32'),
(1429, 419, 27, 33, 'TLPWAUSS', 300, 'Under Armour Under Armour Women Longsleeve Polos S N/A', 3, '2022-06-28 04:24:52'),
(1430, 419, 27, 34, 'TLPWAUMM', 300, 'Under Armour Under Armour Women Longsleeve Polos M N/A', 3, '2022-06-28 04:25:04'),
(1431, 419, 27, 36, 'TLPWAUXL', 300, 'Under Armour Under Armour Women Longsleeve Polos XL N/A', 3, '2022-06-28 04:25:16'),
(1432, 419, 27, 37, 'TLPMUA2X', 300, 'Under Armour Under Armour Women Longsleeve Polos 2X N/A', 3, '2022-06-28 04:29:47'),
(1433, 420, 27, 33, 'SWNFSSNA', 300, 'North Face North Face Sweaters SS N/A', 3, '2022-06-28 04:34:18'),
(1434, 420, 27, 32, 'SWNFXSNA', 300, 'North Face North Face Sweaters XS N/A', 3, '2022-06-28 04:34:39'),
(1435, 420, 27, 35, 'SWNFLLNA', 300, 'North Face North Face Sweaters LL N/A', 3, '2022-06-28 04:34:44'),
(1436, 420, 27, 34, 'SWNFMMNA', 300, 'North Face North Face Sweaters MM N/A', 3, '2022-06-28 04:34:49'),
(1437, 420, 27, 36, 'SWNFXLNA', 300, 'North Face North Face Sweaters XL N/A', 3, '2022-06-28 04:34:57'),
(1438, 420, 27, 37, 'SWNF2XNA', 300, 'North Face North Face Sweaters 2X N/A', 3, '2022-06-28 04:35:07'),
(1439, 420, 27, 38, 'SWNF3XNA', 300, 'North Face North Face Sweaters 3X N/A', 3, '2022-06-28 04:35:16'),
(1440, 421, 27, 70, 'ACNKWTBG', 300, 'Nike Nike Waist Bag NA N/A', 3, '2022-06-28 04:39:06'),
(1441, 7, 6, 36, 'PTNFXLCH', 300, 'North Face North Face Men Pants XL Charcoal', 3, '2022-06-28 04:42:30'),
(1442, 7, 10, 37, 'PTNF2XKH', 300, 'North Face North Face Men Pants 2X Kakhi', 3, '2022-06-28 04:43:14'),
(1443, 7, 10, 35, 'PTNFLLKH', 300, 'North Face North Face Men Pants LL Kakhi', 3, '2022-06-28 04:43:34'),
(1444, 12, 6, 34, 'PTGSMMCH', 300, '511 Globe Spirit Hiking Pants MM Charcoal', 3, '2022-06-28 04:48:38'),
(1445, 8, 13, 10, 'PTUA38NY', 300, 'Under Armour Under Armour Pants 38 Navy', 3, '2022-06-28 04:52:08'),
(1446, 8, 13, 3, 'PTUA30NY', 300, 'Under Armour Under Armour Pants 30 Navy', 3, '2022-06-28 04:52:20'),
(1447, 1, 26, 3, 'PTST30CY', 300, '511 5.11 Stryke Pants 30 Coyote', 3, '2022-06-28 04:56:06'),
(1448, 1, 13, 3, 'PTST30NY', 300, '511 5.11 Stryke Pants 30 Navy', 3, '2022-06-28 04:56:26'),
(1449, 3, 13, 9, 'PTUS36NY', 300, '511 5.11 US Pants 36 Navy', 3, '2022-06-28 05:01:19'),
(1450, 24, 8, 11, 'SHTP40GN', 300, '511 Taclite Pro Shorts 40 Green', 3, '2022-06-28 05:14:32'),
(1451, 79, 10, 6, 'PTGZ33KH', 300, 'Other Brands G-Zero Pants 33 Kakhi', 3, '2022-06-28 05:23:39');
INSERT INTO `warehouseInventory_tb` (`inventory_id`, `product_id`, `colour_id`, `size_id`, `code`, `quantity`, `description`, `status_id`, `date`) VALUES
(1452, 79, 8, 4, 'PTGZ31GN', 300, 'Other Brands G-Zero Pants 31 Green', 3, '2022-06-28 05:24:45'),
(1453, 22, 27, 34, 'TSPMMMNA', 300, 'North Face North Face Shorts MM N/A', 3, '2022-06-28 05:26:45'),
(1454, 22, 27, 34, 'TSPMMMNA', 300, 'North Face North Face Shorts MM N/A', 3, '2022-06-28 05:26:45'),
(1455, 22, 27, 35, 'TSPMLLNA', 300, 'North Face North Face Shorts LL N/A', 3, '2022-06-28 05:26:57'),
(1456, 22, 27, 35, 'TSPMLLNA', 300, 'North Face North Face Shorts LL N/A', 3, '2022-06-28 05:26:57'),
(1457, 22, 27, 36, 'TSPMXLNA', 300, 'North Face North Face Shorts XL N/A', 3, '2022-06-28 05:27:07'),
(1458, 22, 27, 37, 'TSPM2XNA', 300, 'North Face North Face Shorts 2X N/A', 3, '2022-06-28 05:27:16'),
(1459, 22, 27, 37, 'TSPM2XNA', 300, 'North Face North Face Shorts 2X N/A', 3, '2022-06-28 05:27:16'),
(1460, 72, 13, 10, 'PTPF38NY', 300, 'Other Brands Police Force Pants 38 Navy', 3, '2022-06-28 05:32:28'),
(1461, 72, 13, 5, 'PTPF32NY', 300, 'Other Brands Police Force Pants 32 Navy', 3, '2022-06-28 05:33:13'),
(1462, 7, 2, 35, 'PTNFLLBL', 300, 'North Face North Face Men Pants LL Black', 3, '2022-06-28 05:58:12'),
(1463, 7, 2, 34, 'PTNFMMBL', 300, 'North Face North Face Men Pants MM Black', 3, '2022-06-28 05:58:28'),
(1464, 7, 13, 36, 'PTNFXLNY', 300, 'North Face North Face Men Pants XL Navy', 3, '2022-06-28 05:58:50'),
(1465, 422, 27, 70, 'ACSCHDNF', 300, 'North Face North Face Scarf Hoodie NA N/A', 3, '2022-06-28 06:03:05'),
(1466, 39, 13, 36, 'PTNKXLNY', 300, 'Nike Nike Gym Pants XL Navy', 3, '2022-06-29 07:43:53'),
(1467, 31, 27, 39, 'JPUA4XNA', 300, 'Under Armour Jampers(Hoodies) size 4XL color N/A', 3, '2022-07-01 06:53:02'),
(1468, 264, 27, 39, 'TSRWUA4X', 300, 'Under Amour Roundneck Women T-Shirts size 4XL color N/A', 3, '2022-07-01 10:41:07'),
(1469, 31, 27, 38, 'JPUA3XNA', 200, 'Under Armour Jampers(Hoodies) size 3XL color N/A', 3, '2022-07-01 11:35:25');

--
-- Indexes for dumped tables
--

--
-- Indexes for table `attendant_tb`
--
ALTER TABLE `attendant_tb`
  ADD PRIMARY KEY (`attendant_id`);

--
-- Indexes for table `branch_inventory_tb`
--
ALTER TABLE `branch_inventory_tb`
  ADD PRIMARY KEY (`branch_inventory_id`);

--
-- Indexes for table `branch_tb`
--
ALTER TABLE `branch_tb`
  ADD PRIMARY KEY (`branch_id`);

--
-- Indexes for table `brand_tb`
--
ALTER TABLE `brand_tb`
  ADD PRIMARY KEY (`brand_id`);

--
-- Indexes for table `category_tb`
--
ALTER TABLE `category_tb`
  ADD PRIMARY KEY (`category_id`);

--
-- Indexes for table `colour_tb`
--
ALTER TABLE `colour_tb`
  ADD PRIMARY KEY (`colour_id`);

--
-- Indexes for table `currency_tb`
--
ALTER TABLE `currency_tb`
  ADD PRIMARY KEY (`id`);

--
-- Indexes for table `customer_tb`
--
ALTER TABLE `customer_tb`
  ADD PRIMARY KEY (`customer_id`);

--
-- Indexes for table `day_tb`
--
ALTER TABLE `day_tb`
  ADD PRIMARY KEY (`day_id`);

--
-- Indexes for table `discount_tb`
--
ALTER TABLE `discount_tb`
  ADD PRIMARY KEY (`discount_id`);

--
-- Indexes for table `inventory_product_images_tb`
--
ALTER TABLE `inventory_product_images_tb`
  ADD PRIMARY KEY (`image_id`);

--
-- Indexes for table `invoice_tb`
--
ALTER TABLE `invoice_tb`
  ADD PRIMARY KEY (`id`);

--
-- Indexes for table `notifications_tb`
--
ALTER TABLE `notifications_tb`
  ADD PRIMARY KEY (`id`);

--
-- Indexes for table `order_item_tb`
--
ALTER TABLE `order_item_tb`
  ADD PRIMARY KEY (`order_item_id`);

--
-- Indexes for table `order_tb`
--
ALTER TABLE `order_tb`
  ADD PRIMARY KEY (`order_id`);

--
-- Indexes for table `payment_type_tb`
--
ALTER TABLE `payment_type_tb`
  ADD PRIMARY KEY (`payment_type_id`);

--
-- Indexes for table `product_detail_tb`
--
ALTER TABLE `product_detail_tb`
  ADD PRIMARY KEY (`product_id`);

--
-- Indexes for table `sale_full_details_tb`
--
ALTER TABLE `sale_full_details_tb`
  ADD PRIMARY KEY (`id`);

--
-- Indexes for table `shift_tb`
--
ALTER TABLE `shift_tb`
  ADD PRIMARY KEY (`shift_id`);

--
-- Indexes for table `size_Scheme_tb`
--
ALTER TABLE `size_Scheme_tb`
  ADD PRIMARY KEY (`scheme_id`);

--
-- Indexes for table `size_tb`
--
ALTER TABLE `size_tb`
  ADD PRIMARY KEY (`size_id`);

--
-- Indexes for table `sold_tb`
--
ALTER TABLE `sold_tb`
  ADD PRIMARY KEY (`purchase_id`);

--
-- Indexes for table `status_tb`
--
ALTER TABLE `status_tb`
  ADD PRIMARY KEY (`status_id`);

--
-- Indexes for table `supplier_tb`
--
ALTER TABLE `supplier_tb`
  ADD PRIMARY KEY (`supplier_id`);

--
-- Indexes for table `user_profile_image_tb`
--
ALTER TABLE `user_profile_image_tb`
  ADD PRIMARY KEY (`image_id`);

--
-- Indexes for table `user_tb`
--
ALTER TABLE `user_tb`
  ADD PRIMARY KEY (`user_id`);

--
-- Indexes for table `user_type_tb`
--
ALTER TABLE `user_type_tb`
  ADD PRIMARY KEY (`user_type_id`);

--
-- Indexes for table `warehouseInventory_tb`
--
ALTER TABLE `warehouseInventory_tb`
  ADD PRIMARY KEY (`inventory_id`);

--
-- AUTO_INCREMENT for dumped tables
--

--
-- AUTO_INCREMENT for table `attendant_tb`
--
ALTER TABLE `attendant_tb`
  MODIFY `attendant_id` int(11) NOT NULL AUTO_INCREMENT, AUTO_INCREMENT=23;

--
-- AUTO_INCREMENT for table `branch_inventory_tb`
--
ALTER TABLE `branch_inventory_tb`
  MODIFY `branch_inventory_id` int(11) NOT NULL AUTO_INCREMENT, AUTO_INCREMENT=4400;

--
-- AUTO_INCREMENT for table `branch_tb`
--
ALTER TABLE `branch_tb`
  MODIFY `branch_id` int(11) NOT NULL AUTO_INCREMENT, AUTO_INCREMENT=6;

--
-- AUTO_INCREMENT for table `brand_tb`
--
ALTER TABLE `brand_tb`
  MODIFY `brand_id` int(11) NOT NULL AUTO_INCREMENT, AUTO_INCREMENT=14;

--
-- AUTO_INCREMENT for table `category_tb`
--
ALTER TABLE `category_tb`
  MODIFY `category_id` int(11) NOT NULL AUTO_INCREMENT, AUTO_INCREMENT=19;

--
-- AUTO_INCREMENT for table `colour_tb`
--
ALTER TABLE `colour_tb`
  MODIFY `colour_id` int(11) NOT NULL AUTO_INCREMENT, AUTO_INCREMENT=31;

--
-- AUTO_INCREMENT for table `currency_tb`
--
ALTER TABLE `currency_tb`
  MODIFY `id` int(11) NOT NULL AUTO_INCREMENT, AUTO_INCREMENT=3;

--
-- AUTO_INCREMENT for table `customer_tb`
--
ALTER TABLE `customer_tb`
  MODIFY `customer_id` int(11) NOT NULL AUTO_INCREMENT, AUTO_INCREMENT=3;

--
-- AUTO_INCREMENT for table `day_tb`
--
ALTER TABLE `day_tb`
  MODIFY `day_id` int(11) NOT NULL AUTO_INCREMENT, AUTO_INCREMENT=8;

--
-- AUTO_INCREMENT for table `discount_tb`
--
ALTER TABLE `discount_tb`
  MODIFY `discount_id` int(11) NOT NULL AUTO_INCREMENT, AUTO_INCREMENT=6;

--
-- AUTO_INCREMENT for table `inventory_product_images_tb`
--
ALTER TABLE `inventory_product_images_tb`
  MODIFY `image_id` int(11) NOT NULL AUTO_INCREMENT, AUTO_INCREMENT=2075;

--
-- AUTO_INCREMENT for table `invoice_tb`
--
ALTER TABLE `invoice_tb`
  MODIFY `id` int(11) NOT NULL AUTO_INCREMENT, AUTO_INCREMENT=16;

--
-- AUTO_INCREMENT for table `notifications_tb`
--
ALTER TABLE `notifications_tb`
  MODIFY `id` int(11) NOT NULL AUTO_INCREMENT, AUTO_INCREMENT=2;

--
-- AUTO_INCREMENT for table `order_item_tb`
--
ALTER TABLE `order_item_tb`
  MODIFY `order_item_id` int(11) NOT NULL AUTO_INCREMENT;

--
-- AUTO_INCREMENT for table `order_tb`
--
ALTER TABLE `order_tb`
  MODIFY `order_id` int(11) NOT NULL AUTO_INCREMENT;

--
-- AUTO_INCREMENT for table `payment_type_tb`
--
ALTER TABLE `payment_type_tb`
  MODIFY `payment_type_id` int(11) NOT NULL AUTO_INCREMENT, AUTO_INCREMENT=7;

--
-- AUTO_INCREMENT for table `product_detail_tb`
--
ALTER TABLE `product_detail_tb`
  MODIFY `product_id` int(11) NOT NULL AUTO_INCREMENT, AUTO_INCREMENT=424;

--
-- AUTO_INCREMENT for table `sale_full_details_tb`
--
ALTER TABLE `sale_full_details_tb`
  MODIFY `id` int(11) NOT NULL AUTO_INCREMENT;

--
-- AUTO_INCREMENT for table `shift_tb`
--
ALTER TABLE `shift_tb`
  MODIFY `shift_id` int(11) NOT NULL AUTO_INCREMENT, AUTO_INCREMENT=3;

--
-- AUTO_INCREMENT for table `size_Scheme_tb`
--
ALTER TABLE `size_Scheme_tb`
  MODIFY `scheme_id` int(11) NOT NULL AUTO_INCREMENT, AUTO_INCREMENT=4;

--
-- AUTO_INCREMENT for table `size_tb`
--
ALTER TABLE `size_tb`
  MODIFY `size_id` int(11) NOT NULL AUTO_INCREMENT, AUTO_INCREMENT=73;

--
-- AUTO_INCREMENT for table `sold_tb`
--
ALTER TABLE `sold_tb`
  MODIFY `purchase_id` int(11) NOT NULL AUTO_INCREMENT, AUTO_INCREMENT=29;

--
-- AUTO_INCREMENT for table `status_tb`
--
ALTER TABLE `status_tb`
  MODIFY `status_id` int(11) NOT NULL AUTO_INCREMENT, AUTO_INCREMENT=9;

--
-- AUTO_INCREMENT for table `supplier_tb`
--
ALTER TABLE `supplier_tb`
  MODIFY `supplier_id` int(11) NOT NULL AUTO_INCREMENT, AUTO_INCREMENT=12;

--
-- AUTO_INCREMENT for table `user_profile_image_tb`
--
ALTER TABLE `user_profile_image_tb`
  MODIFY `image_id` int(11) NOT NULL AUTO_INCREMENT, AUTO_INCREMENT=41;

--
-- AUTO_INCREMENT for table `user_tb`
--
ALTER TABLE `user_tb`
  MODIFY `user_id` int(11) NOT NULL AUTO_INCREMENT, AUTO_INCREMENT=24;

--
-- AUTO_INCREMENT for table `user_type_tb`
--
ALTER TABLE `user_type_tb`
  MODIFY `user_type_id` int(11) NOT NULL AUTO_INCREMENT, AUTO_INCREMENT=4;

--
-- AUTO_INCREMENT for table `warehouseInventory_tb`
--
ALTER TABLE `warehouseInventory_tb`
  MODIFY `inventory_id` int(11) NOT NULL AUTO_INCREMENT, AUTO_INCREMENT=1470;
COMMIT;

/*!40101 SET CHARACTER_SET_CLIENT=@OLD_CHARACTER_SET_CLIENT */;
/*!40101 SET CHARACTER_SET_RESULTS=@OLD_CHARACTER_SET_RESULTS */;
/*!40101 SET COLLATION_CONNECTION=@OLD_COLLATION_CONNECTION */;
