-- phpMyAdmin SQL Dump
-- version 5.1.0
-- https://www.phpmyadmin.net/
--
-- Host: localhost
-- Generation Time: Jun 18, 2022 at 03:36 AM
-- Server version: 10.4.19-MariaDB
-- PHP Version: 8.0.6

SET SQL_MODE = "NO_AUTO_VALUE_ON_ZERO";
START TRANSACTION;
SET time_zone = "+00:00";


/*!40101 SET @OLD_CHARACTER_SET_CLIENT=@@CHARACTER_SET_CLIENT */;
/*!40101 SET @OLD_CHARACTER_SET_RESULTS=@@CHARACTER_SET_RESULTS */;
/*!40101 SET @OLD_COLLATION_CONNECTION=@@COLLATION_CONNECTION */;
/*!40101 SET NAMES utf8mb4 */;

--
-- Database: `db_lifestyleoutdoorgear`
--

-- --------------------------------------------------------

--
-- Table structure for table `attendant_tb`
--

CREATE TABLE `attendant_tb` (
  `attendant_id` int(11) NOT NULL,
  `user_id` int(11) NOT NULL,
  `branch_id` int(11) NOT NULL,
  `created_date` timestamp NOT NULL DEFAULT current_timestamp()
) ENGINE=InnoDB DEFAULT CHARSET=utf8mb4;

--
-- Dumping data for table `attendant_tb`
--

INSERT INTO `attendant_tb` (`attendant_id`, `user_id`, `branch_id`, `created_date`) VALUES
(2, 17, 3, '2022-04-05 03:47:26'),
(13, 7, 4, '2022-04-20 08:39:23'),
(15, 4, 3, '2022-04-21 07:48:24'),
(19, 23, 3, '2022-04-27 08:41:50'),
(20, 5, 1, '2022-05-04 03:54:12'),
(21, 6, 1, '2022-05-10 09:03:30'),
(22, 3, 4, '2022-05-10 09:04:58');

-- --------------------------------------------------------

--
-- Table structure for table `branch_inventory_tb`
--

CREATE TABLE `branch_inventory_tb` (
  `branch_inventory_id` int(11) NOT NULL,
  `warehouse_inventory_id` int(11) NOT NULL,
  `branch_id` int(11) NOT NULL,
  `quantity` int(11) NOT NULL,
  `date` varchar(150) NOT NULL
) ENGINE=InnoDB DEFAULT CHARSET=utf8mb4;

--
-- Dumping data for table `branch_inventory_tb`
--

INSERT INTO `branch_inventory_tb` (`branch_inventory_id`, `warehouse_inventory_id`, `branch_id`, `quantity`, `date`) VALUES
(1, 1, 3, 100, '06/15/2022'),
(2, 2, 3, 100, '06/15/2022'),
(3, 3, 3, 100, '06/15/2022'),
(4, 4, 3, 100, '06/15/2022'),
(5, 5, 3, 100, '06/15/2022'),
(6, 6, 3, 100, '06/15/2022'),
(7, 7, 3, 100, '06/15/2022'),
(8, 8, 3, 100, '06/15/2022'),
(9, 9, 3, 100, '06/15/2022'),
(10, 10, 3, 100, '06/15/2022'),
(11, 11, 3, 100, '06/15/2022'),
(12, 12, 3, 100, '06/15/2022'),
(13, 13, 3, 100, '06/15/2022'),
(14, 14, 3, 100, '06/15/2022'),
(15, 15, 3, 100, '06/15/2022'),
(16, 16, 3, 100, '06/15/2022'),
(17, 17, 3, 100, '06/15/2022'),
(18, 18, 3, 100, '06/15/2022'),
(19, 19, 3, 100, '06/15/2022'),
(20, 20, 3, 100, '06/15/2022'),
(21, 21, 3, 100, '06/15/2022'),
(22, 22, 3, 100, '06/15/2022'),
(23, 23, 3, 100, '06/15/2022'),
(24, 24, 3, 100, '06/15/2022'),
(25, 25, 3, 100, '06/15/2022'),
(26, 26, 3, 100, '06/15/2022'),
(27, 27, 3, 100, '06/15/2022'),
(28, 28, 3, 100, '06/15/2022'),
(29, 29, 3, 100, '06/15/2022'),
(30, 30, 3, 100, '06/15/2022'),
(31, 31, 3, 100, '06/15/2022'),
(32, 32, 3, 100, '06/15/2022'),
(33, 33, 3, 100, '06/15/2022'),
(34, 34, 3, 100, '06/15/2022'),
(35, 35, 3, 100, '06/15/2022'),
(36, 36, 3, 100, '06/15/2022'),
(37, 37, 3, 100, '06/15/2022'),
(38, 38, 3, 100, '06/15/2022'),
(39, 39, 3, 100, '06/15/2022'),
(40, 40, 3, 100, '06/15/2022'),
(41, 41, 3, 100, '06/15/2022'),
(42, 42, 3, 100, '06/15/2022'),
(43, 43, 3, 100, '06/15/2022'),
(44, 44, 3, 100, '06/15/2022'),
(45, 45, 3, 100, '06/15/2022'),
(46, 46, 3, 100, '06/15/2022'),
(47, 47, 3, 100, '06/15/2022'),
(48, 48, 3, 100, '06/15/2022'),
(49, 49, 3, 100, '06/15/2022'),
(50, 50, 3, 100, '06/15/2022'),
(51, 51, 3, 100, '06/15/2022'),
(52, 52, 3, 100, '06/15/2022'),
(53, 53, 3, 100, '06/15/2022'),
(54, 54, 3, 100, '06/15/2022'),
(55, 55, 3, 100, '06/15/2022'),
(56, 56, 3, 100, '06/15/2022'),
(57, 57, 3, 100, '06/15/2022'),
(58, 58, 3, 100, '06/15/2022'),
(59, 59, 3, 100, '06/15/2022'),
(60, 60, 3, 100, '06/15/2022'),
(61, 61, 3, 100, '06/15/2022'),
(62, 62, 3, 100, '06/15/2022'),
(63, 63, 3, 100, '06/15/2022'),
(64, 64, 3, 100, '06/15/2022'),
(65, 65, 3, 100, '06/15/2022'),
(66, 66, 3, 100, '06/15/2022'),
(67, 67, 3, 100, '06/15/2022'),
(68, 68, 3, 100, '06/15/2022'),
(69, 69, 3, 100, '06/15/2022'),
(70, 70, 3, 100, '06/15/2022'),
(71, 71, 3, 100, '06/15/2022'),
(72, 72, 3, 100, '06/15/2022'),
(73, 73, 3, 100, '06/15/2022'),
(74, 74, 3, 100, '06/15/2022'),
(75, 75, 3, 100, '06/15/2022'),
(76, 76, 3, 100, '06/15/2022'),
(77, 77, 3, 100, '06/15/2022'),
(78, 78, 3, 100, '06/15/2022'),
(79, 79, 3, 100, '06/15/2022'),
(80, 80, 3, 100, '06/15/2022'),
(81, 81, 3, 100, '06/15/2022'),
(82, 82, 3, 100, '06/15/2022'),
(83, 83, 3, 100, '06/15/2022'),
(84, 84, 3, 100, '06/15/2022'),
(85, 85, 3, 100, '06/15/2022'),
(86, 86, 3, 100, '06/15/2022'),
(87, 87, 3, 100, '06/15/2022'),
(88, 88, 3, 100, '06/15/2022'),
(89, 89, 3, 100, '06/15/2022'),
(90, 90, 3, 100, '06/15/2022'),
(91, 91, 3, 100, '06/15/2022'),
(92, 92, 3, 100, '06/15/2022'),
(93, 93, 3, 100, '06/15/2022'),
(94, 94, 3, 100, '06/15/2022'),
(95, 95, 3, 100, '06/15/2022'),
(96, 96, 3, 100, '06/15/2022'),
(97, 97, 3, 100, '06/15/2022'),
(98, 98, 3, 100, '06/15/2022'),
(99, 99, 3, 100, '06/15/2022'),
(100, 100, 3, 100, '06/15/2022'),
(101, 101, 3, 100, '06/15/2022'),
(102, 102, 3, 100, '06/15/2022'),
(103, 103, 3, 100, '06/15/2022'),
(104, 104, 3, 100, '06/15/2022'),
(105, 105, 3, 100, '06/15/2022'),
(106, 106, 3, 100, '06/15/2022'),
(107, 107, 3, 100, '06/15/2022'),
(108, 108, 3, 100, '06/15/2022'),
(109, 109, 3, 100, '06/15/2022'),
(110, 110, 3, 100, '06/15/2022'),
(111, 111, 3, 100, '06/15/2022'),
(112, 112, 3, 100, '06/15/2022'),
(113, 113, 3, 100, '06/15/2022'),
(114, 114, 3, 100, '06/15/2022'),
(115, 115, 3, 100, '06/15/2022'),
(116, 116, 3, 100, '06/15/2022'),
(117, 117, 3, 100, '06/15/2022'),
(118, 118, 3, 100, '06/15/2022'),
(119, 119, 3, 100, '06/15/2022'),
(120, 120, 3, 100, '06/15/2022'),
(121, 121, 3, 100, '06/15/2022'),
(122, 122, 3, 100, '06/15/2022'),
(123, 123, 3, 100, '06/15/2022'),
(124, 124, 3, 100, '06/15/2022'),
(125, 125, 3, 100, '06/15/2022'),
(126, 126, 3, 100, '06/15/2022'),
(127, 127, 3, 100, '06/15/2022'),
(128, 128, 3, 100, '06/15/2022'),
(129, 129, 3, 100, '06/15/2022'),
(130, 130, 3, 100, '06/15/2022'),
(131, 131, 3, 100, '06/15/2022'),
(132, 132, 3, 100, '06/15/2022'),
(133, 133, 3, 100, '06/15/2022'),
(134, 134, 3, 100, '06/15/2022'),
(135, 135, 3, 100, '06/15/2022'),
(136, 136, 3, 100, '06/15/2022'),
(137, 137, 3, 100, '06/15/2022'),
(138, 138, 3, 100, '06/15/2022'),
(139, 139, 3, 100, '06/15/2022'),
(140, 140, 3, 100, '06/15/2022'),
(141, 141, 3, 100, '06/15/2022'),
(142, 142, 3, 100, '06/15/2022'),
(143, 143, 3, 100, '06/15/2022'),
(144, 144, 3, 100, '06/15/2022'),
(145, 145, 3, 100, '06/15/2022'),
(146, 146, 3, 100, '06/15/2022'),
(147, 147, 3, 100, '06/15/2022'),
(148, 148, 3, 100, '06/15/2022'),
(149, 149, 3, 100, '06/15/2022'),
(150, 150, 3, 100, '06/15/2022'),
(151, 151, 3, 100, '06/15/2022'),
(152, 152, 3, 100, '06/15/2022'),
(153, 153, 3, 100, '06/15/2022'),
(154, 154, 3, 100, '06/15/2022'),
(155, 155, 3, 100, '06/15/2022'),
(156, 156, 3, 100, '06/15/2022'),
(157, 157, 3, 100, '06/15/2022'),
(158, 158, 3, 100, '06/15/2022'),
(159, 159, 3, 100, '06/15/2022'),
(160, 160, 3, 100, '06/15/2022'),
(161, 161, 3, 100, '06/15/2022'),
(162, 162, 3, 100, '06/15/2022'),
(163, 163, 3, 100, '06/15/2022'),
(164, 164, 3, 100, '06/15/2022'),
(165, 165, 3, 100, '06/15/2022'),
(166, 166, 3, 100, '06/15/2022'),
(167, 167, 3, 100, '06/15/2022'),
(168, 168, 3, 100, '06/15/2022'),
(169, 169, 3, 100, '06/15/2022'),
(170, 170, 3, 100, '06/15/2022'),
(171, 171, 3, 100, '06/15/2022'),
(172, 172, 3, 100, '06/15/2022'),
(173, 173, 3, 100, '06/15/2022'),
(174, 174, 3, 100, '06/15/2022'),
(175, 175, 3, 100, '06/15/2022'),
(176, 176, 3, 100, '06/15/2022'),
(177, 177, 3, 100, '06/15/2022'),
(178, 178, 3, 100, '06/15/2022'),
(179, 179, 3, 100, '06/15/2022'),
(180, 180, 3, 100, '06/15/2022'),
(181, 181, 3, 100, '06/15/2022'),
(182, 182, 3, 100, '06/15/2022'),
(183, 183, 3, 100, '06/15/2022'),
(184, 184, 3, 100, '06/15/2022'),
(185, 185, 3, 100, '06/15/2022'),
(186, 186, 3, 100, '06/15/2022'),
(187, 187, 3, 100, '06/15/2022'),
(188, 188, 3, 100, '06/15/2022'),
(189, 189, 3, 100, '06/15/2022'),
(190, 190, 3, 100, '06/15/2022'),
(191, 191, 3, 100, '06/15/2022'),
(192, 192, 3, 100, '06/15/2022'),
(193, 193, 3, 100, '06/15/2022'),
(194, 194, 3, 100, '06/15/2022'),
(195, 195, 3, 100, '06/15/2022'),
(196, 196, 3, 100, '06/15/2022'),
(197, 197, 3, 100, '06/15/2022'),
(198, 198, 3, 100, '06/15/2022'),
(199, 199, 3, 100, '06/15/2022'),
(200, 200, 3, 100, '06/15/2022'),
(201, 201, 3, 100, '06/15/2022'),
(202, 202, 3, 100, '06/15/2022'),
(203, 203, 3, 100, '06/15/2022'),
(204, 204, 3, 100, '06/15/2022'),
(205, 205, 3, 100, '06/15/2022'),
(206, 206, 3, 100, '06/15/2022'),
(207, 207, 3, 100, '06/15/2022'),
(208, 208, 3, 100, '06/15/2022'),
(209, 209, 3, 100, '06/15/2022'),
(210, 210, 3, 100, '06/15/2022'),
(211, 211, 3, 100, '06/15/2022'),
(212, 212, 3, 100, '06/15/2022'),
(213, 213, 3, 100, '06/15/2022'),
(214, 214, 3, 100, '06/15/2022'),
(215, 215, 3, 100, '06/15/2022'),
(216, 216, 3, 100, '06/15/2022'),
(217, 217, 3, 100, '06/15/2022'),
(218, 218, 3, 100, '06/15/2022'),
(219, 219, 3, 100, '06/15/2022'),
(220, 220, 3, 100, '06/15/2022'),
(221, 221, 3, 100, '06/15/2022'),
(222, 222, 3, 100, '06/15/2022'),
(223, 223, 3, 100, '06/15/2022'),
(224, 224, 3, 100, '06/15/2022'),
(225, 225, 3, 100, '06/15/2022'),
(226, 226, 3, 100, '06/15/2022'),
(227, 227, 3, 100, '06/15/2022'),
(228, 228, 3, 100, '06/15/2022'),
(229, 229, 3, 100, '06/15/2022'),
(230, 230, 3, 100, '06/15/2022'),
(231, 231, 3, 100, '06/15/2022'),
(232, 232, 3, 100, '06/15/2022'),
(233, 233, 3, 100, '06/15/2022'),
(234, 234, 3, 100, '06/15/2022'),
(235, 235, 3, 100, '06/15/2022'),
(236, 236, 3, 100, '06/15/2022'),
(237, 237, 3, 100, '06/15/2022'),
(238, 238, 3, 100, '06/15/2022'),
(239, 239, 3, 100, '06/15/2022'),
(240, 240, 3, 100, '06/15/2022'),
(241, 241, 3, 100, '06/15/2022'),
(242, 242, 3, 100, '06/15/2022'),
(243, 243, 3, 100, '06/15/2022'),
(244, 244, 3, 100, '06/15/2022'),
(245, 245, 3, 100, '06/15/2022'),
(246, 246, 3, 100, '06/15/2022'),
(247, 247, 3, 100, '06/15/2022'),
(248, 248, 3, 100, '06/15/2022'),
(249, 249, 3, 100, '06/15/2022'),
(250, 250, 3, 100, '06/15/2022'),
(251, 251, 3, 100, '06/15/2022'),
(252, 252, 3, 100, '06/15/2022'),
(253, 253, 3, 100, '06/15/2022'),
(254, 254, 3, 100, '06/15/2022'),
(255, 255, 3, 100, '06/15/2022'),
(256, 256, 3, 100, '06/15/2022'),
(257, 257, 3, 100, '06/15/2022'),
(258, 258, 3, 100, '06/15/2022'),
(259, 259, 3, 100, '06/15/2022'),
(260, 260, 3, 100, '06/15/2022'),
(261, 261, 3, 100, '06/15/2022'),
(262, 262, 3, 100, '06/15/2022'),
(263, 263, 3, 100, '06/15/2022'),
(264, 264, 3, 100, '06/15/2022'),
(265, 265, 3, 100, '06/15/2022'),
(266, 266, 3, 100, '06/15/2022'),
(267, 267, 3, 100, '06/15/2022'),
(268, 268, 3, 100, '06/15/2022'),
(269, 269, 3, 100, '06/15/2022'),
(270, 270, 3, 100, '06/15/2022'),
(271, 271, 3, 100, '06/15/2022'),
(272, 272, 3, 100, '06/15/2022'),
(273, 273, 3, 100, '06/15/2022'),
(274, 274, 3, 100, '06/15/2022'),
(275, 275, 3, 100, '06/15/2022'),
(276, 276, 3, 100, '06/15/2022'),
(277, 277, 3, 100, '06/15/2022'),
(278, 278, 3, 100, '06/15/2022'),
(279, 279, 3, 100, '06/15/2022'),
(280, 280, 3, 100, '06/15/2022'),
(281, 281, 3, 100, '06/15/2022'),
(282, 282, 3, 100, '06/15/2022'),
(283, 283, 3, 100, '06/15/2022'),
(284, 284, 3, 100, '06/15/2022'),
(285, 285, 3, 100, '06/15/2022'),
(286, 286, 3, 100, '06/15/2022'),
(287, 287, 3, 100, '06/15/2022'),
(288, 288, 3, 100, '06/15/2022'),
(289, 289, 3, 100, '06/15/2022'),
(290, 290, 3, 100, '06/15/2022'),
(291, 291, 3, 100, '06/15/2022'),
(292, 292, 3, 100, '06/15/2022'),
(293, 293, 3, 100, '06/15/2022'),
(294, 294, 3, 100, '06/15/2022'),
(295, 295, 3, 100, '06/15/2022'),
(296, 296, 3, 100, '06/15/2022'),
(297, 297, 3, 100, '06/15/2022'),
(298, 298, 3, 100, '06/15/2022'),
(299, 299, 3, 100, '06/15/2022'),
(300, 300, 3, 100, '06/15/2022'),
(301, 301, 3, 100, '06/15/2022'),
(302, 302, 3, 100, '06/15/2022'),
(303, 303, 3, 100, '06/15/2022'),
(304, 304, 3, 100, '06/15/2022'),
(305, 305, 3, 100, '06/15/2022'),
(306, 306, 3, 100, '06/15/2022'),
(307, 307, 3, 100, '06/15/2022'),
(308, 308, 3, 100, '06/15/2022'),
(309, 309, 3, 100, '06/15/2022'),
(310, 310, 3, 100, '06/15/2022'),
(311, 311, 3, 100, '06/15/2022'),
(312, 312, 3, 100, '06/15/2022'),
(313, 313, 3, 100, '06/15/2022'),
(314, 314, 3, 100, '06/15/2022'),
(315, 315, 3, 100, '06/15/2022'),
(316, 316, 3, 100, '06/15/2022'),
(317, 317, 3, 100, '06/15/2022'),
(318, 318, 3, 100, '06/15/2022'),
(319, 319, 3, 100, '06/15/2022'),
(320, 320, 3, 100, '06/15/2022'),
(321, 321, 3, 100, '06/15/2022'),
(322, 322, 3, 100, '06/15/2022'),
(323, 323, 3, 100, '06/15/2022'),
(324, 324, 3, 100, '06/15/2022'),
(325, 325, 3, 100, '06/15/2022'),
(326, 326, 3, 100, '06/15/2022'),
(327, 327, 3, 100, '06/15/2022'),
(328, 328, 3, 100, '06/15/2022'),
(329, 329, 3, 100, '06/15/2022'),
(330, 330, 3, 100, '06/15/2022'),
(331, 331, 3, 100, '06/15/2022'),
(332, 332, 3, 100, '06/15/2022'),
(333, 333, 3, 100, '06/15/2022'),
(334, 334, 3, 100, '06/15/2022'),
(335, 335, 3, 100, '06/15/2022'),
(336, 336, 3, 100, '06/15/2022'),
(337, 337, 3, 100, '06/15/2022'),
(338, 338, 3, 100, '06/15/2022'),
(339, 339, 3, 100, '06/15/2022'),
(340, 340, 3, 100, '06/15/2022'),
(341, 341, 3, 100, '06/15/2022'),
(342, 342, 3, 100, '06/15/2022'),
(343, 343, 3, 100, '06/15/2022'),
(344, 344, 3, 100, '06/15/2022'),
(345, 345, 3, 100, '06/15/2022'),
(346, 346, 3, 100, '06/15/2022'),
(347, 347, 3, 100, '06/15/2022'),
(348, 348, 3, 100, '06/15/2022'),
(349, 349, 3, 100, '06/15/2022'),
(350, 350, 3, 100, '06/15/2022'),
(351, 351, 3, 100, '06/15/2022'),
(352, 352, 3, 100, '06/15/2022'),
(353, 353, 3, 100, '06/15/2022'),
(354, 354, 3, 100, '06/15/2022'),
(355, 355, 3, 100, '06/15/2022'),
(356, 356, 3, 100, '06/15/2022'),
(357, 357, 3, 100, '06/15/2022'),
(358, 358, 3, 100, '06/15/2022'),
(359, 359, 3, 100, '06/15/2022'),
(360, 360, 3, 100, '06/15/2022'),
(361, 361, 3, 100, '06/15/2022'),
(362, 362, 3, 100, '06/15/2022'),
(363, 363, 3, 100, '06/15/2022'),
(364, 364, 3, 100, '06/15/2022'),
(365, 365, 3, 100, '06/15/2022'),
(366, 366, 3, 100, '06/15/2022'),
(367, 367, 3, 100, '06/15/2022'),
(368, 368, 3, 100, '06/15/2022'),
(369, 369, 3, 100, '06/15/2022'),
(370, 370, 3, 100, '06/15/2022'),
(371, 371, 3, 100, '06/15/2022'),
(372, 372, 3, 100, '06/15/2022'),
(373, 373, 3, 100, '06/15/2022'),
(374, 374, 3, 100, '06/15/2022'),
(375, 375, 3, 100, '06/15/2022'),
(376, 376, 3, 100, '06/15/2022'),
(377, 377, 3, 100, '06/15/2022'),
(378, 378, 3, 100, '06/15/2022'),
(379, 379, 3, 100, '06/15/2022'),
(380, 380, 3, 100, '06/15/2022'),
(381, 381, 3, 100, '06/15/2022'),
(382, 382, 3, 100, '06/15/2022'),
(383, 383, 3, 100, '06/15/2022'),
(384, 384, 3, 100, '06/15/2022'),
(385, 385, 3, 100, '06/15/2022'),
(386, 386, 3, 100, '06/15/2022'),
(387, 387, 3, 100, '06/15/2022'),
(388, 388, 3, 100, '06/15/2022'),
(389, 389, 3, 100, '06/15/2022'),
(390, 390, 3, 100, '06/15/2022'),
(391, 391, 3, 100, '06/15/2022'),
(392, 392, 3, 100, '06/15/2022'),
(393, 393, 3, 100, '06/15/2022'),
(394, 394, 3, 100, '06/15/2022'),
(395, 395, 3, 100, '06/15/2022'),
(396, 396, 3, 100, '06/15/2022'),
(397, 397, 3, 100, '06/15/2022'),
(398, 398, 3, 100, '06/15/2022'),
(399, 506, 3, 100, '06/15/2022'),
(400, 507, 3, 100, '06/15/2022'),
(401, 508, 3, 100, '06/15/2022'),
(402, 521, 3, 100, '06/15/2022'),
(403, 522, 3, 100, '06/15/2022'),
(404, 523, 3, 100, '06/15/2022'),
(405, 524, 3, 100, '06/15/2022'),
(406, 525, 3, 100, '06/15/2022'),
(407, 526, 3, 100, '06/15/2022'),
(408, 527, 3, 100, '06/15/2022'),
(409, 528, 3, 100, '06/15/2022'),
(410, 529, 3, 100, '06/15/2022'),
(411, 530, 3, 100, '06/15/2022'),
(412, 531, 3, 100, '06/15/2022'),
(413, 532, 3, 100, '06/15/2022'),
(414, 533, 3, 100, '06/15/2022'),
(415, 534, 3, 100, '06/15/2022'),
(416, 535, 3, 100, '06/15/2022'),
(417, 536, 3, 100, '06/15/2022'),
(418, 537, 3, 100, '06/15/2022'),
(419, 538, 3, 100, '06/15/2022'),
(420, 539, 3, 100, '06/15/2022'),
(421, 540, 3, 100, '06/15/2022'),
(422, 541, 3, 100, '06/15/2022'),
(423, 542, 3, 100, '06/15/2022'),
(424, 543, 3, 100, '06/15/2022'),
(425, 544, 3, 100, '06/15/2022'),
(426, 545, 3, 100, '06/15/2022'),
(427, 546, 3, 100, '06/15/2022'),
(428, 547, 3, 100, '06/15/2022'),
(429, 548, 3, 100, '06/15/2022'),
(430, 549, 3, 100, '06/15/2022'),
(431, 550, 3, 100, '06/15/2022'),
(432, 551, 3, 100, '06/15/2022'),
(433, 552, 3, 100, '06/15/2022'),
(434, 553, 3, 100, '06/15/2022'),
(435, 554, 3, 100, '06/15/2022'),
(436, 555, 3, 100, '06/15/2022'),
(437, 556, 3, 100, '06/15/2022'),
(438, 557, 3, 100, '06/15/2022'),
(439, 558, 3, 100, '06/15/2022'),
(440, 559, 3, 100, '06/15/2022'),
(441, 560, 3, 100, '06/15/2022'),
(442, 561, 3, 100, '06/15/2022'),
(443, 562, 3, 100, '06/15/2022'),
(444, 563, 3, 100, '06/15/2022'),
(445, 564, 3, 100, '06/15/2022'),
(446, 565, 3, 100, '06/15/2022'),
(447, 566, 3, 100, '06/15/2022'),
(448, 567, 3, 100, '06/15/2022'),
(449, 568, 3, 100, '06/15/2022'),
(450, 569, 3, 100, '06/15/2022'),
(451, 570, 3, 100, '06/15/2022'),
(452, 572, 3, 100, '06/15/2022'),
(453, 573, 3, 100, '06/15/2022'),
(454, 574, 3, 100, '06/15/2022'),
(455, 575, 3, 100, '06/15/2022'),
(456, 576, 3, 100, '06/15/2022'),
(457, 577, 3, 100, '06/15/2022'),
(458, 578, 3, 100, '06/15/2022'),
(459, 579, 3, 100, '06/15/2022'),
(460, 580, 3, 100, '06/15/2022'),
(461, 581, 3, 100, '06/15/2022'),
(462, 582, 3, 100, '06/15/2022'),
(463, 583, 3, 100, '06/15/2022'),
(464, 584, 3, 100, '06/15/2022'),
(465, 585, 3, 100, '06/15/2022'),
(466, 586, 3, 100, '06/15/2022'),
(467, 587, 3, 100, '06/15/2022'),
(468, 588, 3, 100, '06/15/2022'),
(469, 589, 3, 100, '06/15/2022'),
(470, 590, 3, 100, '06/15/2022'),
(471, 591, 3, 100, '06/15/2022'),
(472, 592, 3, 100, '06/15/2022'),
(473, 593, 3, 100, '06/15/2022'),
(474, 594, 3, 100, '06/15/2022'),
(475, 595, 3, 100, '06/15/2022'),
(476, 596, 3, 100, '06/15/2022'),
(477, 597, 3, 100, '06/15/2022'),
(478, 598, 3, 100, '06/15/2022'),
(479, 599, 3, 100, '06/15/2022'),
(480, 600, 3, 100, '06/15/2022'),
(481, 601, 3, 100, '06/15/2022'),
(482, 602, 3, 100, '06/15/2022'),
(483, 603, 3, 100, '06/15/2022'),
(484, 604, 3, 100, '06/15/2022'),
(485, 605, 3, 100, '06/15/2022'),
(486, 606, 3, 100, '06/15/2022'),
(487, 607, 3, 100, '06/15/2022'),
(488, 608, 3, 100, '06/15/2022'),
(489, 609, 3, 100, '06/15/2022'),
(490, 610, 3, 100, '06/15/2022'),
(491, 611, 3, 100, '06/15/2022'),
(492, 612, 3, 100, '06/15/2022'),
(493, 613, 3, 100, '06/15/2022'),
(494, 614, 3, 100, '06/15/2022'),
(495, 615, 3, 100, '06/15/2022'),
(496, 616, 3, 100, '06/15/2022'),
(497, 617, 3, 100, '06/15/2022'),
(498, 618, 3, 100, '06/15/2022'),
(499, 619, 3, 100, '06/15/2022'),
(500, 620, 3, 100, '06/15/2022'),
(501, 621, 3, 100, '06/15/2022'),
(502, 622, 3, 100, '06/15/2022'),
(503, 623, 3, 100, '06/15/2022'),
(504, 624, 3, 100, '06/15/2022'),
(505, 625, 3, 100, '06/15/2022'),
(506, 626, 3, 100, '06/15/2022'),
(507, 627, 3, 100, '06/15/2022'),
(508, 628, 3, 100, '06/15/2022'),
(509, 629, 3, 100, '06/15/2022'),
(510, 630, 3, 100, '06/15/2022'),
(511, 631, 3, 100, '06/15/2022'),
(512, 632, 3, 100, '06/15/2022'),
(513, 633, 3, 100, '06/15/2022'),
(514, 634, 3, 100, '06/15/2022'),
(515, 635, 3, 100, '06/15/2022'),
(516, 636, 3, 100, '06/15/2022'),
(517, 637, 3, 100, '06/15/2022'),
(518, 638, 3, 100, '06/15/2022'),
(519, 639, 3, 100, '06/15/2022'),
(520, 640, 3, 100, '06/15/2022'),
(521, 641, 3, 100, '06/15/2022'),
(522, 642, 3, 100, '06/15/2022'),
(523, 643, 3, 100, '06/15/2022'),
(524, 644, 3, 100, '06/15/2022'),
(525, 645, 3, 100, '06/15/2022'),
(526, 646, 3, 100, '06/15/2022'),
(527, 647, 3, 100, '06/15/2022'),
(528, 648, 3, 100, '06/15/2022'),
(529, 649, 3, 100, '06/15/2022'),
(530, 650, 3, 100, '06/15/2022'),
(531, 651, 3, 100, '06/15/2022'),
(532, 652, 3, 100, '06/15/2022'),
(533, 653, 3, 100, '06/15/2022'),
(534, 654, 3, 100, '06/15/2022'),
(535, 655, 3, 100, '06/15/2022'),
(536, 656, 3, 100, '06/15/2022'),
(537, 657, 3, 100, '06/15/2022'),
(538, 658, 3, 100, '06/15/2022'),
(539, 659, 3, 100, '06/15/2022'),
(540, 660, 3, 100, '06/15/2022'),
(541, 661, 3, 100, '06/15/2022'),
(542, 662, 3, 100, '06/15/2022'),
(543, 663, 3, 100, '06/15/2022'),
(544, 664, 3, 100, '06/15/2022'),
(545, 665, 3, 100, '06/15/2022'),
(546, 666, 3, 100, '06/15/2022'),
(547, 667, 3, 100, '06/15/2022'),
(548, 668, 3, 100, '06/15/2022'),
(549, 669, 3, 100, '06/15/2022'),
(550, 670, 3, 100, '06/15/2022'),
(551, 671, 3, 100, '06/15/2022'),
(552, 672, 3, 100, '06/15/2022'),
(553, 673, 3, 100, '06/15/2022'),
(554, 674, 3, 100, '06/15/2022'),
(555, 675, 3, 100, '06/15/2022'),
(556, 676, 3, 100, '06/15/2022'),
(557, 677, 3, 100, '06/15/2022'),
(558, 678, 3, 100, '06/15/2022'),
(559, 679, 3, 100, '06/15/2022'),
(560, 680, 3, 100, '06/15/2022'),
(561, 681, 3, 100, '06/15/2022'),
(562, 682, 3, 100, '06/15/2022'),
(563, 683, 3, 100, '06/15/2022'),
(564, 684, 3, 100, '06/15/2022'),
(565, 685, 3, 100, '06/15/2022'),
(566, 686, 3, 100, '06/15/2022'),
(567, 687, 3, 100, '06/15/2022'),
(568, 688, 3, 100, '06/15/2022'),
(569, 689, 3, 100, '06/15/2022'),
(570, 690, 3, 100, '06/15/2022'),
(571, 691, 3, 100, '06/15/2022'),
(572, 692, 3, 100, '06/15/2022'),
(573, 693, 3, 100, '06/15/2022'),
(574, 694, 3, 100, '06/15/2022'),
(575, 695, 3, 100, '06/15/2022'),
(576, 696, 3, 100, '06/15/2022'),
(577, 697, 3, 100, '06/15/2022'),
(578, 698, 3, 100, '06/15/2022'),
(579, 699, 3, 100, '06/15/2022'),
(580, 700, 3, 100, '06/15/2022'),
(581, 701, 3, 100, '06/15/2022'),
(582, 702, 3, 100, '06/15/2022'),
(583, 703, 3, 100, '06/15/2022'),
(584, 704, 3, 100, '06/15/2022'),
(585, 705, 3, 100, '06/15/2022'),
(586, 706, 3, 100, '06/15/2022'),
(587, 707, 3, 100, '06/15/2022'),
(588, 708, 3, 100, '06/15/2022'),
(589, 709, 3, 100, '06/15/2022'),
(590, 710, 3, 100, '06/15/2022'),
(591, 711, 3, 100, '06/15/2022'),
(592, 712, 3, 100, '06/15/2022'),
(593, 713, 3, 100, '06/15/2022'),
(594, 714, 3, 100, '06/15/2022'),
(595, 715, 3, 100, '06/15/2022'),
(596, 716, 3, 100, '06/15/2022'),
(597, 717, 3, 100, '06/15/2022'),
(598, 718, 3, 100, '06/15/2022'),
(599, 719, 3, 100, '06/15/2022'),
(600, 720, 3, 100, '06/15/2022'),
(601, 721, 3, 100, '06/15/2022'),
(602, 722, 3, 100, '06/15/2022'),
(603, 723, 3, 100, '06/15/2022'),
(604, 724, 3, 100, '06/15/2022'),
(605, 725, 3, 100, '06/15/2022'),
(606, 726, 3, 100, '06/15/2022'),
(607, 727, 3, 100, '06/15/2022'),
(608, 728, 3, 100, '06/15/2022'),
(609, 729, 3, 100, '06/15/2022'),
(610, 730, 3, 100, '06/15/2022'),
(611, 731, 3, 100, '06/15/2022'),
(612, 732, 3, 100, '06/15/2022'),
(613, 733, 3, 100, '06/15/2022'),
(614, 734, 3, 100, '06/15/2022'),
(615, 735, 3, 100, '06/15/2022'),
(616, 736, 3, 100, '06/15/2022'),
(617, 737, 3, 100, '06/15/2022'),
(618, 738, 3, 100, '06/15/2022'),
(619, 739, 3, 100, '06/15/2022'),
(620, 740, 3, 100, '06/15/2022'),
(621, 742, 3, 100, '06/15/2022'),
(622, 743, 3, 100, '06/15/2022'),
(623, 744, 3, 100, '06/15/2022'),
(624, 745, 3, 100, '06/15/2022'),
(625, 746, 3, 100, '06/15/2022'),
(626, 747, 3, 100, '06/15/2022'),
(627, 748, 3, 100, '06/15/2022'),
(628, 749, 3, 100, '06/15/2022'),
(629, 750, 3, 100, '06/15/2022'),
(630, 751, 3, 100, '06/15/2022'),
(631, 752, 3, 100, '06/15/2022'),
(632, 753, 3, 100, '06/15/2022'),
(633, 754, 3, 100, '06/15/2022'),
(634, 755, 3, 100, '06/15/2022'),
(635, 756, 3, 100, '06/15/2022'),
(636, 757, 3, 100, '06/15/2022'),
(637, 758, 3, 100, '06/15/2022'),
(638, 759, 3, 100, '06/15/2022'),
(639, 760, 3, 100, '06/15/2022'),
(640, 761, 3, 100, '06/15/2022'),
(641, 762, 3, 100, '06/15/2022'),
(642, 763, 3, 100, '06/15/2022'),
(643, 764, 3, 100, '06/15/2022'),
(644, 765, 3, 100, '06/15/2022'),
(645, 766, 3, 100, '06/15/2022'),
(646, 767, 3, 100, '06/15/2022'),
(647, 768, 3, 100, '06/15/2022'),
(648, 769, 3, 100, '06/15/2022'),
(649, 770, 3, 100, '06/15/2022'),
(650, 771, 3, 100, '06/15/2022'),
(651, 772, 3, 100, '06/15/2022'),
(652, 773, 3, 100, '06/15/2022'),
(653, 774, 3, 100, '06/15/2022'),
(654, 775, 3, 100, '06/15/2022'),
(655, 776, 3, 100, '06/15/2022'),
(656, 777, 3, 100, '06/15/2022'),
(657, 778, 3, 100, '06/15/2022'),
(658, 779, 3, 100, '06/15/2022'),
(659, 780, 3, 100, '06/15/2022'),
(660, 781, 3, 100, '06/15/2022'),
(661, 782, 3, 100, '06/15/2022'),
(662, 783, 3, 100, '06/15/2022'),
(663, 784, 3, 100, '06/15/2022'),
(664, 785, 3, 100, '06/15/2022'),
(665, 786, 3, 100, '06/15/2022'),
(666, 787, 3, 100, '06/15/2022'),
(667, 788, 3, 100, '06/15/2022'),
(668, 789, 3, 100, '06/15/2022'),
(669, 790, 3, 100, '06/15/2022'),
(670, 791, 3, 100, '06/15/2022'),
(671, 792, 3, 100, '06/15/2022'),
(672, 793, 3, 100, '06/15/2022'),
(673, 794, 3, 100, '06/15/2022'),
(674, 795, 3, 100, '06/15/2022'),
(675, 796, 3, 100, '06/15/2022'),
(676, 797, 3, 100, '06/15/2022'),
(677, 798, 3, 100, '06/15/2022'),
(678, 799, 3, 100, '06/15/2022'),
(679, 800, 3, 100, '06/15/2022'),
(680, 801, 3, 100, '06/15/2022'),
(681, 802, 3, 100, '06/15/2022'),
(682, 803, 3, 100, '06/15/2022'),
(683, 804, 3, 100, '06/15/2022'),
(684, 805, 3, 100, '06/15/2022'),
(685, 806, 3, 100, '06/15/2022'),
(686, 807, 3, 100, '06/15/2022'),
(687, 808, 3, 100, '06/15/2022'),
(688, 809, 3, 100, '06/15/2022'),
(689, 810, 3, 100, '06/15/2022'),
(690, 811, 3, 100, '06/15/2022'),
(691, 812, 3, 100, '06/15/2022'),
(692, 813, 3, 100, '06/15/2022'),
(693, 814, 3, 100, '06/15/2022'),
(694, 815, 3, 100, '06/15/2022'),
(695, 816, 3, 100, '06/15/2022'),
(696, 817, 3, 100, '06/15/2022'),
(697, 818, 3, 100, '06/15/2022'),
(698, 819, 3, 100, '06/15/2022'),
(699, 820, 3, 100, '06/15/2022'),
(700, 821, 3, 100, '06/15/2022'),
(701, 822, 3, 100, '06/15/2022'),
(702, 823, 3, 100, '06/15/2022'),
(703, 824, 3, 100, '06/15/2022'),
(704, 825, 3, 100, '06/15/2022'),
(705, 826, 3, 100, '06/15/2022'),
(706, 827, 3, 100, '06/15/2022'),
(707, 828, 3, 100, '06/15/2022'),
(708, 829, 3, 100, '06/15/2022'),
(709, 830, 3, 100, '06/15/2022'),
(710, 831, 3, 100, '06/15/2022'),
(711, 832, 3, 100, '06/15/2022'),
(712, 833, 3, 100, '06/15/2022'),
(713, 834, 3, 100, '06/15/2022'),
(714, 835, 3, 100, '06/15/2022'),
(715, 836, 3, 100, '06/15/2022'),
(716, 837, 3, 100, '06/15/2022'),
(717, 838, 3, 100, '06/15/2022'),
(718, 839, 3, 100, '06/15/2022'),
(719, 840, 3, 100, '06/15/2022'),
(720, 841, 3, 100, '06/15/2022'),
(721, 842, 3, 100, '06/15/2022'),
(722, 843, 3, 100, '06/15/2022'),
(723, 844, 3, 100, '06/15/2022'),
(724, 845, 3, 100, '06/15/2022'),
(725, 846, 3, 100, '06/15/2022'),
(726, 847, 3, 100, '06/15/2022'),
(727, 848, 3, 100, '06/15/2022'),
(728, 849, 3, 100, '06/15/2022'),
(729, 850, 3, 100, '06/15/2022'),
(730, 851, 3, 100, '06/15/2022'),
(731, 852, 3, 100, '06/15/2022'),
(732, 853, 3, 100, '06/15/2022'),
(733, 854, 3, 100, '06/15/2022'),
(734, 855, 3, 100, '06/15/2022'),
(735, 856, 3, 100, '06/15/2022'),
(736, 857, 3, 100, '06/15/2022'),
(737, 858, 3, 100, '06/15/2022'),
(738, 859, 3, 100, '06/15/2022'),
(739, 860, 3, 100, '06/15/2022'),
(740, 861, 3, 100, '06/15/2022'),
(741, 862, 3, 100, '06/15/2022'),
(742, 863, 3, 100, '06/15/2022'),
(743, 864, 3, 100, '06/15/2022'),
(744, 865, 3, 100, '06/15/2022'),
(745, 866, 3, 100, '06/15/2022'),
(746, 867, 3, 100, '06/15/2022'),
(747, 868, 3, 100, '06/15/2022'),
(748, 869, 3, 100, '06/15/2022'),
(749, 870, 3, 100, '06/15/2022'),
(750, 871, 3, 100, '06/15/2022'),
(751, 872, 3, 100, '06/15/2022'),
(752, 873, 3, 100, '06/15/2022'),
(753, 874, 3, 100, '06/15/2022'),
(754, 875, 3, 100, '06/15/2022'),
(755, 876, 3, 100, '06/15/2022'),
(756, 877, 3, 100, '06/15/2022'),
(757, 878, 3, 100, '06/15/2022'),
(758, 879, 3, 100, '06/15/2022'),
(759, 880, 3, 100, '06/15/2022'),
(760, 881, 3, 100, '06/15/2022'),
(761, 882, 3, 100, '06/15/2022'),
(762, 883, 3, 100, '06/15/2022'),
(763, 884, 3, 100, '06/15/2022'),
(764, 885, 3, 100, '06/15/2022'),
(765, 886, 3, 100, '06/15/2022'),
(766, 887, 3, 100, '06/15/2022'),
(767, 888, 3, 100, '06/15/2022'),
(768, 889, 3, 100, '06/15/2022'),
(769, 890, 3, 100, '06/15/2022'),
(770, 891, 3, 100, '06/15/2022'),
(771, 892, 3, 100, '06/15/2022'),
(772, 893, 3, 100, '06/15/2022'),
(773, 894, 3, 100, '06/15/2022'),
(774, 895, 3, 100, '06/15/2022'),
(775, 896, 3, 100, '06/15/2022'),
(776, 897, 3, 100, '06/15/2022'),
(777, 898, 3, 100, '06/15/2022'),
(778, 899, 3, 100, '06/15/2022'),
(779, 900, 3, 100, '06/15/2022'),
(780, 901, 3, 100, '06/15/2022'),
(781, 902, 3, 100, '06/15/2022'),
(782, 903, 3, 100, '06/15/2022'),
(783, 904, 3, 100, '06/15/2022'),
(784, 905, 3, 100, '06/15/2022'),
(785, 906, 3, 100, '06/15/2022'),
(786, 907, 3, 100, '06/15/2022'),
(787, 908, 3, 100, '06/15/2022'),
(788, 909, 3, 100, '06/15/2022'),
(789, 910, 3, 100, '06/15/2022'),
(790, 911, 3, 100, '06/15/2022'),
(791, 912, 3, 100, '06/15/2022'),
(792, 913, 3, 100, '06/15/2022'),
(793, 914, 3, 100, '06/15/2022'),
(794, 915, 3, 100, '06/15/2022'),
(795, 916, 3, 100, '06/15/2022'),
(796, 917, 3, 100, '06/15/2022'),
(797, 918, 3, 100, '06/15/2022'),
(798, 919, 3, 100, '06/15/2022'),
(799, 920, 3, 100, '06/15/2022'),
(800, 921, 3, 100, '06/15/2022'),
(801, 922, 3, 100, '06/15/2022'),
(802, 923, 3, 100, '06/15/2022'),
(803, 924, 3, 100, '06/15/2022'),
(804, 925, 3, 100, '06/15/2022'),
(805, 926, 3, 100, '06/15/2022'),
(806, 927, 3, 100, '06/15/2022'),
(807, 928, 3, 100, '06/15/2022'),
(808, 929, 3, 100, '06/15/2022'),
(809, 930, 3, 100, '06/15/2022'),
(810, 931, 3, 100, '06/15/2022'),
(811, 932, 3, 100, '06/15/2022'),
(812, 933, 3, 100, '06/15/2022'),
(813, 934, 3, 100, '06/15/2022'),
(814, 935, 3, 100, '06/15/2022'),
(815, 936, 3, 100, '06/15/2022'),
(816, 937, 3, 100, '06/15/2022'),
(817, 938, 3, 100, '06/15/2022'),
(818, 939, 3, 100, '06/15/2022'),
(819, 940, 3, 100, '06/15/2022'),
(820, 941, 3, 100, '06/15/2022'),
(821, 942, 3, 100, '06/15/2022'),
(822, 943, 3, 100, '06/15/2022'),
(823, 944, 3, 100, '06/15/2022'),
(824, 945, 3, 100, '06/15/2022'),
(825, 946, 3, 100, '06/15/2022'),
(826, 947, 3, 100, '06/15/2022'),
(827, 948, 3, 100, '06/15/2022'),
(828, 949, 3, 100, '06/15/2022'),
(829, 950, 3, 100, '06/15/2022'),
(830, 951, 3, 100, '06/15/2022'),
(831, 952, 3, 100, '06/15/2022'),
(832, 953, 3, 100, '06/15/2022'),
(833, 954, 3, 100, '06/15/2022'),
(834, 955, 3, 100, '06/15/2022'),
(835, 956, 3, 100, '06/15/2022'),
(836, 957, 3, 100, '06/15/2022'),
(837, 958, 3, 100, '06/15/2022'),
(838, 959, 3, 100, '06/15/2022'),
(839, 960, 3, 100, '06/15/2022'),
(840, 961, 3, 100, '06/15/2022'),
(841, 962, 3, 100, '06/15/2022'),
(842, 963, 3, 100, '06/15/2022'),
(843, 964, 3, 100, '06/15/2022'),
(844, 965, 3, 100, '06/15/2022'),
(845, 966, 3, 100, '06/15/2022'),
(846, 967, 3, 100, '06/15/2022'),
(847, 968, 3, 100, '06/15/2022'),
(848, 969, 3, 100, '06/15/2022'),
(849, 970, 3, 100, '06/15/2022'),
(850, 971, 3, 100, '06/15/2022'),
(851, 972, 3, 100, '06/15/2022'),
(852, 973, 3, 100, '06/15/2022'),
(853, 974, 3, 100, '06/15/2022'),
(854, 975, 3, 100, '06/15/2022'),
(855, 976, 3, 100, '06/15/2022'),
(856, 977, 3, 100, '06/15/2022'),
(857, 978, 3, 100, '06/15/2022'),
(858, 979, 3, 100, '06/15/2022'),
(859, 980, 3, 100, '06/15/2022'),
(860, 981, 3, 100, '06/15/2022'),
(861, 982, 3, 100, '06/15/2022'),
(862, 983, 3, 100, '06/15/2022'),
(863, 984, 3, 100, '06/15/2022'),
(864, 985, 3, 100, '06/15/2022'),
(865, 986, 3, 100, '06/15/2022'),
(866, 987, 3, 100, '06/15/2022'),
(867, 988, 3, 100, '06/15/2022'),
(868, 989, 3, 100, '06/15/2022'),
(869, 990, 3, 100, '06/15/2022'),
(870, 991, 3, 100, '06/15/2022'),
(871, 992, 3, 100, '06/15/2022'),
(872, 993, 3, 100, '06/15/2022'),
(873, 994, 3, 100, '06/15/2022'),
(874, 995, 3, 100, '06/15/2022'),
(875, 996, 3, 100, '06/15/2022'),
(876, 997, 3, 100, '06/15/2022'),
(877, 998, 3, 100, '06/15/2022'),
(878, 999, 3, 100, '06/15/2022'),
(879, 1000, 3, 100, '06/15/2022'),
(880, 1001, 3, 100, '06/15/2022'),
(881, 1002, 3, 100, '06/15/2022'),
(882, 1003, 3, 100, '06/15/2022'),
(883, 1004, 3, 100, '06/15/2022'),
(884, 1005, 3, 100, '06/15/2022'),
(885, 1006, 3, 100, '06/15/2022'),
(886, 1007, 3, 100, '06/15/2022'),
(887, 1008, 3, 100, '06/15/2022'),
(888, 1009, 3, 100, '06/15/2022'),
(889, 1010, 3, 100, '06/15/2022'),
(890, 1011, 3, 100, '06/15/2022'),
(891, 1012, 3, 100, '06/15/2022'),
(892, 1013, 3, 100, '06/15/2022'),
(893, 1014, 3, 100, '06/15/2022'),
(894, 1015, 3, 100, '06/15/2022'),
(895, 1016, 3, 100, '06/15/2022'),
(896, 1018, 3, 100, '06/15/2022'),
(897, 1020, 3, 100, '06/15/2022'),
(898, 1021, 3, 100, '06/15/2022'),
(899, 1022, 3, 100, '06/15/2022'),
(900, 1023, 3, 100, '06/15/2022'),
(901, 1024, 3, 100, '06/15/2022'),
(902, 1025, 3, 100, '06/15/2022'),
(903, 1607, 3, 100, '06/15/2022'),
(904, 1608, 3, 100, '06/15/2022'),
(905, 1609, 3, 100, '06/15/2022'),
(906, 1610, 3, 100, '06/15/2022'),
(907, 1611, 3, 100, '06/15/2022'),
(908, 1612, 3, 100, '06/15/2022'),
(909, 1613, 3, 100, '06/15/2022'),
(910, 1614, 3, 100, '06/15/2022'),
(911, 1689, 3, 100, '06/15/2022'),
(912, 1690, 3, 100, '06/15/2022'),
(913, 1691, 3, 100, '06/15/2022'),
(914, 1692, 3, 100, '06/15/2022'),
(915, 1693, 3, 100, '06/15/2022'),
(916, 1694, 3, 100, '06/15/2022'),
(917, 1695, 3, 100, '06/15/2022'),
(918, 1696, 3, 100, '06/15/2022'),
(919, 1697, 3, 100, '06/15/2022'),
(920, 1698, 3, 100, '06/15/2022'),
(921, 1699, 3, 100, '06/15/2022'),
(922, 1700, 3, 100, '06/15/2022'),
(923, 1701, 3, 100, '06/15/2022'),
(924, 1702, 3, 100, '06/15/2022'),
(925, 1703, 3, 100, '06/15/2022'),
(926, 1704, 3, 100, '06/15/2022'),
(927, 1705, 3, 100, '06/15/2022'),
(928, 1706, 3, 100, '06/15/2022'),
(929, 1707, 3, 100, '06/15/2022'),
(930, 1708, 3, 100, '06/15/2022'),
(931, 1709, 3, 100, '06/15/2022'),
(932, 1710, 3, 100, '06/15/2022'),
(933, 1711, 3, 100, '06/15/2022'),
(934, 1712, 3, 100, '06/15/2022'),
(935, 1713, 3, 100, '06/15/2022'),
(936, 1714, 3, 100, '06/15/2022'),
(937, 1715, 3, 100, '06/15/2022'),
(938, 1716, 3, 100, '06/15/2022'),
(939, 1717, 3, 100, '06/15/2022'),
(940, 1718, 3, 100, '06/15/2022'),
(941, 1719, 3, 100, '06/15/2022'),
(942, 1720, 3, 100, '06/15/2022'),
(943, 1721, 3, 100, '06/15/2022'),
(944, 1722, 3, 100, '06/15/2022'),
(945, 1723, 3, 100, '06/15/2022'),
(946, 1724, 3, 100, '06/15/2022'),
(947, 1725, 3, 100, '06/15/2022'),
(948, 1726, 3, 100, '06/15/2022'),
(949, 1727, 3, 100, '06/15/2022'),
(950, 1728, 3, 100, '06/15/2022'),
(951, 1729, 3, 100, '06/15/2022'),
(952, 1730, 3, 100, '06/15/2022'),
(953, 1731, 3, 100, '06/15/2022'),
(954, 1732, 3, 100, '06/15/2022'),
(955, 1733, 3, 100, '06/15/2022'),
(956, 1734, 3, 100, '06/15/2022'),
(957, 1735, 3, 100, '06/15/2022'),
(958, 1736, 3, 100, '06/15/2022'),
(959, 1737, 3, 100, '06/15/2022'),
(960, 1738, 3, 100, '06/15/2022'),
(961, 1739, 3, 100, '06/15/2022'),
(962, 1740, 3, 100, '06/15/2022'),
(963, 1741, 3, 100, '06/15/2022'),
(964, 1742, 3, 100, '06/15/2022'),
(965, 1743, 3, 100, '06/15/2022'),
(966, 1744, 3, 100, '06/15/2022'),
(967, 1745, 3, 100, '06/15/2022'),
(968, 1746, 3, 100, '06/15/2022'),
(969, 1747, 3, 100, '06/15/2022'),
(970, 1748, 3, 100, '06/15/2022'),
(971, 1749, 3, 100, '06/15/2022'),
(972, 1750, 3, 100, '06/15/2022'),
(973, 1751, 3, 100, '06/15/2022'),
(974, 1752, 3, 100, '06/15/2022'),
(975, 1753, 3, 100, '06/15/2022'),
(976, 1754, 3, 100, '06/15/2022'),
(977, 1755, 3, 100, '06/15/2022'),
(978, 1756, 3, 100, '06/15/2022'),
(979, 1757, 3, 100, '06/15/2022'),
(980, 1758, 3, 100, '06/15/2022'),
(981, 1759, 3, 100, '06/15/2022'),
(982, 1760, 3, 100, '06/15/2022'),
(983, 1761, 3, 100, '06/15/2022'),
(984, 1762, 3, 100, '06/15/2022'),
(985, 1763, 3, 100, '06/15/2022'),
(986, 1764, 3, 100, '06/15/2022'),
(987, 1765, 3, 100, '06/15/2022'),
(988, 1766, 3, 100, '06/15/2022'),
(989, 1767, 3, 100, '06/15/2022'),
(990, 1768, 3, 100, '06/15/2022'),
(991, 1769, 3, 100, '06/15/2022'),
(992, 1770, 3, 100, '06/15/2022'),
(993, 1771, 3, 100, '06/15/2022'),
(994, 1772, 3, 100, '06/15/2022'),
(995, 1773, 3, 100, '06/15/2022'),
(996, 1774, 3, 100, '06/15/2022'),
(997, 1775, 3, 100, '06/15/2022'),
(998, 1776, 3, 100, '06/15/2022'),
(999, 1777, 3, 100, '06/15/2022'),
(1000, 1778, 3, 100, '06/15/2022'),
(1001, 1779, 3, 100, '06/15/2022'),
(1002, 1780, 3, 100, '06/15/2022'),
(1003, 1781, 3, 100, '06/15/2022'),
(1004, 1782, 3, 100, '06/15/2022'),
(1005, 1783, 3, 100, '06/15/2022'),
(1006, 1784, 3, 100, '06/15/2022'),
(1007, 1785, 3, 100, '06/15/2022'),
(1008, 1786, 3, 100, '06/15/2022'),
(1009, 1787, 3, 100, '06/15/2022'),
(1010, 1788, 3, 100, '06/15/2022'),
(1011, 1789, 3, 100, '06/15/2022'),
(1012, 1790, 3, 100, '06/15/2022'),
(1013, 1791, 3, 100, '06/15/2022'),
(1014, 1792, 3, 100, '06/15/2022'),
(1015, 1793, 3, 100, '06/15/2022'),
(1016, 1794, 3, 100, '06/15/2022'),
(1017, 1795, 3, 100, '06/15/2022'),
(1018, 1796, 3, 100, '06/15/2022'),
(1019, 1797, 3, 100, '06/15/2022'),
(1020, 1798, 3, 100, '06/15/2022'),
(1021, 1799, 3, 100, '06/15/2022'),
(1022, 1800, 3, 100, '06/15/2022'),
(1023, 1801, 3, 100, '06/15/2022'),
(1024, 1802, 3, 100, '06/15/2022'),
(1025, 1803, 3, 100, '06/15/2022'),
(1026, 1804, 3, 100, '06/15/2022'),
(1027, 1805, 3, 100, '06/15/2022'),
(1028, 1806, 3, 100, '06/15/2022'),
(1029, 1807, 3, 100, '06/15/2022'),
(1030, 1808, 3, 100, '06/15/2022'),
(1031, 1809, 3, 100, '06/15/2022'),
(1032, 1810, 3, 100, '06/15/2022'),
(1033, 1811, 3, 100, '06/15/2022'),
(1034, 1812, 3, 100, '06/15/2022'),
(1035, 1813, 3, 100, '06/15/2022'),
(1036, 1814, 3, 100, '06/15/2022'),
(1037, 1815, 3, 100, '06/15/2022'),
(1038, 1816, 3, 100, '06/15/2022'),
(1039, 1817, 3, 100, '06/15/2022'),
(1040, 1818, 3, 100, '06/15/2022'),
(1041, 1819, 3, 100, '06/15/2022'),
(1042, 1820, 3, 100, '06/15/2022'),
(1043, 1821, 3, 100, '06/15/2022'),
(1044, 1822, 3, 100, '06/15/2022'),
(1045, 1823, 3, 100, '06/15/2022'),
(1046, 1824, 3, 100, '06/15/2022'),
(1047, 1825, 3, 100, '06/15/2022'),
(1048, 1826, 3, 100, '06/15/2022'),
(1049, 1827, 3, 100, '06/15/2022'),
(1050, 1828, 3, 100, '06/15/2022'),
(1051, 1829, 3, 100, '06/15/2022'),
(1052, 1830, 3, 100, '06/15/2022'),
(1053, 1831, 3, 100, '06/15/2022'),
(1054, 1832, 3, 100, '06/15/2022'),
(1055, 1833, 3, 100, '06/15/2022'),
(1056, 1834, 3, 100, '06/15/2022'),
(1057, 1835, 3, 100, '06/15/2022'),
(1058, 1836, 3, 100, '06/15/2022'),
(1059, 1837, 3, 100, '06/15/2022'),
(1060, 1838, 3, 100, '06/15/2022'),
(1061, 1839, 3, 100, '06/15/2022'),
(1062, 1840, 3, 100, '06/15/2022'),
(1063, 1841, 3, 100, '06/15/2022'),
(1064, 1842, 3, 100, '06/15/2022'),
(1065, 1843, 3, 100, '06/15/2022'),
(1066, 1844, 3, 100, '06/15/2022'),
(1067, 1845, 3, 100, '06/15/2022'),
(1068, 1846, 3, 100, '06/15/2022'),
(1069, 1847, 3, 100, '06/15/2022'),
(1070, 1848, 3, 100, '06/15/2022'),
(1071, 1849, 3, 100, '06/15/2022'),
(1072, 1850, 3, 100, '06/15/2022'),
(1073, 1851, 3, 100, '06/15/2022'),
(1074, 1852, 3, 100, '06/15/2022'),
(1075, 1853, 3, 100, '06/15/2022'),
(1076, 1854, 3, 100, '06/15/2022'),
(1077, 1855, 3, 100, '06/15/2022'),
(1078, 1856, 3, 100, '06/15/2022'),
(1079, 1857, 3, 100, '06/15/2022'),
(1080, 1858, 3, 100, '06/15/2022'),
(1081, 1859, 3, 100, '06/15/2022'),
(1082, 1860, 3, 100, '06/15/2022'),
(1083, 1861, 3, 100, '06/15/2022'),
(1084, 1862, 3, 100, '06/15/2022'),
(1085, 1863, 3, 100, '06/15/2022'),
(1086, 1864, 3, 100, '06/15/2022'),
(1087, 1865, 3, 100, '06/15/2022'),
(1088, 1866, 3, 100, '06/15/2022'),
(1089, 1867, 3, 100, '06/15/2022'),
(1090, 1868, 3, 100, '06/15/2022'),
(1091, 1869, 3, 100, '06/15/2022'),
(1092, 1870, 3, 100, '06/15/2022'),
(1093, 1871, 3, 100, '06/15/2022'),
(1094, 1872, 3, 100, '06/15/2022'),
(1095, 1873, 3, 100, '06/15/2022'),
(1096, 1874, 3, 100, '06/15/2022'),
(1097, 1875, 3, 100, '06/15/2022'),
(1098, 1876, 3, 100, '06/15/2022'),
(1099, 1877, 3, 100, '06/15/2022'),
(1100, 1878, 3, 100, '06/15/2022'),
(1101, 1879, 3, 100, '06/15/2022'),
(1102, 1880, 3, 100, '06/15/2022'),
(1103, 1881, 3, 100, '06/15/2022'),
(1104, 1882, 3, 100, '06/15/2022'),
(1105, 1883, 3, 100, '06/15/2022'),
(1106, 1884, 3, 100, '06/15/2022'),
(1107, 1885, 3, 100, '06/15/2022'),
(1108, 1886, 3, 100, '06/15/2022'),
(1109, 1887, 3, 100, '06/15/2022'),
(1110, 1888, 3, 100, '06/15/2022'),
(1111, 1889, 3, 100, '06/15/2022'),
(1112, 1890, 3, 100, '06/15/2022'),
(1113, 1891, 3, 100, '06/15/2022'),
(1114, 1892, 3, 100, '06/15/2022'),
(1115, 1893, 3, 100, '06/15/2022'),
(1116, 1894, 3, 100, '06/15/2022'),
(1117, 1895, 3, 100, '06/15/2022'),
(1118, 1896, 3, 100, '06/15/2022'),
(1119, 1897, 3, 100, '06/15/2022'),
(1120, 1898, 3, 100, '06/15/2022'),
(1121, 1899, 3, 100, '06/15/2022'),
(1122, 1900, 3, 100, '06/15/2022'),
(1123, 1901, 3, 100, '06/15/2022'),
(1124, 1902, 3, 100, '06/15/2022'),
(1125, 1903, 3, 100, '06/15/2022'),
(1126, 1904, 3, 100, '06/15/2022'),
(1127, 1905, 3, 100, '06/15/2022'),
(1128, 1906, 3, 100, '06/15/2022'),
(1129, 1907, 3, 100, '06/15/2022'),
(1130, 1908, 3, 100, '06/15/2022'),
(1131, 1909, 3, 100, '06/15/2022'),
(1132, 1910, 3, 100, '06/15/2022'),
(1133, 1911, 3, 100, '06/15/2022'),
(1134, 1912, 3, 100, '06/15/2022'),
(1135, 1913, 3, 100, '06/15/2022'),
(1136, 1914, 3, 100, '06/15/2022'),
(1137, 1915, 3, 100, '06/15/2022'),
(1138, 1916, 3, 100, '06/15/2022'),
(1139, 1917, 3, 100, '06/15/2022'),
(1140, 1918, 3, 100, '06/15/2022'),
(1141, 1919, 3, 100, '06/15/2022'),
(1142, 1920, 3, 100, '06/15/2022'),
(1143, 1921, 3, 100, '06/15/2022'),
(1144, 1922, 3, 100, '06/15/2022'),
(1145, 1923, 3, 100, '06/15/2022'),
(1146, 1924, 3, 100, '06/15/2022'),
(1147, 1925, 3, 100, '06/15/2022'),
(1148, 1926, 3, 100, '06/15/2022'),
(1149, 1927, 3, 100, '06/15/2022'),
(1150, 1928, 3, 100, '06/15/2022'),
(1151, 1929, 3, 100, '06/15/2022'),
(1152, 1930, 3, 100, '06/15/2022'),
(1153, 1931, 3, 100, '06/15/2022'),
(1154, 1932, 3, 100, '06/15/2022'),
(1155, 1933, 3, 100, '06/15/2022'),
(1156, 1934, 3, 100, '06/15/2022'),
(1157, 1935, 3, 100, '06/15/2022'),
(1158, 1936, 3, 100, '06/15/2022'),
(1159, 1937, 3, 100, '06/15/2022'),
(1160, 1938, 3, 100, '06/15/2022'),
(1161, 1939, 3, 100, '06/15/2022'),
(1162, 1940, 3, 100, '06/15/2022'),
(1163, 1941, 3, 100, '06/15/2022'),
(1164, 1942, 3, 100, '06/15/2022'),
(1165, 1943, 3, 100, '06/15/2022'),
(1166, 1944, 3, 100, '06/15/2022'),
(1167, 1945, 3, 100, '06/15/2022'),
(1168, 1946, 3, 100, '06/15/2022'),
(1169, 1947, 3, 100, '06/15/2022'),
(1170, 1948, 3, 100, '06/15/2022'),
(1171, 1949, 3, 100, '06/15/2022'),
(1172, 1950, 3, 100, '06/15/2022'),
(1173, 1951, 3, 100, '06/15/2022'),
(1174, 1952, 3, 100, '06/15/2022'),
(1175, 1953, 3, 100, '06/15/2022'),
(1176, 1954, 3, 100, '06/15/2022'),
(1177, 1955, 3, 100, '06/15/2022'),
(1178, 1956, 3, 100, '06/15/2022'),
(1179, 1957, 3, 100, '06/15/2022'),
(1180, 1958, 3, 100, '06/15/2022'),
(1181, 1959, 3, 100, '06/15/2022'),
(1182, 1960, 3, 100, '06/15/2022'),
(1183, 1961, 3, 100, '06/15/2022'),
(1184, 1962, 3, 100, '06/15/2022'),
(1185, 1963, 3, 100, '06/15/2022'),
(1186, 1964, 3, 100, '06/15/2022'),
(1187, 1965, 3, 100, '06/15/2022'),
(1188, 1966, 3, 100, '06/15/2022'),
(1189, 1967, 3, 100, '06/15/2022'),
(1190, 1968, 3, 100, '06/15/2022'),
(1191, 1969, 3, 100, '06/15/2022'),
(1192, 1970, 3, 100, '06/15/2022'),
(1193, 1971, 3, 100, '06/15/2022'),
(1194, 1972, 3, 100, '06/15/2022'),
(1195, 1973, 3, 100, '06/15/2022'),
(1196, 1974, 3, 100, '06/15/2022'),
(1197, 1975, 3, 100, '06/15/2022'),
(1198, 1976, 3, 100, '06/15/2022'),
(1199, 1977, 3, 100, '06/15/2022'),
(1200, 1978, 3, 100, '06/15/2022'),
(1201, 1979, 3, 100, '06/15/2022'),
(1202, 1980, 3, 100, '06/15/2022'),
(1203, 1981, 3, 100, '06/15/2022'),
(1204, 1982, 3, 100, '06/15/2022'),
(1205, 1983, 3, 100, '06/15/2022'),
(1206, 1984, 3, 100, '06/15/2022'),
(1207, 1985, 3, 100, '06/15/2022'),
(1208, 1986, 3, 100, '06/15/2022'),
(1209, 1987, 3, 100, '06/15/2022'),
(1210, 1988, 3, 100, '06/15/2022'),
(1211, 1989, 3, 100, '06/15/2022'),
(1212, 1992, 3, 100, '06/15/2022'),
(1213, 1993, 3, 100, '06/15/2022'),
(1214, 1994, 3, 100, '06/15/2022'),
(1215, 1999, 3, 100, '06/15/2022'),
(1216, 2000, 3, 100, '06/15/2022'),
(1217, 2004, 3, 100, '06/15/2022'),
(1218, 2007, 3, 100, '06/15/2022'),
(1219, 2010, 3, 100, '06/15/2022'),
(1220, 2013, 3, 100, '06/15/2022'),
(1221, 2017, 3, 100, '06/15/2022'),
(1222, 2021, 3, 100, '06/15/2022'),
(1223, 2023, 3, 100, '06/15/2022'),
(1224, 2025, 3, 100, '06/15/2022'),
(1225, 2028, 3, 100, '06/15/2022'),
(1226, 2031, 3, 100, '06/15/2022'),
(1227, 2036, 3, 100, '06/15/2022'),
(1228, 2039, 3, 100, '06/15/2022'),
(1229, 2040, 3, 100, '06/15/2022'),
(1230, 2044, 3, 100, '06/15/2022'),
(1231, 2047, 3, 100, '06/15/2022'),
(1232, 2050, 3, 100, '06/15/2022'),
(1233, 2053, 3, 100, '06/15/2022'),
(1234, 2056, 3, 100, '06/15/2022'),
(1235, 2059, 3, 100, '06/15/2022'),
(1236, 2062, 3, 100, '06/15/2022'),
(1237, 2065, 3, 100, '06/15/2022'),
(1238, 2069, 3, 100, '06/15/2022'),
(1239, 2073, 3, 100, '06/15/2022'),
(1240, 2074, 3, 100, '06/15/2022'),
(1241, 1, 1, 100, '06/15/2022'),
(1242, 2, 1, 100, '06/15/2022'),
(1243, 3, 1, 100, '06/15/2022'),
(1244, 4, 1, 100, '06/15/2022'),
(1245, 5, 1, 100, '06/15/2022'),
(1246, 6, 1, 100, '06/15/2022'),
(1247, 7, 1, 100, '06/15/2022'),
(1248, 8, 1, 100, '06/15/2022'),
(1249, 9, 1, 100, '06/15/2022'),
(1250, 10, 1, 100, '06/15/2022'),
(1251, 11, 1, 100, '06/15/2022'),
(1252, 12, 1, 100, '06/15/2022'),
(1253, 13, 1, 100, '06/15/2022'),
(1254, 14, 1, 100, '06/15/2022'),
(1255, 15, 1, 100, '06/15/2022'),
(1256, 16, 1, 100, '06/15/2022'),
(1257, 17, 1, 100, '06/15/2022'),
(1258, 18, 1, 100, '06/15/2022'),
(1259, 19, 1, 100, '06/15/2022'),
(1260, 20, 1, 100, '06/15/2022'),
(1261, 21, 1, 100, '06/15/2022'),
(1262, 22, 1, 100, '06/15/2022'),
(1263, 23, 1, 100, '06/15/2022'),
(1264, 24, 1, 100, '06/15/2022'),
(1265, 25, 1, 100, '06/15/2022'),
(1266, 26, 1, 100, '06/15/2022'),
(1267, 27, 1, 100, '06/15/2022'),
(1268, 28, 1, 100, '06/15/2022'),
(1269, 29, 1, 100, '06/15/2022'),
(1270, 30, 1, 100, '06/15/2022'),
(1271, 31, 1, 100, '06/15/2022'),
(1272, 32, 1, 100, '06/15/2022'),
(1273, 33, 1, 100, '06/15/2022'),
(1274, 34, 1, 100, '06/15/2022'),
(1275, 35, 1, 100, '06/15/2022'),
(1276, 36, 1, 100, '06/15/2022'),
(1277, 37, 1, 100, '06/15/2022'),
(1278, 38, 1, 100, '06/15/2022'),
(1279, 39, 1, 100, '06/15/2022'),
(1280, 40, 1, 100, '06/15/2022'),
(1281, 41, 1, 100, '06/15/2022'),
(1282, 42, 1, 100, '06/15/2022'),
(1283, 43, 1, 100, '06/15/2022'),
(1284, 44, 1, 100, '06/15/2022'),
(1285, 45, 1, 100, '06/15/2022'),
(1286, 46, 1, 100, '06/15/2022'),
(1287, 47, 1, 100, '06/15/2022'),
(1288, 48, 1, 100, '06/15/2022'),
(1289, 49, 1, 100, '06/15/2022'),
(1290, 50, 1, 100, '06/15/2022'),
(1291, 51, 1, 100, '06/15/2022'),
(1292, 52, 1, 100, '06/15/2022'),
(1293, 53, 1, 100, '06/15/2022'),
(1294, 54, 1, 100, '06/15/2022'),
(1295, 55, 1, 100, '06/15/2022'),
(1296, 56, 1, 100, '06/15/2022'),
(1297, 57, 1, 100, '06/15/2022'),
(1298, 58, 1, 100, '06/15/2022'),
(1299, 59, 1, 100, '06/15/2022'),
(1300, 60, 1, 100, '06/15/2022'),
(1301, 61, 1, 100, '06/15/2022'),
(1302, 62, 1, 100, '06/15/2022'),
(1303, 63, 1, 100, '06/15/2022'),
(1304, 64, 1, 100, '06/15/2022'),
(1305, 65, 1, 100, '06/15/2022'),
(1306, 66, 1, 100, '06/15/2022'),
(1307, 67, 1, 100, '06/15/2022'),
(1308, 68, 1, 100, '06/15/2022'),
(1309, 69, 1, 100, '06/15/2022'),
(1310, 70, 1, 100, '06/15/2022'),
(1311, 71, 1, 100, '06/15/2022'),
(1312, 72, 1, 100, '06/15/2022'),
(1313, 73, 1, 100, '06/15/2022'),
(1314, 74, 1, 100, '06/15/2022'),
(1315, 75, 1, 100, '06/15/2022'),
(1316, 76, 1, 100, '06/15/2022'),
(1317, 77, 1, 100, '06/15/2022'),
(1318, 78, 1, 100, '06/15/2022'),
(1319, 79, 1, 100, '06/15/2022'),
(1320, 80, 1, 100, '06/15/2022'),
(1321, 81, 1, 100, '06/15/2022'),
(1322, 82, 1, 100, '06/15/2022'),
(1323, 83, 1, 100, '06/15/2022'),
(1324, 84, 1, 100, '06/15/2022'),
(1325, 85, 1, 100, '06/15/2022'),
(1326, 86, 1, 100, '06/15/2022'),
(1327, 87, 1, 100, '06/15/2022'),
(1328, 88, 1, 100, '06/15/2022'),
(1329, 89, 1, 100, '06/15/2022'),
(1330, 90, 1, 100, '06/15/2022'),
(1331, 91, 1, 100, '06/15/2022'),
(1332, 92, 1, 100, '06/15/2022'),
(1333, 93, 1, 100, '06/15/2022'),
(1334, 94, 1, 100, '06/15/2022'),
(1335, 95, 1, 100, '06/15/2022'),
(1336, 96, 1, 100, '06/15/2022'),
(1337, 97, 1, 100, '06/15/2022'),
(1338, 98, 1, 100, '06/15/2022'),
(1339, 99, 1, 100, '06/15/2022'),
(1340, 100, 1, 100, '06/15/2022'),
(1341, 101, 1, 100, '06/15/2022'),
(1342, 102, 1, 100, '06/15/2022'),
(1343, 103, 1, 100, '06/15/2022'),
(1344, 104, 1, 100, '06/15/2022'),
(1345, 105, 1, 100, '06/15/2022'),
(1346, 106, 1, 100, '06/15/2022'),
(1347, 107, 1, 100, '06/15/2022'),
(1348, 108, 1, 100, '06/15/2022'),
(1349, 109, 1, 100, '06/15/2022'),
(1350, 110, 1, 100, '06/15/2022'),
(1351, 111, 1, 100, '06/15/2022'),
(1352, 112, 1, 100, '06/15/2022'),
(1353, 113, 1, 100, '06/15/2022'),
(1354, 114, 1, 100, '06/15/2022'),
(1355, 115, 1, 100, '06/15/2022'),
(1356, 116, 1, 100, '06/15/2022'),
(1357, 117, 1, 100, '06/15/2022'),
(1358, 118, 1, 100, '06/15/2022'),
(1359, 119, 1, 100, '06/15/2022'),
(1360, 120, 1, 100, '06/15/2022'),
(1361, 121, 1, 100, '06/15/2022'),
(1362, 122, 1, 100, '06/15/2022'),
(1363, 123, 1, 100, '06/15/2022'),
(1364, 124, 1, 100, '06/15/2022'),
(1365, 125, 1, 100, '06/15/2022'),
(1366, 126, 1, 100, '06/15/2022'),
(1367, 127, 1, 100, '06/15/2022'),
(1368, 128, 1, 100, '06/15/2022'),
(1369, 129, 1, 100, '06/15/2022'),
(1370, 130, 1, 100, '06/15/2022'),
(1371, 131, 1, 100, '06/15/2022'),
(1372, 132, 1, 100, '06/15/2022'),
(1373, 133, 1, 100, '06/15/2022'),
(1374, 134, 1, 100, '06/15/2022'),
(1375, 135, 1, 100, '06/15/2022'),
(1376, 136, 1, 100, '06/15/2022'),
(1377, 137, 1, 100, '06/15/2022'),
(1378, 138, 1, 100, '06/15/2022'),
(1379, 139, 1, 100, '06/15/2022'),
(1380, 140, 1, 100, '06/15/2022'),
(1381, 141, 1, 100, '06/15/2022'),
(1382, 142, 1, 100, '06/15/2022'),
(1383, 143, 1, 100, '06/15/2022'),
(1384, 144, 1, 100, '06/15/2022'),
(1385, 145, 1, 100, '06/15/2022'),
(1386, 146, 1, 100, '06/15/2022'),
(1387, 147, 1, 100, '06/15/2022'),
(1388, 148, 1, 100, '06/15/2022'),
(1389, 149, 1, 100, '06/15/2022'),
(1390, 150, 1, 100, '06/15/2022'),
(1391, 151, 1, 100, '06/15/2022'),
(1392, 152, 1, 100, '06/15/2022'),
(1393, 153, 1, 100, '06/15/2022'),
(1394, 154, 1, 100, '06/15/2022'),
(1395, 155, 1, 100, '06/15/2022'),
(1396, 156, 1, 100, '06/15/2022'),
(1397, 157, 1, 100, '06/15/2022'),
(1398, 158, 1, 100, '06/15/2022'),
(1399, 159, 1, 100, '06/15/2022'),
(1400, 160, 1, 100, '06/15/2022'),
(1401, 161, 1, 100, '06/15/2022'),
(1402, 162, 1, 100, '06/15/2022'),
(1403, 163, 1, 100, '06/15/2022'),
(1404, 164, 1, 100, '06/15/2022'),
(1405, 165, 1, 100, '06/15/2022'),
(1406, 166, 1, 100, '06/15/2022'),
(1407, 167, 1, 100, '06/15/2022'),
(1408, 168, 1, 100, '06/15/2022'),
(1409, 169, 1, 100, '06/15/2022'),
(1410, 170, 1, 100, '06/15/2022'),
(1411, 171, 1, 100, '06/15/2022'),
(1412, 172, 1, 100, '06/15/2022'),
(1413, 173, 1, 100, '06/15/2022'),
(1414, 174, 1, 100, '06/15/2022'),
(1415, 175, 1, 100, '06/15/2022'),
(1416, 176, 1, 100, '06/15/2022'),
(1417, 177, 1, 100, '06/15/2022'),
(1418, 178, 1, 100, '06/15/2022'),
(1419, 179, 1, 100, '06/15/2022'),
(1420, 180, 1, 100, '06/15/2022'),
(1421, 181, 1, 100, '06/15/2022'),
(1422, 182, 1, 100, '06/15/2022'),
(1423, 183, 1, 100, '06/15/2022'),
(1424, 184, 1, 100, '06/15/2022'),
(1425, 185, 1, 100, '06/15/2022'),
(1426, 186, 1, 100, '06/15/2022'),
(1427, 187, 1, 100, '06/15/2022'),
(1428, 188, 1, 100, '06/15/2022'),
(1429, 189, 1, 100, '06/15/2022'),
(1430, 190, 1, 100, '06/15/2022'),
(1431, 191, 1, 100, '06/15/2022'),
(1432, 192, 1, 100, '06/15/2022'),
(1433, 193, 1, 100, '06/15/2022'),
(1434, 194, 1, 100, '06/15/2022'),
(1435, 195, 1, 100, '06/15/2022'),
(1436, 196, 1, 100, '06/15/2022'),
(1437, 197, 1, 100, '06/15/2022'),
(1438, 198, 1, 100, '06/15/2022'),
(1439, 199, 1, 100, '06/15/2022'),
(1440, 200, 1, 100, '06/15/2022'),
(1441, 201, 1, 100, '06/15/2022'),
(1442, 202, 1, 100, '06/15/2022'),
(1443, 203, 1, 100, '06/15/2022'),
(1444, 204, 1, 100, '06/15/2022'),
(1445, 205, 1, 100, '06/15/2022'),
(1446, 206, 1, 100, '06/15/2022'),
(1447, 207, 1, 100, '06/15/2022'),
(1448, 208, 1, 100, '06/15/2022'),
(1449, 209, 1, 100, '06/15/2022'),
(1450, 210, 1, 100, '06/15/2022'),
(1451, 211, 1, 100, '06/15/2022'),
(1452, 212, 1, 100, '06/15/2022'),
(1453, 213, 1, 100, '06/15/2022'),
(1454, 214, 1, 100, '06/15/2022'),
(1455, 215, 1, 100, '06/15/2022'),
(1456, 216, 1, 100, '06/15/2022'),
(1457, 217, 1, 100, '06/15/2022'),
(1458, 218, 1, 100, '06/15/2022'),
(1459, 219, 1, 100, '06/15/2022'),
(1460, 220, 1, 100, '06/15/2022'),
(1461, 221, 1, 100, '06/15/2022'),
(1462, 222, 1, 100, '06/15/2022'),
(1463, 223, 1, 100, '06/15/2022'),
(1464, 224, 1, 100, '06/15/2022'),
(1465, 225, 1, 100, '06/15/2022'),
(1466, 226, 1, 100, '06/15/2022'),
(1467, 227, 1, 100, '06/15/2022'),
(1468, 228, 1, 100, '06/15/2022'),
(1469, 229, 1, 100, '06/15/2022'),
(1470, 230, 1, 100, '06/15/2022'),
(1471, 231, 1, 100, '06/15/2022'),
(1472, 232, 1, 100, '06/15/2022'),
(1473, 233, 1, 100, '06/15/2022'),
(1474, 234, 1, 100, '06/15/2022'),
(1475, 235, 1, 100, '06/15/2022'),
(1476, 236, 1, 100, '06/15/2022'),
(1477, 237, 1, 100, '06/15/2022'),
(1478, 238, 1, 100, '06/15/2022'),
(1479, 239, 1, 100, '06/15/2022'),
(1480, 240, 1, 100, '06/15/2022'),
(1481, 241, 1, 100, '06/15/2022'),
(1482, 242, 1, 100, '06/15/2022'),
(1483, 243, 1, 100, '06/15/2022'),
(1484, 244, 1, 100, '06/15/2022'),
(1485, 245, 1, 100, '06/15/2022'),
(1486, 246, 1, 100, '06/15/2022'),
(1487, 247, 1, 100, '06/15/2022'),
(1488, 248, 1, 100, '06/15/2022'),
(1489, 249, 1, 100, '06/15/2022'),
(1490, 250, 1, 100, '06/15/2022'),
(1491, 251, 1, 100, '06/15/2022'),
(1492, 252, 1, 100, '06/15/2022'),
(1493, 253, 1, 100, '06/15/2022'),
(1494, 254, 1, 100, '06/15/2022'),
(1495, 255, 1, 100, '06/15/2022'),
(1496, 256, 1, 100, '06/15/2022'),
(1497, 257, 1, 100, '06/15/2022'),
(1498, 258, 1, 100, '06/15/2022'),
(1499, 259, 1, 100, '06/15/2022'),
(1500, 260, 1, 100, '06/15/2022'),
(1501, 261, 1, 100, '06/15/2022'),
(1502, 262, 1, 100, '06/15/2022'),
(1503, 263, 1, 100, '06/15/2022'),
(1504, 264, 1, 100, '06/15/2022'),
(1505, 265, 1, 100, '06/15/2022'),
(1506, 266, 1, 100, '06/15/2022'),
(1507, 267, 1, 100, '06/15/2022'),
(1508, 268, 1, 100, '06/15/2022'),
(1509, 269, 1, 100, '06/15/2022'),
(1510, 270, 1, 100, '06/15/2022'),
(1511, 271, 1, 100, '06/15/2022'),
(1512, 272, 1, 100, '06/15/2022'),
(1513, 273, 1, 100, '06/15/2022'),
(1514, 274, 1, 100, '06/15/2022'),
(1515, 275, 1, 100, '06/15/2022'),
(1516, 276, 1, 100, '06/15/2022'),
(1517, 277, 1, 100, '06/15/2022'),
(1518, 278, 1, 100, '06/15/2022'),
(1519, 279, 1, 100, '06/15/2022'),
(1520, 280, 1, 100, '06/15/2022'),
(1521, 281, 1, 100, '06/15/2022'),
(1522, 282, 1, 100, '06/15/2022'),
(1523, 283, 1, 100, '06/15/2022'),
(1524, 284, 1, 100, '06/15/2022'),
(1525, 285, 1, 100, '06/15/2022'),
(1526, 286, 1, 100, '06/15/2022'),
(1527, 287, 1, 100, '06/15/2022'),
(1528, 288, 1, 100, '06/15/2022'),
(1529, 289, 1, 100, '06/15/2022'),
(1530, 290, 1, 100, '06/15/2022'),
(1531, 291, 1, 100, '06/15/2022'),
(1532, 292, 1, 100, '06/15/2022'),
(1533, 293, 1, 100, '06/15/2022'),
(1534, 294, 1, 100, '06/15/2022'),
(1535, 295, 1, 100, '06/15/2022'),
(1536, 296, 1, 100, '06/15/2022'),
(1537, 297, 1, 100, '06/15/2022'),
(1538, 298, 1, 100, '06/15/2022'),
(1539, 299, 1, 100, '06/15/2022'),
(1540, 300, 1, 100, '06/15/2022');
INSERT INTO `branch_inventory_tb` (`branch_inventory_id`, `warehouse_inventory_id`, `branch_id`, `quantity`, `date`) VALUES
(1541, 301, 1, 100, '06/15/2022'),
(1542, 302, 1, 100, '06/15/2022'),
(1543, 303, 1, 100, '06/15/2022'),
(1544, 304, 1, 100, '06/15/2022'),
(1545, 305, 1, 100, '06/15/2022'),
(1546, 306, 1, 100, '06/15/2022'),
(1547, 307, 1, 100, '06/15/2022'),
(1548, 308, 1, 100, '06/15/2022'),
(1549, 309, 1, 100, '06/15/2022'),
(1550, 310, 1, 100, '06/15/2022'),
(1551, 311, 1, 100, '06/15/2022'),
(1552, 312, 1, 100, '06/15/2022'),
(1553, 313, 1, 100, '06/15/2022'),
(1554, 314, 1, 100, '06/15/2022'),
(1555, 315, 1, 100, '06/15/2022'),
(1556, 316, 1, 100, '06/15/2022'),
(1557, 317, 1, 100, '06/15/2022'),
(1558, 318, 1, 100, '06/15/2022'),
(1559, 319, 1, 100, '06/15/2022'),
(1560, 320, 1, 100, '06/15/2022'),
(1561, 321, 1, 100, '06/15/2022'),
(1562, 322, 1, 100, '06/15/2022'),
(1563, 323, 1, 100, '06/15/2022'),
(1564, 324, 1, 100, '06/15/2022'),
(1565, 325, 1, 100, '06/15/2022'),
(1566, 326, 1, 100, '06/15/2022'),
(1567, 327, 1, 100, '06/15/2022'),
(1568, 328, 1, 100, '06/15/2022'),
(1569, 329, 1, 100, '06/15/2022'),
(1570, 330, 1, 100, '06/15/2022'),
(1571, 331, 1, 100, '06/15/2022'),
(1572, 332, 1, 100, '06/15/2022'),
(1573, 333, 1, 100, '06/15/2022'),
(1574, 334, 1, 100, '06/15/2022'),
(1575, 335, 1, 100, '06/15/2022'),
(1576, 336, 1, 100, '06/15/2022'),
(1577, 337, 1, 100, '06/15/2022'),
(1578, 338, 1, 100, '06/15/2022'),
(1579, 339, 1, 100, '06/15/2022'),
(1580, 340, 1, 100, '06/15/2022'),
(1581, 341, 1, 100, '06/15/2022'),
(1582, 342, 1, 100, '06/15/2022'),
(1583, 343, 1, 100, '06/15/2022'),
(1584, 344, 1, 100, '06/15/2022'),
(1585, 345, 1, 100, '06/15/2022'),
(1586, 346, 1, 100, '06/15/2022'),
(1587, 347, 1, 100, '06/15/2022'),
(1588, 348, 1, 100, '06/15/2022'),
(1589, 349, 1, 100, '06/15/2022'),
(1590, 350, 1, 100, '06/15/2022'),
(1591, 351, 1, 100, '06/15/2022'),
(1592, 352, 1, 100, '06/15/2022'),
(1593, 353, 1, 100, '06/15/2022'),
(1594, 354, 1, 100, '06/15/2022'),
(1595, 355, 1, 100, '06/15/2022'),
(1596, 356, 1, 100, '06/15/2022'),
(1597, 357, 1, 100, '06/15/2022'),
(1598, 358, 1, 100, '06/15/2022'),
(1599, 359, 1, 100, '06/15/2022'),
(1600, 360, 1, 100, '06/15/2022'),
(1601, 361, 1, 100, '06/15/2022'),
(1602, 362, 1, 100, '06/15/2022'),
(1603, 363, 1, 100, '06/15/2022'),
(1604, 364, 1, 100, '06/15/2022'),
(1605, 365, 1, 100, '06/15/2022'),
(1606, 366, 1, 100, '06/15/2022'),
(1607, 367, 1, 100, '06/15/2022'),
(1608, 368, 1, 100, '06/15/2022'),
(1609, 369, 1, 100, '06/15/2022'),
(1610, 370, 1, 100, '06/15/2022'),
(1611, 371, 1, 100, '06/15/2022'),
(1612, 372, 1, 100, '06/15/2022'),
(1613, 373, 1, 100, '06/15/2022'),
(1614, 374, 1, 100, '06/15/2022'),
(1615, 375, 1, 100, '06/15/2022'),
(1616, 376, 1, 100, '06/15/2022'),
(1617, 377, 1, 100, '06/15/2022'),
(1618, 378, 1, 100, '06/15/2022'),
(1619, 379, 1, 100, '06/15/2022'),
(1620, 380, 1, 100, '06/15/2022'),
(1621, 381, 1, 100, '06/15/2022'),
(1622, 382, 1, 100, '06/15/2022'),
(1623, 383, 1, 100, '06/15/2022'),
(1624, 384, 1, 100, '06/15/2022'),
(1625, 385, 1, 100, '06/15/2022'),
(1626, 386, 1, 100, '06/15/2022'),
(1627, 387, 1, 100, '06/15/2022'),
(1628, 388, 1, 100, '06/15/2022'),
(1629, 389, 1, 100, '06/15/2022'),
(1630, 390, 1, 100, '06/15/2022'),
(1631, 391, 1, 100, '06/15/2022'),
(1632, 392, 1, 100, '06/15/2022'),
(1633, 393, 1, 100, '06/15/2022'),
(1634, 394, 1, 100, '06/15/2022'),
(1635, 395, 1, 100, '06/15/2022'),
(1636, 396, 1, 100, '06/15/2022'),
(1637, 397, 1, 100, '06/15/2022'),
(1638, 398, 1, 100, '06/15/2022'),
(1639, 506, 1, 100, '06/15/2022'),
(1640, 507, 1, 100, '06/15/2022'),
(1641, 508, 1, 100, '06/15/2022'),
(1642, 521, 1, 100, '06/15/2022'),
(1643, 522, 1, 100, '06/15/2022'),
(1644, 523, 1, 100, '06/15/2022'),
(1645, 524, 1, 100, '06/15/2022'),
(1646, 525, 1, 100, '06/15/2022'),
(1647, 526, 1, 100, '06/15/2022'),
(1648, 527, 1, 100, '06/15/2022'),
(1649, 528, 1, 100, '06/15/2022'),
(1650, 529, 1, 100, '06/15/2022'),
(1651, 530, 1, 100, '06/15/2022'),
(1652, 531, 1, 100, '06/15/2022'),
(1653, 532, 1, 100, '06/15/2022'),
(1654, 533, 1, 100, '06/15/2022'),
(1655, 534, 1, 100, '06/15/2022'),
(1656, 535, 1, 100, '06/15/2022'),
(1657, 536, 1, 100, '06/15/2022'),
(1658, 537, 1, 100, '06/15/2022'),
(1659, 538, 1, 100, '06/15/2022'),
(1660, 539, 1, 100, '06/15/2022'),
(1661, 540, 1, 100, '06/15/2022'),
(1662, 541, 1, 100, '06/15/2022'),
(1663, 542, 1, 100, '06/15/2022'),
(1664, 543, 1, 100, '06/15/2022'),
(1665, 544, 1, 100, '06/15/2022'),
(1666, 545, 1, 100, '06/15/2022'),
(1667, 546, 1, 100, '06/15/2022'),
(1668, 547, 1, 100, '06/15/2022'),
(1669, 548, 1, 100, '06/15/2022'),
(1670, 549, 1, 100, '06/15/2022'),
(1671, 550, 1, 100, '06/15/2022'),
(1672, 551, 1, 100, '06/15/2022'),
(1673, 552, 1, 100, '06/15/2022'),
(1674, 553, 1, 100, '06/15/2022'),
(1675, 554, 1, 100, '06/15/2022'),
(1676, 555, 1, 100, '06/15/2022'),
(1677, 556, 1, 100, '06/15/2022'),
(1678, 557, 1, 100, '06/15/2022'),
(1679, 558, 1, 100, '06/15/2022'),
(1680, 559, 1, 100, '06/15/2022'),
(1681, 560, 1, 100, '06/15/2022'),
(1682, 561, 1, 100, '06/15/2022'),
(1683, 562, 1, 100, '06/15/2022'),
(1684, 563, 1, 100, '06/15/2022'),
(1685, 564, 1, 100, '06/15/2022'),
(1686, 565, 1, 100, '06/15/2022'),
(1687, 566, 1, 100, '06/15/2022'),
(1688, 567, 1, 100, '06/15/2022'),
(1689, 568, 1, 100, '06/15/2022'),
(1690, 569, 1, 100, '06/15/2022'),
(1691, 570, 1, 100, '06/15/2022'),
(1692, 572, 1, 100, '06/15/2022'),
(1693, 573, 1, 100, '06/15/2022'),
(1694, 574, 1, 100, '06/15/2022'),
(1695, 575, 1, 100, '06/15/2022'),
(1696, 576, 1, 100, '06/15/2022'),
(1697, 577, 1, 100, '06/15/2022'),
(1698, 578, 1, 100, '06/15/2022'),
(1699, 579, 1, 100, '06/15/2022'),
(1700, 580, 1, 100, '06/15/2022'),
(1701, 581, 1, 100, '06/15/2022'),
(1702, 582, 1, 100, '06/15/2022'),
(1703, 583, 1, 100, '06/15/2022'),
(1704, 584, 1, 100, '06/15/2022'),
(1705, 585, 1, 100, '06/15/2022'),
(1706, 586, 1, 100, '06/15/2022'),
(1707, 587, 1, 100, '06/15/2022'),
(1708, 588, 1, 100, '06/15/2022'),
(1709, 589, 1, 100, '06/15/2022'),
(1710, 590, 1, 100, '06/15/2022'),
(1711, 591, 1, 100, '06/15/2022'),
(1712, 592, 1, 100, '06/15/2022'),
(1713, 593, 1, 100, '06/15/2022'),
(1714, 594, 1, 100, '06/15/2022'),
(1715, 595, 1, 100, '06/15/2022'),
(1716, 596, 1, 100, '06/15/2022'),
(1717, 597, 1, 100, '06/15/2022'),
(1718, 598, 1, 100, '06/15/2022'),
(1719, 599, 1, 100, '06/15/2022'),
(1720, 600, 1, 100, '06/15/2022'),
(1721, 601, 1, 100, '06/15/2022'),
(1722, 602, 1, 100, '06/15/2022'),
(1723, 603, 1, 100, '06/15/2022'),
(1724, 604, 1, 100, '06/15/2022'),
(1725, 605, 1, 100, '06/15/2022'),
(1726, 606, 1, 100, '06/15/2022'),
(1727, 607, 1, 100, '06/15/2022'),
(1728, 608, 1, 100, '06/15/2022'),
(1729, 609, 1, 100, '06/15/2022'),
(1730, 610, 1, 100, '06/15/2022'),
(1731, 611, 1, 100, '06/15/2022'),
(1732, 612, 1, 100, '06/15/2022'),
(1733, 613, 1, 100, '06/15/2022'),
(1734, 614, 1, 100, '06/15/2022'),
(1735, 615, 1, 100, '06/15/2022'),
(1736, 616, 1, 100, '06/15/2022'),
(1737, 617, 1, 100, '06/15/2022'),
(1738, 618, 1, 100, '06/15/2022'),
(1739, 619, 1, 100, '06/15/2022'),
(1740, 620, 1, 100, '06/15/2022'),
(1741, 621, 1, 100, '06/15/2022'),
(1742, 622, 1, 100, '06/15/2022'),
(1743, 623, 1, 100, '06/15/2022'),
(1744, 624, 1, 100, '06/15/2022'),
(1745, 625, 1, 100, '06/15/2022'),
(1746, 626, 1, 100, '06/15/2022'),
(1747, 627, 1, 100, '06/15/2022'),
(1748, 628, 1, 100, '06/15/2022'),
(1749, 629, 1, 100, '06/15/2022'),
(1750, 630, 1, 100, '06/15/2022'),
(1751, 631, 1, 100, '06/15/2022'),
(1752, 632, 1, 100, '06/15/2022'),
(1753, 633, 1, 100, '06/15/2022'),
(1754, 634, 1, 100, '06/15/2022'),
(1755, 635, 1, 100, '06/15/2022'),
(1756, 636, 1, 100, '06/15/2022'),
(1757, 637, 1, 100, '06/15/2022'),
(1758, 638, 1, 100, '06/15/2022'),
(1759, 639, 1, 100, '06/15/2022'),
(1760, 640, 1, 100, '06/15/2022'),
(1761, 641, 1, 100, '06/15/2022'),
(1762, 642, 1, 100, '06/15/2022'),
(1763, 643, 1, 100, '06/15/2022'),
(1764, 644, 1, 100, '06/15/2022'),
(1765, 645, 1, 100, '06/15/2022'),
(1766, 646, 1, 100, '06/15/2022'),
(1767, 647, 1, 100, '06/15/2022'),
(1768, 648, 1, 100, '06/15/2022'),
(1769, 649, 1, 100, '06/15/2022'),
(1770, 650, 1, 100, '06/15/2022'),
(1771, 651, 1, 100, '06/15/2022'),
(1772, 652, 1, 100, '06/15/2022'),
(1773, 653, 1, 100, '06/15/2022'),
(1774, 654, 1, 100, '06/15/2022'),
(1775, 655, 1, 100, '06/15/2022'),
(1776, 656, 1, 100, '06/15/2022'),
(1777, 657, 1, 100, '06/15/2022'),
(1778, 658, 1, 100, '06/15/2022'),
(1779, 659, 1, 100, '06/15/2022'),
(1780, 660, 1, 100, '06/15/2022'),
(1781, 661, 1, 100, '06/15/2022'),
(1782, 662, 1, 100, '06/15/2022'),
(1783, 663, 1, 100, '06/15/2022'),
(1784, 664, 1, 100, '06/15/2022'),
(1785, 665, 1, 100, '06/15/2022'),
(1786, 666, 1, 100, '06/15/2022'),
(1787, 667, 1, 100, '06/15/2022'),
(1788, 668, 1, 100, '06/15/2022'),
(1789, 669, 1, 100, '06/15/2022'),
(1790, 670, 1, 100, '06/15/2022'),
(1791, 671, 1, 100, '06/15/2022'),
(1792, 672, 1, 100, '06/15/2022'),
(1793, 673, 1, 100, '06/15/2022'),
(1794, 674, 1, 100, '06/15/2022'),
(1795, 675, 1, 100, '06/15/2022'),
(1796, 676, 1, 100, '06/15/2022'),
(1797, 677, 1, 100, '06/15/2022'),
(1798, 678, 1, 100, '06/15/2022'),
(1799, 679, 1, 100, '06/15/2022'),
(1800, 680, 1, 100, '06/15/2022'),
(1801, 681, 1, 100, '06/15/2022'),
(1802, 682, 1, 100, '06/15/2022'),
(1803, 683, 1, 100, '06/15/2022'),
(1804, 684, 1, 100, '06/15/2022'),
(1805, 685, 1, 100, '06/15/2022'),
(1806, 686, 1, 100, '06/15/2022'),
(1807, 687, 1, 100, '06/15/2022'),
(1808, 688, 1, 100, '06/15/2022'),
(1809, 689, 1, 100, '06/15/2022'),
(1810, 690, 1, 100, '06/15/2022'),
(1811, 691, 1, 100, '06/15/2022'),
(1812, 692, 1, 100, '06/15/2022'),
(1813, 693, 1, 100, '06/15/2022'),
(1814, 694, 1, 100, '06/15/2022'),
(1815, 695, 1, 100, '06/15/2022'),
(1816, 696, 1, 100, '06/15/2022'),
(1817, 697, 1, 100, '06/15/2022'),
(1818, 698, 1, 100, '06/15/2022'),
(1819, 699, 1, 100, '06/15/2022'),
(1820, 700, 1, 100, '06/15/2022'),
(1821, 701, 1, 100, '06/15/2022'),
(1822, 702, 1, 100, '06/15/2022'),
(1823, 703, 1, 100, '06/15/2022'),
(1824, 704, 1, 100, '06/15/2022'),
(1825, 705, 1, 100, '06/15/2022'),
(1826, 706, 1, 100, '06/15/2022'),
(1827, 707, 1, 100, '06/15/2022'),
(1828, 708, 1, 100, '06/15/2022'),
(1829, 709, 1, 100, '06/15/2022'),
(1830, 710, 1, 100, '06/15/2022'),
(1831, 711, 1, 100, '06/15/2022'),
(1832, 712, 1, 100, '06/15/2022'),
(1833, 713, 1, 100, '06/15/2022'),
(1834, 714, 1, 100, '06/15/2022'),
(1835, 715, 1, 100, '06/15/2022'),
(1836, 716, 1, 100, '06/15/2022'),
(1837, 717, 1, 100, '06/15/2022'),
(1838, 718, 1, 100, '06/15/2022'),
(1839, 719, 1, 100, '06/15/2022'),
(1840, 720, 1, 100, '06/15/2022'),
(1841, 721, 1, 100, '06/15/2022'),
(1842, 722, 1, 100, '06/15/2022'),
(1843, 723, 1, 100, '06/15/2022'),
(1844, 724, 1, 100, '06/15/2022'),
(1845, 725, 1, 100, '06/15/2022'),
(1846, 726, 1, 100, '06/15/2022'),
(1847, 727, 1, 100, '06/15/2022'),
(1848, 728, 1, 100, '06/15/2022'),
(1849, 729, 1, 100, '06/15/2022'),
(1850, 730, 1, 100, '06/15/2022'),
(1851, 731, 1, 100, '06/15/2022'),
(1852, 732, 1, 100, '06/15/2022'),
(1853, 733, 1, 100, '06/15/2022'),
(1854, 734, 1, 100, '06/15/2022'),
(1855, 735, 1, 100, '06/15/2022'),
(1856, 736, 1, 100, '06/15/2022'),
(1857, 737, 1, 100, '06/15/2022'),
(1858, 738, 1, 100, '06/15/2022'),
(1859, 739, 1, 100, '06/15/2022'),
(1860, 740, 1, 100, '06/15/2022'),
(1861, 742, 1, 100, '06/15/2022'),
(1862, 743, 1, 100, '06/15/2022'),
(1863, 744, 1, 100, '06/15/2022'),
(1864, 745, 1, 100, '06/15/2022'),
(1865, 746, 1, 100, '06/15/2022'),
(1866, 747, 1, 100, '06/15/2022'),
(1867, 748, 1, 100, '06/15/2022'),
(1868, 749, 1, 100, '06/15/2022'),
(1869, 750, 1, 100, '06/15/2022'),
(1870, 751, 1, 100, '06/15/2022'),
(1871, 752, 1, 100, '06/15/2022'),
(1872, 753, 1, 100, '06/15/2022'),
(1873, 754, 1, 100, '06/15/2022'),
(1874, 755, 1, 100, '06/15/2022'),
(1875, 756, 1, 100, '06/15/2022'),
(1876, 757, 1, 100, '06/15/2022'),
(1877, 758, 1, 100, '06/15/2022'),
(1878, 759, 1, 100, '06/15/2022'),
(1879, 760, 1, 100, '06/15/2022'),
(1880, 761, 1, 100, '06/15/2022'),
(1881, 762, 1, 100, '06/15/2022'),
(1882, 763, 1, 100, '06/15/2022'),
(1883, 764, 1, 100, '06/15/2022'),
(1884, 765, 1, 100, '06/15/2022'),
(1885, 766, 1, 100, '06/15/2022'),
(1886, 767, 1, 100, '06/15/2022'),
(1887, 768, 1, 100, '06/15/2022'),
(1888, 769, 1, 100, '06/15/2022'),
(1889, 770, 1, 100, '06/15/2022'),
(1890, 771, 1, 100, '06/15/2022'),
(1891, 772, 1, 100, '06/15/2022'),
(1892, 773, 1, 100, '06/15/2022'),
(1893, 774, 1, 100, '06/15/2022'),
(1894, 775, 1, 100, '06/15/2022'),
(1895, 776, 1, 100, '06/15/2022'),
(1896, 777, 1, 100, '06/15/2022'),
(1897, 778, 1, 100, '06/15/2022'),
(1898, 779, 1, 100, '06/15/2022'),
(1899, 780, 1, 100, '06/15/2022'),
(1900, 781, 1, 100, '06/15/2022'),
(1901, 782, 1, 100, '06/15/2022'),
(1902, 783, 1, 100, '06/15/2022'),
(1903, 784, 1, 100, '06/15/2022'),
(1904, 785, 1, 100, '06/15/2022'),
(1905, 786, 1, 100, '06/15/2022'),
(1906, 787, 1, 100, '06/15/2022'),
(1907, 788, 1, 100, '06/15/2022'),
(1908, 789, 1, 100, '06/15/2022'),
(1909, 790, 1, 100, '06/15/2022'),
(1910, 791, 1, 100, '06/15/2022'),
(1911, 792, 1, 100, '06/15/2022'),
(1912, 793, 1, 100, '06/15/2022'),
(1913, 794, 1, 100, '06/15/2022'),
(1914, 795, 1, 100, '06/15/2022'),
(1915, 796, 1, 100, '06/15/2022'),
(1916, 797, 1, 100, '06/15/2022'),
(1917, 798, 1, 100, '06/15/2022'),
(1918, 799, 1, 100, '06/15/2022'),
(1919, 800, 1, 100, '06/15/2022'),
(1920, 801, 1, 100, '06/15/2022'),
(1921, 802, 1, 100, '06/15/2022'),
(1922, 803, 1, 100, '06/15/2022'),
(1923, 804, 1, 100, '06/15/2022'),
(1924, 805, 1, 100, '06/15/2022'),
(1925, 806, 1, 100, '06/15/2022'),
(1926, 807, 1, 100, '06/15/2022'),
(1927, 808, 1, 100, '06/15/2022'),
(1928, 809, 1, 100, '06/15/2022'),
(1929, 810, 1, 100, '06/15/2022'),
(1930, 811, 1, 100, '06/15/2022'),
(1931, 812, 1, 100, '06/15/2022'),
(1932, 813, 1, 100, '06/15/2022'),
(1933, 814, 1, 100, '06/15/2022'),
(1934, 815, 1, 100, '06/15/2022'),
(1935, 816, 1, 100, '06/15/2022'),
(1936, 817, 1, 100, '06/15/2022'),
(1937, 818, 1, 100, '06/15/2022'),
(1938, 819, 1, 100, '06/15/2022'),
(1939, 820, 1, 100, '06/15/2022'),
(1940, 821, 1, 100, '06/15/2022'),
(1941, 822, 1, 100, '06/15/2022'),
(1942, 823, 1, 100, '06/15/2022'),
(1943, 824, 1, 100, '06/15/2022'),
(1944, 825, 1, 100, '06/15/2022'),
(1945, 826, 1, 100, '06/15/2022'),
(1946, 827, 1, 100, '06/15/2022'),
(1947, 828, 1, 100, '06/15/2022'),
(1948, 829, 1, 100, '06/15/2022'),
(1949, 830, 1, 100, '06/15/2022'),
(1950, 831, 1, 100, '06/15/2022'),
(1951, 832, 1, 100, '06/15/2022'),
(1952, 833, 1, 100, '06/15/2022'),
(1953, 834, 1, 100, '06/15/2022'),
(1954, 835, 1, 100, '06/15/2022'),
(1955, 836, 1, 100, '06/15/2022'),
(1956, 837, 1, 100, '06/15/2022'),
(1957, 838, 1, 100, '06/15/2022'),
(1958, 839, 1, 100, '06/15/2022'),
(1959, 840, 1, 100, '06/15/2022'),
(1960, 841, 1, 100, '06/15/2022'),
(1961, 842, 1, 100, '06/15/2022'),
(1962, 843, 1, 100, '06/15/2022'),
(1963, 844, 1, 100, '06/15/2022'),
(1964, 845, 1, 100, '06/15/2022'),
(1965, 846, 1, 100, '06/15/2022'),
(1966, 847, 1, 100, '06/15/2022'),
(1967, 848, 1, 100, '06/15/2022'),
(1968, 849, 1, 100, '06/15/2022'),
(1969, 850, 1, 100, '06/15/2022'),
(1970, 851, 1, 100, '06/15/2022'),
(1971, 852, 1, 100, '06/15/2022'),
(1972, 853, 1, 100, '06/15/2022'),
(1973, 854, 1, 100, '06/15/2022'),
(1974, 855, 1, 100, '06/15/2022'),
(1975, 856, 1, 100, '06/15/2022'),
(1976, 857, 1, 100, '06/15/2022'),
(1977, 858, 1, 100, '06/15/2022'),
(1978, 859, 1, 100, '06/15/2022'),
(1979, 860, 1, 100, '06/15/2022'),
(1980, 861, 1, 100, '06/15/2022'),
(1981, 862, 1, 100, '06/15/2022'),
(1982, 863, 1, 100, '06/15/2022'),
(1983, 864, 1, 100, '06/15/2022'),
(1984, 865, 1, 100, '06/15/2022'),
(1985, 866, 1, 100, '06/15/2022'),
(1986, 867, 1, 100, '06/15/2022'),
(1987, 868, 1, 100, '06/15/2022'),
(1988, 869, 1, 100, '06/15/2022'),
(1989, 870, 1, 100, '06/15/2022'),
(1990, 871, 1, 100, '06/15/2022'),
(1991, 872, 1, 100, '06/15/2022'),
(1992, 873, 1, 100, '06/15/2022'),
(1993, 874, 1, 100, '06/15/2022'),
(1994, 875, 1, 100, '06/15/2022'),
(1995, 876, 1, 100, '06/15/2022'),
(1996, 877, 1, 100, '06/15/2022'),
(1997, 878, 1, 100, '06/15/2022'),
(1998, 879, 1, 100, '06/15/2022'),
(1999, 880, 1, 100, '06/15/2022'),
(2000, 881, 1, 100, '06/15/2022'),
(2001, 882, 1, 100, '06/15/2022'),
(2002, 883, 1, 100, '06/15/2022'),
(2003, 884, 1, 100, '06/15/2022'),
(2004, 885, 1, 100, '06/15/2022'),
(2005, 886, 1, 100, '06/15/2022'),
(2006, 887, 1, 100, '06/15/2022'),
(2007, 888, 1, 100, '06/15/2022'),
(2008, 889, 1, 100, '06/15/2022'),
(2009, 890, 1, 100, '06/15/2022'),
(2010, 891, 1, 100, '06/15/2022'),
(2011, 892, 1, 100, '06/15/2022'),
(2012, 893, 1, 100, '06/15/2022'),
(2013, 894, 1, 100, '06/15/2022'),
(2014, 895, 1, 100, '06/15/2022'),
(2015, 896, 1, 100, '06/15/2022'),
(2016, 897, 1, 100, '06/15/2022'),
(2017, 898, 1, 100, '06/15/2022'),
(2018, 899, 1, 100, '06/15/2022'),
(2019, 900, 1, 100, '06/15/2022'),
(2020, 901, 1, 100, '06/15/2022'),
(2021, 902, 1, 100, '06/15/2022'),
(2022, 903, 1, 100, '06/15/2022'),
(2023, 904, 1, 100, '06/15/2022'),
(2024, 905, 1, 100, '06/15/2022'),
(2025, 906, 1, 100, '06/15/2022'),
(2026, 907, 1, 100, '06/15/2022'),
(2027, 908, 1, 100, '06/15/2022'),
(2028, 909, 1, 100, '06/15/2022'),
(2029, 910, 1, 100, '06/15/2022'),
(2030, 911, 1, 100, '06/15/2022'),
(2031, 912, 1, 100, '06/15/2022'),
(2032, 913, 1, 100, '06/15/2022'),
(2033, 914, 1, 100, '06/15/2022'),
(2034, 915, 1, 100, '06/15/2022'),
(2035, 916, 1, 100, '06/15/2022'),
(2036, 917, 1, 100, '06/15/2022'),
(2037, 918, 1, 100, '06/15/2022'),
(2038, 919, 1, 100, '06/15/2022'),
(2039, 920, 1, 100, '06/15/2022'),
(2040, 921, 1, 100, '06/15/2022'),
(2041, 922, 1, 100, '06/15/2022'),
(2042, 923, 1, 100, '06/15/2022'),
(2043, 924, 1, 100, '06/15/2022'),
(2044, 925, 1, 100, '06/15/2022'),
(2045, 926, 1, 100, '06/15/2022'),
(2046, 927, 1, 100, '06/15/2022'),
(2047, 928, 1, 100, '06/15/2022'),
(2048, 929, 1, 100, '06/15/2022'),
(2049, 930, 1, 100, '06/15/2022'),
(2050, 931, 1, 100, '06/15/2022'),
(2051, 932, 1, 100, '06/15/2022'),
(2052, 933, 1, 100, '06/15/2022'),
(2053, 934, 1, 100, '06/15/2022'),
(2054, 935, 1, 100, '06/15/2022'),
(2055, 936, 1, 100, '06/15/2022'),
(2056, 937, 1, 100, '06/15/2022'),
(2057, 938, 1, 100, '06/15/2022'),
(2058, 939, 1, 100, '06/15/2022'),
(2059, 940, 1, 100, '06/15/2022'),
(2060, 941, 1, 100, '06/15/2022'),
(2061, 942, 1, 100, '06/15/2022'),
(2062, 943, 1, 100, '06/15/2022'),
(2063, 944, 1, 100, '06/15/2022'),
(2064, 945, 1, 100, '06/15/2022'),
(2065, 946, 1, 100, '06/15/2022'),
(2066, 947, 1, 100, '06/15/2022'),
(2067, 948, 1, 100, '06/15/2022'),
(2068, 949, 1, 100, '06/15/2022'),
(2069, 950, 1, 100, '06/15/2022'),
(2070, 951, 1, 100, '06/15/2022'),
(2071, 952, 1, 100, '06/15/2022'),
(2072, 953, 1, 100, '06/15/2022'),
(2073, 954, 1, 100, '06/15/2022'),
(2074, 955, 1, 100, '06/15/2022'),
(2075, 956, 1, 100, '06/15/2022'),
(2076, 957, 1, 100, '06/15/2022'),
(2077, 958, 1, 100, '06/15/2022'),
(2078, 959, 1, 100, '06/15/2022'),
(2079, 960, 1, 100, '06/15/2022'),
(2080, 961, 1, 100, '06/15/2022'),
(2081, 962, 1, 100, '06/15/2022'),
(2082, 963, 1, 100, '06/15/2022'),
(2083, 964, 1, 100, '06/15/2022'),
(2084, 965, 1, 100, '06/15/2022'),
(2085, 966, 1, 100, '06/15/2022'),
(2086, 967, 1, 100, '06/15/2022'),
(2087, 968, 1, 100, '06/15/2022'),
(2088, 969, 1, 100, '06/15/2022'),
(2089, 970, 1, 100, '06/15/2022'),
(2090, 971, 1, 100, '06/15/2022'),
(2091, 972, 1, 100, '06/15/2022'),
(2092, 973, 1, 100, '06/15/2022'),
(2093, 974, 1, 100, '06/15/2022'),
(2094, 975, 1, 100, '06/15/2022'),
(2095, 976, 1, 100, '06/15/2022'),
(2096, 977, 1, 100, '06/15/2022'),
(2097, 978, 1, 100, '06/15/2022'),
(2098, 979, 1, 100, '06/15/2022'),
(2099, 980, 1, 100, '06/15/2022'),
(2100, 981, 1, 100, '06/15/2022'),
(2101, 982, 1, 100, '06/15/2022'),
(2102, 983, 1, 100, '06/15/2022'),
(2103, 984, 1, 100, '06/15/2022'),
(2104, 985, 1, 100, '06/15/2022'),
(2105, 986, 1, 100, '06/15/2022'),
(2106, 987, 1, 100, '06/15/2022'),
(2107, 988, 1, 100, '06/15/2022'),
(2108, 989, 1, 100, '06/15/2022'),
(2109, 990, 1, 100, '06/15/2022'),
(2110, 991, 1, 100, '06/15/2022'),
(2111, 992, 1, 100, '06/15/2022'),
(2112, 993, 1, 100, '06/15/2022'),
(2113, 994, 1, 100, '06/15/2022'),
(2114, 995, 1, 100, '06/15/2022'),
(2115, 996, 1, 100, '06/15/2022'),
(2116, 997, 1, 100, '06/15/2022'),
(2117, 998, 1, 100, '06/15/2022'),
(2118, 999, 1, 100, '06/15/2022'),
(2119, 1000, 1, 100, '06/15/2022'),
(2120, 1001, 1, 100, '06/15/2022'),
(2121, 1002, 1, 100, '06/15/2022'),
(2122, 1003, 1, 100, '06/15/2022'),
(2123, 1004, 1, 100, '06/15/2022'),
(2124, 1005, 1, 100, '06/15/2022'),
(2125, 1006, 1, 100, '06/15/2022'),
(2126, 1007, 1, 100, '06/15/2022'),
(2127, 1008, 1, 100, '06/15/2022'),
(2128, 1009, 1, 100, '06/15/2022'),
(2129, 1010, 1, 100, '06/15/2022'),
(2130, 1011, 1, 100, '06/15/2022'),
(2131, 1012, 1, 100, '06/15/2022'),
(2132, 1013, 1, 100, '06/15/2022'),
(2133, 1014, 1, 100, '06/15/2022'),
(2134, 1015, 1, 100, '06/15/2022'),
(2135, 1016, 1, 100, '06/15/2022'),
(2136, 1018, 1, 100, '06/15/2022'),
(2137, 1020, 1, 100, '06/15/2022'),
(2138, 1021, 1, 100, '06/15/2022'),
(2139, 1022, 1, 100, '06/15/2022'),
(2140, 1023, 1, 100, '06/15/2022'),
(2141, 1024, 1, 100, '06/15/2022'),
(2142, 1025, 1, 100, '06/15/2022'),
(2143, 1607, 1, 100, '06/15/2022'),
(2144, 1608, 1, 100, '06/15/2022'),
(2145, 1609, 1, 100, '06/15/2022'),
(2146, 1610, 1, 100, '06/15/2022'),
(2147, 1611, 1, 100, '06/15/2022'),
(2148, 1612, 1, 100, '06/15/2022'),
(2149, 1613, 1, 100, '06/15/2022'),
(2150, 1614, 1, 100, '06/15/2022'),
(2151, 1689, 1, 100, '06/15/2022'),
(2152, 1690, 1, 100, '06/15/2022'),
(2153, 1691, 1, 100, '06/15/2022'),
(2154, 1692, 1, 100, '06/15/2022'),
(2155, 1693, 1, 100, '06/15/2022'),
(2156, 1694, 1, 100, '06/15/2022'),
(2157, 1695, 1, 100, '06/15/2022'),
(2158, 1696, 1, 100, '06/15/2022'),
(2159, 1697, 1, 100, '06/15/2022'),
(2160, 1698, 1, 100, '06/15/2022'),
(2161, 1699, 1, 100, '06/15/2022'),
(2162, 1700, 1, 100, '06/15/2022'),
(2163, 1701, 1, 100, '06/15/2022'),
(2164, 1702, 1, 100, '06/15/2022'),
(2165, 1703, 1, 100, '06/15/2022'),
(2166, 1704, 1, 100, '06/15/2022'),
(2167, 1705, 1, 100, '06/15/2022'),
(2168, 1706, 1, 100, '06/15/2022'),
(2169, 1707, 1, 100, '06/15/2022'),
(2170, 1708, 1, 100, '06/15/2022'),
(2171, 1709, 1, 100, '06/15/2022'),
(2172, 1710, 1, 100, '06/15/2022'),
(2173, 1711, 1, 100, '06/15/2022'),
(2174, 1712, 1, 100, '06/15/2022'),
(2175, 1713, 1, 100, '06/15/2022'),
(2176, 1714, 1, 100, '06/15/2022'),
(2177, 1715, 1, 100, '06/15/2022'),
(2178, 1716, 1, 100, '06/15/2022'),
(2179, 1717, 1, 100, '06/15/2022'),
(2180, 1718, 1, 100, '06/15/2022'),
(2181, 1719, 1, 100, '06/15/2022'),
(2182, 1720, 1, 100, '06/15/2022'),
(2183, 1721, 1, 100, '06/15/2022'),
(2184, 1722, 1, 100, '06/15/2022'),
(2185, 1723, 1, 100, '06/15/2022'),
(2186, 1724, 1, 100, '06/15/2022'),
(2187, 1725, 1, 100, '06/15/2022'),
(2188, 1726, 1, 100, '06/15/2022'),
(2189, 1727, 1, 100, '06/15/2022'),
(2190, 1728, 1, 100, '06/15/2022'),
(2191, 1729, 1, 100, '06/15/2022'),
(2192, 1730, 1, 100, '06/15/2022'),
(2193, 1731, 1, 100, '06/15/2022'),
(2194, 1732, 1, 100, '06/15/2022'),
(2195, 1733, 1, 100, '06/15/2022'),
(2196, 1734, 1, 100, '06/15/2022'),
(2197, 1735, 1, 100, '06/15/2022'),
(2198, 1736, 1, 100, '06/15/2022'),
(2199, 1737, 1, 100, '06/15/2022'),
(2200, 1738, 1, 100, '06/15/2022'),
(2201, 1739, 1, 100, '06/15/2022'),
(2202, 1740, 1, 100, '06/15/2022'),
(2203, 1741, 1, 100, '06/15/2022'),
(2204, 1742, 1, 100, '06/15/2022'),
(2205, 1743, 1, 100, '06/15/2022'),
(2206, 1744, 1, 100, '06/15/2022'),
(2207, 1745, 1, 100, '06/15/2022'),
(2208, 1746, 1, 100, '06/15/2022'),
(2209, 1747, 1, 100, '06/15/2022'),
(2210, 1748, 1, 100, '06/15/2022'),
(2211, 1749, 1, 100, '06/15/2022'),
(2212, 1750, 1, 100, '06/15/2022'),
(2213, 1751, 1, 100, '06/15/2022'),
(2214, 1752, 1, 100, '06/15/2022'),
(2215, 1753, 1, 100, '06/15/2022'),
(2216, 1754, 1, 100, '06/15/2022'),
(2217, 1755, 1, 100, '06/15/2022'),
(2218, 1756, 1, 100, '06/15/2022'),
(2219, 1757, 1, 100, '06/15/2022'),
(2220, 1758, 1, 100, '06/15/2022'),
(2221, 1759, 1, 100, '06/15/2022'),
(2222, 1760, 1, 100, '06/15/2022'),
(2223, 1761, 1, 100, '06/15/2022'),
(2224, 1762, 1, 100, '06/15/2022'),
(2225, 1763, 1, 100, '06/15/2022'),
(2226, 1764, 1, 100, '06/15/2022'),
(2227, 1765, 1, 100, '06/15/2022'),
(2228, 1766, 1, 100, '06/15/2022'),
(2229, 1767, 1, 100, '06/15/2022'),
(2230, 1768, 1, 100, '06/15/2022'),
(2231, 1769, 1, 100, '06/15/2022'),
(2232, 1770, 1, 100, '06/15/2022'),
(2233, 1771, 1, 100, '06/15/2022'),
(2234, 1772, 1, 100, '06/15/2022'),
(2235, 1773, 1, 100, '06/15/2022'),
(2236, 1774, 1, 100, '06/15/2022'),
(2237, 1775, 1, 100, '06/15/2022'),
(2238, 1776, 1, 100, '06/15/2022'),
(2239, 1777, 1, 100, '06/15/2022'),
(2240, 1778, 1, 100, '06/15/2022'),
(2241, 1779, 1, 100, '06/15/2022'),
(2242, 1780, 1, 100, '06/15/2022'),
(2243, 1781, 1, 100, '06/15/2022'),
(2244, 1782, 1, 100, '06/15/2022'),
(2245, 1783, 1, 100, '06/15/2022'),
(2246, 1784, 1, 100, '06/15/2022'),
(2247, 1785, 1, 100, '06/15/2022'),
(2248, 1786, 1, 100, '06/15/2022'),
(2249, 1787, 1, 100, '06/15/2022'),
(2250, 1788, 1, 100, '06/15/2022'),
(2251, 1789, 1, 100, '06/15/2022'),
(2252, 1790, 1, 100, '06/15/2022'),
(2253, 1791, 1, 100, '06/15/2022'),
(2254, 1792, 1, 100, '06/15/2022'),
(2255, 1793, 1, 100, '06/15/2022'),
(2256, 1794, 1, 100, '06/15/2022'),
(2257, 1795, 1, 100, '06/15/2022'),
(2258, 1796, 1, 100, '06/15/2022'),
(2259, 1797, 1, 100, '06/15/2022'),
(2260, 1798, 1, 100, '06/15/2022'),
(2261, 1799, 1, 100, '06/15/2022'),
(2262, 1800, 1, 100, '06/15/2022'),
(2263, 1801, 1, 100, '06/15/2022'),
(2264, 1802, 1, 100, '06/15/2022'),
(2265, 1803, 1, 100, '06/15/2022'),
(2266, 1804, 1, 100, '06/15/2022'),
(2267, 1805, 1, 100, '06/15/2022'),
(2268, 1806, 1, 100, '06/15/2022'),
(2269, 1807, 1, 100, '06/15/2022'),
(2270, 1808, 1, 100, '06/15/2022'),
(2271, 1809, 1, 100, '06/15/2022'),
(2272, 1810, 1, 100, '06/15/2022'),
(2273, 1811, 1, 100, '06/15/2022'),
(2274, 1812, 1, 100, '06/15/2022'),
(2275, 1813, 1, 100, '06/15/2022'),
(2276, 1814, 1, 100, '06/15/2022'),
(2277, 1815, 1, 100, '06/15/2022'),
(2278, 1816, 1, 100, '06/15/2022'),
(2279, 1817, 1, 100, '06/15/2022'),
(2280, 1818, 1, 100, '06/15/2022'),
(2281, 1819, 1, 100, '06/15/2022'),
(2282, 1820, 1, 100, '06/15/2022'),
(2283, 1821, 1, 100, '06/15/2022'),
(2284, 1822, 1, 100, '06/15/2022'),
(2285, 1823, 1, 100, '06/15/2022'),
(2286, 1824, 1, 100, '06/15/2022'),
(2287, 1825, 1, 100, '06/15/2022'),
(2288, 1826, 1, 100, '06/15/2022'),
(2289, 1827, 1, 100, '06/15/2022'),
(2290, 1828, 1, 100, '06/15/2022'),
(2291, 1829, 1, 100, '06/15/2022'),
(2292, 1830, 1, 100, '06/15/2022'),
(2293, 1831, 1, 100, '06/15/2022'),
(2294, 1832, 1, 100, '06/15/2022'),
(2295, 1833, 1, 100, '06/15/2022'),
(2296, 1834, 1, 100, '06/15/2022'),
(2297, 1835, 1, 100, '06/15/2022'),
(2298, 1836, 1, 100, '06/15/2022'),
(2299, 1837, 1, 100, '06/15/2022'),
(2300, 1838, 1, 100, '06/15/2022'),
(2301, 1839, 1, 100, '06/15/2022'),
(2302, 1840, 1, 100, '06/15/2022'),
(2303, 1841, 1, 100, '06/15/2022'),
(2304, 1842, 1, 100, '06/15/2022'),
(2305, 1843, 1, 100, '06/15/2022'),
(2306, 1844, 1, 100, '06/15/2022'),
(2307, 1845, 1, 100, '06/15/2022'),
(2308, 1846, 1, 100, '06/15/2022'),
(2309, 1847, 1, 100, '06/15/2022'),
(2310, 1848, 1, 100, '06/15/2022'),
(2311, 1849, 1, 100, '06/15/2022'),
(2312, 1850, 1, 100, '06/15/2022'),
(2313, 1851, 1, 100, '06/15/2022'),
(2314, 1852, 1, 100, '06/15/2022'),
(2315, 1853, 1, 100, '06/15/2022'),
(2316, 1854, 1, 100, '06/15/2022'),
(2317, 1855, 1, 100, '06/15/2022'),
(2318, 1856, 1, 100, '06/15/2022'),
(2319, 1857, 1, 100, '06/15/2022'),
(2320, 1858, 1, 100, '06/15/2022'),
(2321, 1859, 1, 100, '06/15/2022'),
(2322, 1860, 1, 100, '06/15/2022'),
(2323, 1861, 1, 100, '06/15/2022'),
(2324, 1862, 1, 100, '06/15/2022'),
(2325, 1863, 1, 100, '06/15/2022'),
(2326, 1864, 1, 100, '06/15/2022'),
(2327, 1865, 1, 100, '06/15/2022'),
(2328, 1866, 1, 100, '06/15/2022'),
(2329, 1867, 1, 100, '06/15/2022'),
(2330, 1868, 1, 100, '06/15/2022'),
(2331, 1869, 1, 100, '06/15/2022'),
(2332, 1870, 1, 100, '06/15/2022'),
(2333, 1871, 1, 100, '06/15/2022'),
(2334, 1872, 1, 100, '06/15/2022'),
(2335, 1873, 1, 100, '06/15/2022'),
(2336, 1874, 1, 100, '06/15/2022'),
(2337, 1875, 1, 100, '06/15/2022'),
(2338, 1876, 1, 100, '06/15/2022'),
(2339, 1877, 1, 100, '06/15/2022'),
(2340, 1878, 1, 100, '06/15/2022'),
(2341, 1879, 1, 100, '06/15/2022'),
(2342, 1880, 1, 100, '06/15/2022'),
(2343, 1881, 1, 100, '06/15/2022'),
(2344, 1882, 1, 100, '06/15/2022'),
(2345, 1883, 1, 100, '06/15/2022'),
(2346, 1884, 1, 100, '06/15/2022'),
(2347, 1885, 1, 100, '06/15/2022'),
(2348, 1886, 1, 100, '06/15/2022'),
(2349, 1887, 1, 100, '06/15/2022'),
(2350, 1888, 1, 100, '06/15/2022'),
(2351, 1889, 1, 100, '06/15/2022'),
(2352, 1890, 1, 100, '06/15/2022'),
(2353, 1891, 1, 100, '06/15/2022'),
(2354, 1892, 1, 100, '06/15/2022'),
(2355, 1893, 1, 100, '06/15/2022'),
(2356, 1894, 1, 100, '06/15/2022'),
(2357, 1895, 1, 100, '06/15/2022'),
(2358, 1896, 1, 100, '06/15/2022'),
(2359, 1897, 1, 100, '06/15/2022'),
(2360, 1898, 1, 100, '06/15/2022'),
(2361, 1899, 1, 100, '06/15/2022'),
(2362, 1900, 1, 100, '06/15/2022'),
(2363, 1901, 1, 100, '06/15/2022'),
(2364, 1902, 1, 100, '06/15/2022'),
(2365, 1903, 1, 100, '06/15/2022'),
(2366, 1904, 1, 100, '06/15/2022'),
(2367, 1905, 1, 100, '06/15/2022'),
(2368, 1906, 1, 100, '06/15/2022'),
(2369, 1907, 1, 100, '06/15/2022'),
(2370, 1908, 1, 100, '06/15/2022'),
(2371, 1909, 1, 100, '06/15/2022'),
(2372, 1910, 1, 100, '06/15/2022'),
(2373, 1911, 1, 100, '06/15/2022'),
(2374, 1912, 1, 100, '06/15/2022'),
(2375, 1913, 1, 100, '06/15/2022'),
(2376, 1914, 1, 100, '06/15/2022'),
(2377, 1915, 1, 100, '06/15/2022'),
(2378, 1916, 1, 100, '06/15/2022'),
(2379, 1917, 1, 100, '06/15/2022'),
(2380, 1918, 1, 100, '06/15/2022'),
(2381, 1919, 1, 100, '06/15/2022'),
(2382, 1920, 1, 100, '06/15/2022'),
(2383, 1921, 1, 100, '06/15/2022'),
(2384, 1922, 1, 100, '06/15/2022'),
(2385, 1923, 1, 100, '06/15/2022'),
(2386, 1924, 1, 100, '06/15/2022'),
(2387, 1925, 1, 100, '06/15/2022'),
(2388, 1926, 1, 100, '06/15/2022'),
(2389, 1927, 1, 100, '06/15/2022'),
(2390, 1928, 1, 100, '06/15/2022'),
(2391, 1929, 1, 100, '06/15/2022'),
(2392, 1930, 1, 100, '06/15/2022'),
(2393, 1931, 1, 100, '06/15/2022'),
(2394, 1932, 1, 100, '06/15/2022'),
(2395, 1933, 1, 100, '06/15/2022'),
(2396, 1934, 1, 100, '06/15/2022'),
(2397, 1935, 1, 100, '06/15/2022'),
(2398, 1936, 1, 100, '06/15/2022'),
(2399, 1937, 1, 100, '06/15/2022'),
(2400, 1938, 1, 100, '06/15/2022'),
(2401, 1939, 1, 100, '06/15/2022'),
(2402, 1940, 1, 100, '06/15/2022'),
(2403, 1941, 1, 100, '06/15/2022'),
(2404, 1942, 1, 100, '06/15/2022'),
(2405, 1943, 1, 100, '06/15/2022'),
(2406, 1944, 1, 100, '06/15/2022'),
(2407, 1945, 1, 100, '06/15/2022'),
(2408, 1946, 1, 100, '06/15/2022'),
(2409, 1947, 1, 100, '06/15/2022'),
(2410, 1948, 1, 100, '06/15/2022'),
(2411, 1949, 1, 100, '06/15/2022'),
(2412, 1950, 1, 100, '06/15/2022'),
(2413, 1951, 1, 100, '06/15/2022'),
(2414, 1952, 1, 100, '06/15/2022'),
(2415, 1953, 1, 100, '06/15/2022'),
(2416, 1954, 1, 100, '06/15/2022'),
(2417, 1955, 1, 100, '06/15/2022'),
(2418, 1956, 1, 100, '06/15/2022'),
(2419, 1957, 1, 100, '06/15/2022'),
(2420, 1958, 1, 100, '06/15/2022'),
(2421, 1959, 1, 100, '06/15/2022'),
(2422, 1960, 1, 100, '06/15/2022'),
(2423, 1961, 1, 100, '06/15/2022'),
(2424, 1962, 1, 100, '06/15/2022'),
(2425, 1963, 1, 100, '06/15/2022'),
(2426, 1964, 1, 100, '06/15/2022'),
(2427, 1965, 1, 100, '06/15/2022'),
(2428, 1966, 1, 100, '06/15/2022'),
(2429, 1967, 1, 100, '06/15/2022'),
(2430, 1968, 1, 100, '06/15/2022'),
(2431, 1969, 1, 100, '06/15/2022'),
(2432, 1970, 1, 100, '06/15/2022'),
(2433, 1971, 1, 100, '06/15/2022'),
(2434, 1972, 1, 100, '06/15/2022'),
(2435, 1973, 1, 100, '06/15/2022'),
(2436, 1974, 1, 100, '06/15/2022'),
(2437, 1975, 1, 100, '06/15/2022'),
(2438, 1976, 1, 100, '06/15/2022'),
(2439, 1977, 1, 100, '06/15/2022'),
(2440, 1978, 1, 100, '06/15/2022'),
(2441, 1979, 1, 100, '06/15/2022'),
(2442, 1980, 1, 100, '06/15/2022'),
(2443, 1981, 1, 100, '06/15/2022'),
(2444, 1982, 1, 100, '06/15/2022'),
(2445, 1983, 1, 100, '06/15/2022'),
(2446, 1984, 1, 100, '06/15/2022'),
(2447, 1985, 1, 100, '06/15/2022'),
(2448, 1986, 1, 100, '06/15/2022'),
(2449, 1987, 1, 100, '06/15/2022'),
(2450, 1988, 1, 100, '06/15/2022'),
(2451, 1989, 1, 100, '06/15/2022'),
(2452, 1992, 1, 100, '06/15/2022'),
(2453, 1993, 1, 100, '06/15/2022'),
(2454, 1994, 1, 100, '06/15/2022'),
(2455, 1999, 1, 100, '06/15/2022'),
(2456, 2000, 1, 100, '06/15/2022'),
(2457, 2004, 1, 100, '06/15/2022'),
(2458, 2007, 1, 100, '06/15/2022'),
(2459, 2010, 1, 100, '06/15/2022'),
(2460, 2013, 1, 100, '06/15/2022'),
(2461, 2017, 1, 100, '06/15/2022'),
(2462, 2021, 1, 100, '06/15/2022'),
(2463, 2023, 1, 100, '06/15/2022'),
(2464, 2025, 1, 100, '06/15/2022'),
(2465, 2028, 1, 100, '06/15/2022'),
(2466, 2031, 1, 100, '06/15/2022'),
(2467, 2036, 1, 100, '06/15/2022'),
(2468, 2039, 1, 100, '06/15/2022'),
(2469, 2040, 1, 100, '06/15/2022'),
(2470, 2044, 1, 100, '06/15/2022'),
(2471, 2047, 1, 100, '06/15/2022'),
(2472, 2050, 1, 100, '06/15/2022'),
(2473, 2053, 1, 100, '06/15/2022'),
(2474, 2056, 1, 100, '06/15/2022'),
(2475, 2059, 1, 100, '06/15/2022'),
(2476, 2062, 1, 100, '06/15/2022'),
(2477, 2065, 1, 100, '06/15/2022'),
(2478, 2069, 1, 100, '06/15/2022'),
(2479, 2073, 1, 100, '06/15/2022'),
(2480, 2074, 1, 100, '06/15/2022'),
(2481, 1, 4, 100, '06/15/2022'),
(2482, 2, 4, 100, '06/15/2022'),
(2483, 3, 4, 100, '06/15/2022'),
(2484, 4, 4, 100, '06/15/2022'),
(2485, 5, 4, 100, '06/15/2022'),
(2486, 6, 4, 100, '06/15/2022'),
(2487, 7, 4, 100, '06/15/2022'),
(2488, 8, 4, 100, '06/15/2022'),
(2489, 9, 4, 100, '06/15/2022'),
(2490, 10, 4, 100, '06/15/2022'),
(2491, 11, 4, 100, '06/15/2022'),
(2492, 12, 4, 100, '06/15/2022'),
(2493, 13, 4, 100, '06/15/2022'),
(2494, 14, 4, 100, '06/15/2022'),
(2495, 15, 4, 100, '06/15/2022'),
(2496, 16, 4, 100, '06/15/2022'),
(2497, 17, 4, 100, '06/15/2022'),
(2498, 18, 4, 100, '06/15/2022'),
(2499, 19, 4, 100, '06/15/2022'),
(2500, 20, 4, 100, '06/15/2022'),
(2501, 21, 4, 100, '06/15/2022'),
(2502, 22, 4, 100, '06/15/2022'),
(2503, 23, 4, 100, '06/15/2022'),
(2504, 24, 4, 100, '06/15/2022'),
(2505, 25, 4, 100, '06/15/2022'),
(2506, 26, 4, 100, '06/15/2022'),
(2507, 27, 4, 100, '06/15/2022'),
(2508, 28, 4, 100, '06/15/2022'),
(2509, 29, 4, 100, '06/15/2022'),
(2510, 30, 4, 100, '06/15/2022'),
(2511, 31, 4, 100, '06/15/2022'),
(2512, 32, 4, 100, '06/15/2022'),
(2513, 33, 4, 100, '06/15/2022'),
(2514, 34, 4, 100, '06/15/2022'),
(2515, 35, 4, 100, '06/15/2022'),
(2516, 36, 4, 100, '06/15/2022'),
(2517, 37, 4, 100, '06/15/2022'),
(2518, 38, 4, 100, '06/15/2022'),
(2519, 39, 4, 100, '06/15/2022'),
(2520, 40, 4, 100, '06/15/2022'),
(2521, 41, 4, 100, '06/15/2022'),
(2522, 42, 4, 100, '06/15/2022'),
(2523, 43, 4, 100, '06/15/2022'),
(2524, 44, 4, 100, '06/15/2022'),
(2525, 45, 4, 100, '06/15/2022'),
(2526, 46, 4, 100, '06/15/2022'),
(2527, 47, 4, 100, '06/15/2022'),
(2528, 48, 4, 100, '06/15/2022'),
(2529, 49, 4, 100, '06/15/2022'),
(2530, 50, 4, 100, '06/15/2022'),
(2531, 51, 4, 100, '06/15/2022'),
(2532, 52, 4, 100, '06/15/2022'),
(2533, 53, 4, 100, '06/15/2022'),
(2534, 54, 4, 100, '06/15/2022'),
(2535, 55, 4, 100, '06/15/2022'),
(2536, 56, 4, 100, '06/15/2022'),
(2537, 57, 4, 100, '06/15/2022'),
(2538, 58, 4, 100, '06/15/2022'),
(2539, 59, 4, 100, '06/15/2022'),
(2540, 60, 4, 100, '06/15/2022'),
(2541, 61, 4, 100, '06/15/2022'),
(2542, 62, 4, 100, '06/15/2022'),
(2543, 63, 4, 100, '06/15/2022'),
(2544, 64, 4, 100, '06/15/2022'),
(2545, 65, 4, 100, '06/15/2022'),
(2546, 66, 4, 100, '06/15/2022'),
(2547, 67, 4, 100, '06/15/2022'),
(2548, 68, 4, 100, '06/15/2022'),
(2549, 69, 4, 100, '06/15/2022'),
(2550, 70, 4, 100, '06/15/2022'),
(2551, 71, 4, 100, '06/15/2022'),
(2552, 72, 4, 100, '06/15/2022'),
(2553, 73, 4, 100, '06/15/2022'),
(2554, 74, 4, 100, '06/15/2022'),
(2555, 75, 4, 100, '06/15/2022'),
(2556, 76, 4, 100, '06/15/2022'),
(2557, 77, 4, 100, '06/15/2022'),
(2558, 78, 4, 100, '06/15/2022'),
(2559, 79, 4, 100, '06/15/2022'),
(2560, 80, 4, 100, '06/15/2022'),
(2561, 81, 4, 100, '06/15/2022'),
(2562, 82, 4, 100, '06/15/2022'),
(2563, 83, 4, 100, '06/15/2022'),
(2564, 84, 4, 100, '06/15/2022'),
(2565, 85, 4, 100, '06/15/2022'),
(2566, 86, 4, 100, '06/15/2022'),
(2567, 87, 4, 100, '06/15/2022'),
(2568, 88, 4, 100, '06/15/2022'),
(2569, 89, 4, 100, '06/15/2022'),
(2570, 90, 4, 100, '06/15/2022'),
(2571, 91, 4, 100, '06/15/2022'),
(2572, 92, 4, 100, '06/15/2022'),
(2573, 93, 4, 100, '06/15/2022'),
(2574, 94, 4, 100, '06/15/2022'),
(2575, 95, 4, 100, '06/15/2022'),
(2576, 96, 4, 100, '06/15/2022'),
(2577, 97, 4, 100, '06/15/2022'),
(2578, 98, 4, 100, '06/15/2022'),
(2579, 99, 4, 100, '06/15/2022'),
(2580, 100, 4, 100, '06/15/2022'),
(2581, 101, 4, 100, '06/15/2022'),
(2582, 102, 4, 100, '06/15/2022'),
(2583, 103, 4, 100, '06/15/2022'),
(2584, 104, 4, 100, '06/15/2022'),
(2585, 105, 4, 100, '06/15/2022'),
(2586, 106, 4, 100, '06/15/2022'),
(2587, 107, 4, 100, '06/15/2022'),
(2588, 108, 4, 100, '06/15/2022'),
(2589, 109, 4, 100, '06/15/2022'),
(2590, 110, 4, 100, '06/15/2022'),
(2591, 111, 4, 100, '06/15/2022'),
(2592, 112, 4, 100, '06/15/2022'),
(2593, 113, 4, 100, '06/15/2022'),
(2594, 114, 4, 100, '06/15/2022'),
(2595, 115, 4, 100, '06/15/2022'),
(2596, 116, 4, 100, '06/15/2022'),
(2597, 117, 4, 100, '06/15/2022'),
(2598, 118, 4, 100, '06/15/2022'),
(2599, 119, 4, 100, '06/15/2022'),
(2600, 120, 4, 100, '06/15/2022'),
(2601, 121, 4, 100, '06/15/2022'),
(2602, 122, 4, 100, '06/15/2022'),
(2603, 123, 4, 100, '06/15/2022'),
(2604, 124, 4, 100, '06/15/2022'),
(2605, 125, 4, 100, '06/15/2022'),
(2606, 126, 4, 100, '06/15/2022'),
(2607, 127, 4, 100, '06/15/2022'),
(2608, 128, 4, 100, '06/15/2022'),
(2609, 129, 4, 100, '06/15/2022'),
(2610, 130, 4, 100, '06/15/2022'),
(2611, 131, 4, 100, '06/15/2022'),
(2612, 132, 4, 100, '06/15/2022'),
(2613, 133, 4, 100, '06/15/2022'),
(2614, 134, 4, 100, '06/15/2022'),
(2615, 135, 4, 100, '06/15/2022'),
(2616, 136, 4, 100, '06/15/2022'),
(2617, 137, 4, 100, '06/15/2022'),
(2618, 138, 4, 100, '06/15/2022'),
(2619, 139, 4, 100, '06/15/2022'),
(2620, 140, 4, 100, '06/15/2022'),
(2621, 141, 4, 100, '06/15/2022'),
(2622, 142, 4, 100, '06/15/2022'),
(2623, 143, 4, 100, '06/15/2022'),
(2624, 144, 4, 100, '06/15/2022'),
(2625, 145, 4, 100, '06/15/2022'),
(2626, 146, 4, 100, '06/15/2022'),
(2627, 147, 4, 100, '06/15/2022'),
(2628, 148, 4, 100, '06/15/2022'),
(2629, 149, 4, 100, '06/15/2022'),
(2630, 150, 4, 100, '06/15/2022'),
(2631, 151, 4, 100, '06/15/2022'),
(2632, 152, 4, 100, '06/15/2022'),
(2633, 153, 4, 100, '06/15/2022'),
(2634, 154, 4, 100, '06/15/2022'),
(2635, 155, 4, 100, '06/15/2022'),
(2636, 156, 4, 100, '06/15/2022'),
(2637, 157, 4, 100, '06/15/2022'),
(2638, 158, 4, 100, '06/15/2022'),
(2639, 159, 4, 100, '06/15/2022'),
(2640, 160, 4, 100, '06/15/2022'),
(2641, 161, 4, 100, '06/15/2022'),
(2642, 162, 4, 100, '06/15/2022'),
(2643, 163, 4, 100, '06/15/2022'),
(2644, 164, 4, 100, '06/15/2022'),
(2645, 165, 4, 100, '06/15/2022'),
(2646, 166, 4, 100, '06/15/2022'),
(2647, 167, 4, 100, '06/15/2022'),
(2648, 168, 4, 100, '06/15/2022'),
(2649, 169, 4, 100, '06/15/2022'),
(2650, 170, 4, 100, '06/15/2022'),
(2651, 171, 4, 100, '06/15/2022'),
(2652, 172, 4, 100, '06/15/2022'),
(2653, 173, 4, 100, '06/15/2022'),
(2654, 174, 4, 100, '06/15/2022'),
(2655, 175, 4, 100, '06/15/2022'),
(2656, 176, 4, 100, '06/15/2022'),
(2657, 177, 4, 100, '06/15/2022'),
(2658, 178, 4, 100, '06/15/2022'),
(2659, 179, 4, 100, '06/15/2022'),
(2660, 180, 4, 100, '06/15/2022'),
(2661, 181, 4, 100, '06/15/2022'),
(2662, 182, 4, 100, '06/15/2022'),
(2663, 183, 4, 100, '06/15/2022'),
(2664, 184, 4, 100, '06/15/2022'),
(2665, 185, 4, 100, '06/15/2022'),
(2666, 186, 4, 100, '06/15/2022'),
(2667, 187, 4, 100, '06/15/2022'),
(2668, 188, 4, 100, '06/15/2022'),
(2669, 189, 4, 100, '06/15/2022'),
(2670, 190, 4, 100, '06/15/2022'),
(2671, 191, 4, 100, '06/15/2022'),
(2672, 192, 4, 100, '06/15/2022'),
(2673, 193, 4, 100, '06/15/2022'),
(2674, 194, 4, 100, '06/15/2022'),
(2675, 195, 4, 100, '06/15/2022'),
(2676, 196, 4, 100, '06/15/2022'),
(2677, 197, 4, 100, '06/15/2022'),
(2678, 198, 4, 100, '06/15/2022'),
(2679, 199, 4, 100, '06/15/2022'),
(2680, 200, 4, 100, '06/15/2022'),
(2681, 201, 4, 100, '06/15/2022'),
(2682, 202, 4, 100, '06/15/2022'),
(2683, 203, 4, 100, '06/15/2022'),
(2684, 204, 4, 100, '06/15/2022'),
(2685, 205, 4, 100, '06/15/2022'),
(2686, 206, 4, 100, '06/15/2022'),
(2687, 207, 4, 100, '06/15/2022'),
(2688, 208, 4, 100, '06/15/2022'),
(2689, 209, 4, 100, '06/15/2022'),
(2690, 210, 4, 100, '06/15/2022'),
(2691, 211, 4, 100, '06/15/2022'),
(2692, 212, 4, 100, '06/15/2022'),
(2693, 213, 4, 100, '06/15/2022'),
(2694, 214, 4, 100, '06/15/2022'),
(2695, 215, 4, 100, '06/15/2022'),
(2696, 216, 4, 100, '06/15/2022'),
(2697, 217, 4, 100, '06/15/2022'),
(2698, 218, 4, 100, '06/15/2022'),
(2699, 219, 4, 100, '06/15/2022'),
(2700, 220, 4, 100, '06/15/2022'),
(2701, 221, 4, 100, '06/15/2022'),
(2702, 222, 4, 100, '06/15/2022'),
(2703, 223, 4, 100, '06/15/2022'),
(2704, 224, 4, 100, '06/15/2022'),
(2705, 225, 4, 100, '06/15/2022'),
(2706, 226, 4, 100, '06/15/2022'),
(2707, 227, 4, 100, '06/15/2022'),
(2708, 228, 4, 100, '06/15/2022'),
(2709, 229, 4, 100, '06/15/2022'),
(2710, 230, 4, 100, '06/15/2022'),
(2711, 231, 4, 100, '06/15/2022'),
(2712, 232, 4, 100, '06/15/2022'),
(2713, 233, 4, 100, '06/15/2022'),
(2714, 234, 4, 100, '06/15/2022'),
(2715, 235, 4, 100, '06/15/2022'),
(2716, 236, 4, 100, '06/15/2022'),
(2717, 237, 4, 100, '06/15/2022'),
(2718, 238, 4, 100, '06/15/2022'),
(2719, 239, 4, 100, '06/15/2022'),
(2720, 240, 4, 100, '06/15/2022'),
(2721, 241, 4, 100, '06/15/2022'),
(2722, 242, 4, 100, '06/15/2022'),
(2723, 243, 4, 100, '06/15/2022'),
(2724, 244, 4, 100, '06/15/2022'),
(2725, 245, 4, 100, '06/15/2022'),
(2726, 246, 4, 100, '06/15/2022'),
(2727, 247, 4, 100, '06/15/2022'),
(2728, 248, 4, 100, '06/15/2022'),
(2729, 249, 4, 100, '06/15/2022'),
(2730, 250, 4, 100, '06/15/2022'),
(2731, 251, 4, 100, '06/15/2022'),
(2732, 252, 4, 100, '06/15/2022'),
(2733, 253, 4, 100, '06/15/2022'),
(2734, 254, 4, 100, '06/15/2022'),
(2735, 255, 4, 100, '06/15/2022'),
(2736, 256, 4, 100, '06/15/2022'),
(2737, 257, 4, 100, '06/15/2022'),
(2738, 258, 4, 100, '06/15/2022'),
(2739, 259, 4, 100, '06/15/2022'),
(2740, 260, 4, 100, '06/15/2022'),
(2741, 261, 4, 100, '06/15/2022'),
(2742, 262, 4, 100, '06/15/2022'),
(2743, 263, 4, 100, '06/15/2022'),
(2744, 264, 4, 100, '06/15/2022'),
(2745, 265, 4, 100, '06/15/2022'),
(2746, 266, 4, 100, '06/15/2022'),
(2747, 267, 4, 100, '06/15/2022'),
(2748, 268, 4, 100, '06/15/2022'),
(2749, 269, 4, 100, '06/15/2022'),
(2750, 270, 4, 100, '06/15/2022'),
(2751, 271, 4, 100, '06/15/2022'),
(2752, 272, 4, 100, '06/15/2022'),
(2753, 273, 4, 100, '06/15/2022'),
(2754, 274, 4, 100, '06/15/2022'),
(2755, 275, 4, 100, '06/15/2022'),
(2756, 276, 4, 100, '06/15/2022'),
(2757, 277, 4, 100, '06/15/2022'),
(2758, 278, 4, 100, '06/15/2022'),
(2759, 279, 4, 100, '06/15/2022'),
(2760, 280, 4, 100, '06/15/2022'),
(2761, 281, 4, 100, '06/15/2022'),
(2762, 282, 4, 100, '06/15/2022'),
(2763, 283, 4, 100, '06/15/2022'),
(2764, 284, 4, 100, '06/15/2022'),
(2765, 285, 4, 100, '06/15/2022'),
(2766, 286, 4, 100, '06/15/2022'),
(2767, 287, 4, 100, '06/15/2022'),
(2768, 288, 4, 100, '06/15/2022'),
(2769, 289, 4, 100, '06/15/2022'),
(2770, 290, 4, 100, '06/15/2022'),
(2771, 291, 4, 100, '06/15/2022'),
(2772, 292, 4, 100, '06/15/2022'),
(2773, 293, 4, 100, '06/15/2022'),
(2774, 294, 4, 100, '06/15/2022'),
(2775, 295, 4, 100, '06/15/2022'),
(2776, 296, 4, 100, '06/15/2022'),
(2777, 297, 4, 100, '06/15/2022'),
(2778, 298, 4, 100, '06/15/2022'),
(2779, 299, 4, 100, '06/15/2022'),
(2780, 300, 4, 100, '06/15/2022'),
(2781, 301, 4, 100, '06/15/2022'),
(2782, 302, 4, 100, '06/15/2022'),
(2783, 303, 4, 100, '06/15/2022'),
(2784, 304, 4, 100, '06/15/2022'),
(2785, 305, 4, 100, '06/15/2022'),
(2786, 306, 4, 100, '06/15/2022'),
(2787, 307, 4, 100, '06/15/2022'),
(2788, 308, 4, 100, '06/15/2022'),
(2789, 309, 4, 100, '06/15/2022'),
(2790, 310, 4, 100, '06/15/2022'),
(2791, 311, 4, 100, '06/15/2022'),
(2792, 312, 4, 100, '06/15/2022'),
(2793, 313, 4, 100, '06/15/2022'),
(2794, 314, 4, 100, '06/15/2022'),
(2795, 315, 4, 100, '06/15/2022'),
(2796, 316, 4, 100, '06/15/2022'),
(2797, 317, 4, 100, '06/15/2022'),
(2798, 318, 4, 100, '06/15/2022'),
(2799, 319, 4, 100, '06/15/2022'),
(2800, 320, 4, 100, '06/15/2022'),
(2801, 321, 4, 100, '06/15/2022'),
(2802, 322, 4, 100, '06/15/2022'),
(2803, 323, 4, 100, '06/15/2022'),
(2804, 324, 4, 100, '06/15/2022'),
(2805, 325, 4, 100, '06/15/2022'),
(2806, 326, 4, 100, '06/15/2022'),
(2807, 327, 4, 100, '06/15/2022'),
(2808, 328, 4, 100, '06/15/2022'),
(2809, 329, 4, 100, '06/15/2022'),
(2810, 330, 4, 100, '06/15/2022'),
(2811, 331, 4, 100, '06/15/2022'),
(2812, 332, 4, 100, '06/15/2022'),
(2813, 333, 4, 100, '06/15/2022'),
(2814, 334, 4, 100, '06/15/2022'),
(2815, 335, 4, 100, '06/15/2022'),
(2816, 336, 4, 100, '06/15/2022'),
(2817, 337, 4, 100, '06/15/2022'),
(2818, 338, 4, 100, '06/15/2022'),
(2819, 339, 4, 100, '06/15/2022'),
(2820, 340, 4, 100, '06/15/2022'),
(2821, 341, 4, 100, '06/15/2022'),
(2822, 342, 4, 100, '06/15/2022'),
(2823, 343, 4, 100, '06/15/2022'),
(2824, 344, 4, 100, '06/15/2022'),
(2825, 345, 4, 100, '06/15/2022'),
(2826, 346, 4, 100, '06/15/2022'),
(2827, 347, 4, 100, '06/15/2022'),
(2828, 348, 4, 100, '06/15/2022'),
(2829, 349, 4, 100, '06/15/2022'),
(2830, 350, 4, 100, '06/15/2022'),
(2831, 351, 4, 100, '06/15/2022'),
(2832, 352, 4, 100, '06/15/2022'),
(2833, 353, 4, 100, '06/15/2022'),
(2834, 354, 4, 100, '06/15/2022'),
(2835, 355, 4, 100, '06/15/2022'),
(2836, 356, 4, 100, '06/15/2022'),
(2837, 357, 4, 100, '06/15/2022'),
(2838, 358, 4, 100, '06/15/2022'),
(2839, 359, 4, 100, '06/15/2022'),
(2840, 360, 4, 100, '06/15/2022'),
(2841, 361, 4, 100, '06/15/2022'),
(2842, 362, 4, 100, '06/15/2022'),
(2843, 363, 4, 100, '06/15/2022'),
(2844, 364, 4, 100, '06/15/2022'),
(2845, 365, 4, 100, '06/15/2022'),
(2846, 366, 4, 100, '06/15/2022'),
(2847, 367, 4, 100, '06/15/2022'),
(2848, 368, 4, 100, '06/15/2022'),
(2849, 369, 4, 100, '06/15/2022'),
(2850, 370, 4, 100, '06/15/2022'),
(2851, 371, 4, 100, '06/15/2022'),
(2852, 372, 4, 100, '06/15/2022'),
(2853, 373, 4, 100, '06/15/2022'),
(2854, 374, 4, 100, '06/15/2022'),
(2855, 375, 4, 100, '06/15/2022'),
(2856, 376, 4, 100, '06/15/2022'),
(2857, 377, 4, 100, '06/15/2022'),
(2858, 378, 4, 100, '06/15/2022'),
(2859, 379, 4, 100, '06/15/2022'),
(2860, 380, 4, 100, '06/15/2022'),
(2861, 381, 4, 100, '06/15/2022'),
(2862, 382, 4, 100, '06/15/2022'),
(2863, 383, 4, 100, '06/15/2022'),
(2864, 384, 4, 100, '06/15/2022'),
(2865, 385, 4, 100, '06/15/2022'),
(2866, 386, 4, 100, '06/15/2022'),
(2867, 387, 4, 100, '06/15/2022'),
(2868, 388, 4, 100, '06/15/2022'),
(2869, 389, 4, 100, '06/15/2022'),
(2870, 390, 4, 100, '06/15/2022'),
(2871, 391, 4, 100, '06/15/2022'),
(2872, 392, 4, 100, '06/15/2022'),
(2873, 393, 4, 100, '06/15/2022'),
(2874, 394, 4, 100, '06/15/2022'),
(2875, 395, 4, 100, '06/15/2022'),
(2876, 396, 4, 100, '06/15/2022'),
(2877, 397, 4, 100, '06/15/2022'),
(2878, 398, 4, 100, '06/15/2022'),
(2879, 506, 4, 100, '06/15/2022'),
(2880, 507, 4, 100, '06/15/2022'),
(2881, 508, 4, 100, '06/15/2022'),
(2882, 521, 4, 100, '06/15/2022'),
(2883, 522, 4, 100, '06/15/2022'),
(2884, 523, 4, 100, '06/15/2022'),
(2885, 524, 4, 100, '06/15/2022'),
(2886, 525, 4, 100, '06/15/2022'),
(2887, 526, 4, 100, '06/15/2022'),
(2888, 527, 4, 100, '06/15/2022'),
(2889, 528, 4, 100, '06/15/2022'),
(2890, 529, 4, 100, '06/15/2022'),
(2891, 530, 4, 100, '06/15/2022'),
(2892, 531, 4, 100, '06/15/2022'),
(2893, 532, 4, 100, '06/15/2022'),
(2894, 533, 4, 100, '06/15/2022'),
(2895, 534, 4, 100, '06/15/2022'),
(2896, 535, 4, 100, '06/15/2022'),
(2897, 536, 4, 100, '06/15/2022'),
(2898, 537, 4, 100, '06/15/2022'),
(2899, 538, 4, 100, '06/15/2022'),
(2900, 539, 4, 100, '06/15/2022'),
(2901, 540, 4, 100, '06/15/2022'),
(2902, 541, 4, 100, '06/15/2022'),
(2903, 542, 4, 100, '06/15/2022'),
(2904, 543, 4, 100, '06/15/2022'),
(2905, 544, 4, 100, '06/15/2022'),
(2906, 545, 4, 100, '06/15/2022'),
(2907, 546, 4, 100, '06/15/2022'),
(2908, 547, 4, 100, '06/15/2022'),
(2909, 548, 4, 100, '06/15/2022'),
(2910, 549, 4, 100, '06/15/2022'),
(2911, 550, 4, 100, '06/15/2022'),
(2912, 551, 4, 100, '06/15/2022'),
(2913, 552, 4, 100, '06/15/2022'),
(2914, 553, 4, 100, '06/15/2022'),
(2915, 554, 4, 100, '06/15/2022'),
(2916, 555, 4, 100, '06/15/2022'),
(2917, 556, 4, 100, '06/15/2022'),
(2918, 557, 4, 100, '06/15/2022'),
(2919, 558, 4, 100, '06/15/2022'),
(2920, 559, 4, 100, '06/15/2022'),
(2921, 560, 4, 100, '06/15/2022'),
(2922, 561, 4, 100, '06/15/2022'),
(2923, 562, 4, 100, '06/15/2022'),
(2924, 563, 4, 100, '06/15/2022'),
(2925, 564, 4, 100, '06/15/2022'),
(2926, 565, 4, 100, '06/15/2022'),
(2927, 566, 4, 100, '06/15/2022'),
(2928, 567, 4, 100, '06/15/2022'),
(2929, 568, 4, 100, '06/15/2022'),
(2930, 569, 4, 100, '06/15/2022'),
(2931, 570, 4, 100, '06/15/2022'),
(2932, 572, 4, 100, '06/15/2022'),
(2933, 573, 4, 100, '06/15/2022'),
(2934, 574, 4, 100, '06/15/2022'),
(2935, 575, 4, 100, '06/15/2022'),
(2936, 576, 4, 100, '06/15/2022'),
(2937, 577, 4, 100, '06/15/2022'),
(2938, 578, 4, 100, '06/15/2022'),
(2939, 579, 4, 100, '06/15/2022'),
(2940, 580, 4, 100, '06/15/2022'),
(2941, 581, 4, 100, '06/15/2022'),
(2942, 582, 4, 100, '06/15/2022'),
(2943, 583, 4, 100, '06/15/2022'),
(2944, 584, 4, 100, '06/15/2022'),
(2945, 585, 4, 100, '06/15/2022'),
(2946, 586, 4, 100, '06/15/2022'),
(2947, 587, 4, 100, '06/15/2022'),
(2948, 588, 4, 100, '06/15/2022'),
(2949, 589, 4, 100, '06/15/2022'),
(2950, 590, 4, 100, '06/15/2022'),
(2951, 591, 4, 100, '06/15/2022'),
(2952, 592, 4, 100, '06/15/2022'),
(2953, 593, 4, 100, '06/15/2022'),
(2954, 594, 4, 100, '06/15/2022'),
(2955, 595, 4, 100, '06/15/2022'),
(2956, 596, 4, 100, '06/15/2022'),
(2957, 597, 4, 100, '06/15/2022'),
(2958, 598, 4, 100, '06/15/2022'),
(2959, 599, 4, 100, '06/15/2022'),
(2960, 600, 4, 100, '06/15/2022'),
(2961, 601, 4, 100, '06/15/2022'),
(2962, 602, 4, 100, '06/15/2022'),
(2963, 603, 4, 100, '06/15/2022'),
(2964, 604, 4, 100, '06/15/2022'),
(2965, 605, 4, 100, '06/15/2022'),
(2966, 606, 4, 100, '06/15/2022'),
(2967, 607, 4, 100, '06/15/2022'),
(2968, 608, 4, 100, '06/15/2022'),
(2969, 609, 4, 100, '06/15/2022'),
(2970, 610, 4, 100, '06/15/2022'),
(2971, 611, 4, 100, '06/15/2022'),
(2972, 612, 4, 100, '06/15/2022'),
(2973, 613, 4, 100, '06/15/2022'),
(2974, 614, 4, 100, '06/15/2022'),
(2975, 615, 4, 100, '06/15/2022'),
(2976, 616, 4, 100, '06/15/2022'),
(2977, 617, 4, 100, '06/15/2022'),
(2978, 618, 4, 100, '06/15/2022'),
(2979, 619, 4, 100, '06/15/2022'),
(2980, 620, 4, 100, '06/15/2022'),
(2981, 621, 4, 100, '06/15/2022'),
(2982, 622, 4, 100, '06/15/2022'),
(2983, 623, 4, 100, '06/15/2022'),
(2984, 624, 4, 100, '06/15/2022'),
(2985, 625, 4, 100, '06/15/2022'),
(2986, 626, 4, 100, '06/15/2022'),
(2987, 627, 4, 100, '06/15/2022'),
(2988, 628, 4, 100, '06/15/2022'),
(2989, 629, 4, 100, '06/15/2022'),
(2990, 630, 4, 100, '06/15/2022'),
(2991, 631, 4, 100, '06/15/2022'),
(2992, 632, 4, 100, '06/15/2022'),
(2993, 633, 4, 100, '06/15/2022'),
(2994, 634, 4, 100, '06/15/2022'),
(2995, 635, 4, 100, '06/15/2022'),
(2996, 636, 4, 100, '06/15/2022'),
(2997, 637, 4, 100, '06/15/2022'),
(2998, 638, 4, 100, '06/15/2022'),
(2999, 639, 4, 100, '06/15/2022'),
(3000, 640, 4, 100, '06/15/2022'),
(3001, 641, 4, 100, '06/15/2022'),
(3002, 642, 4, 100, '06/15/2022'),
(3003, 643, 4, 100, '06/15/2022'),
(3004, 644, 4, 100, '06/15/2022'),
(3005, 645, 4, 100, '06/15/2022'),
(3006, 646, 4, 100, '06/15/2022'),
(3007, 647, 4, 100, '06/15/2022'),
(3008, 648, 4, 100, '06/15/2022'),
(3009, 649, 4, 100, '06/15/2022'),
(3010, 650, 4, 100, '06/15/2022'),
(3011, 651, 4, 100, '06/15/2022'),
(3012, 652, 4, 100, '06/15/2022'),
(3013, 653, 4, 100, '06/15/2022'),
(3014, 654, 4, 100, '06/15/2022'),
(3015, 655, 4, 100, '06/15/2022'),
(3016, 656, 4, 100, '06/15/2022'),
(3017, 657, 4, 100, '06/15/2022'),
(3018, 658, 4, 100, '06/15/2022'),
(3019, 659, 4, 100, '06/15/2022'),
(3020, 660, 4, 100, '06/15/2022'),
(3021, 661, 4, 100, '06/15/2022'),
(3022, 662, 4, 100, '06/15/2022'),
(3023, 663, 4, 100, '06/15/2022'),
(3024, 664, 4, 100, '06/15/2022'),
(3025, 665, 4, 100, '06/15/2022'),
(3026, 666, 4, 100, '06/15/2022'),
(3027, 667, 4, 100, '06/15/2022'),
(3028, 668, 4, 100, '06/15/2022'),
(3029, 669, 4, 100, '06/15/2022'),
(3030, 670, 4, 100, '06/15/2022'),
(3031, 671, 4, 100, '06/15/2022'),
(3032, 672, 4, 100, '06/15/2022'),
(3033, 673, 4, 100, '06/15/2022'),
(3034, 674, 4, 100, '06/15/2022'),
(3035, 675, 4, 100, '06/15/2022'),
(3036, 676, 4, 100, '06/15/2022'),
(3037, 677, 4, 100, '06/15/2022'),
(3038, 678, 4, 100, '06/15/2022'),
(3039, 679, 4, 100, '06/15/2022'),
(3040, 680, 4, 100, '06/15/2022'),
(3041, 681, 4, 100, '06/15/2022'),
(3042, 682, 4, 100, '06/15/2022'),
(3043, 683, 4, 100, '06/15/2022');
INSERT INTO `branch_inventory_tb` (`branch_inventory_id`, `warehouse_inventory_id`, `branch_id`, `quantity`, `date`) VALUES
(3044, 684, 4, 100, '06/15/2022'),
(3045, 685, 4, 100, '06/15/2022'),
(3046, 686, 4, 100, '06/15/2022'),
(3047, 687, 4, 100, '06/15/2022'),
(3048, 688, 4, 100, '06/15/2022'),
(3049, 689, 4, 100, '06/15/2022'),
(3050, 690, 4, 100, '06/15/2022'),
(3051, 691, 4, 100, '06/15/2022'),
(3052, 692, 4, 100, '06/15/2022'),
(3053, 693, 4, 100, '06/15/2022'),
(3054, 694, 4, 100, '06/15/2022'),
(3055, 695, 4, 100, '06/15/2022'),
(3056, 696, 4, 100, '06/15/2022'),
(3057, 697, 4, 100, '06/15/2022'),
(3058, 698, 4, 100, '06/15/2022'),
(3059, 699, 4, 100, '06/15/2022'),
(3060, 700, 4, 100, '06/15/2022'),
(3061, 701, 4, 100, '06/15/2022'),
(3062, 702, 4, 100, '06/15/2022'),
(3063, 703, 4, 100, '06/15/2022'),
(3064, 704, 4, 100, '06/15/2022'),
(3065, 705, 4, 100, '06/15/2022'),
(3066, 706, 4, 100, '06/15/2022'),
(3067, 707, 4, 100, '06/15/2022'),
(3068, 708, 4, 100, '06/15/2022'),
(3069, 709, 4, 100, '06/15/2022'),
(3070, 710, 4, 100, '06/15/2022'),
(3071, 711, 4, 100, '06/15/2022'),
(3072, 712, 4, 100, '06/15/2022'),
(3073, 713, 4, 100, '06/15/2022'),
(3074, 714, 4, 100, '06/15/2022'),
(3075, 715, 4, 100, '06/15/2022'),
(3076, 716, 4, 100, '06/15/2022'),
(3077, 717, 4, 100, '06/15/2022'),
(3078, 718, 4, 100, '06/15/2022'),
(3079, 719, 4, 100, '06/15/2022'),
(3080, 720, 4, 100, '06/15/2022'),
(3081, 721, 4, 100, '06/15/2022'),
(3082, 722, 4, 100, '06/15/2022'),
(3083, 723, 4, 100, '06/15/2022'),
(3084, 724, 4, 100, '06/15/2022'),
(3085, 725, 4, 100, '06/15/2022'),
(3086, 726, 4, 100, '06/15/2022'),
(3087, 727, 4, 100, '06/15/2022'),
(3088, 728, 4, 100, '06/15/2022'),
(3089, 729, 4, 100, '06/15/2022'),
(3090, 730, 4, 100, '06/15/2022'),
(3091, 731, 4, 100, '06/15/2022'),
(3092, 732, 4, 100, '06/15/2022'),
(3093, 733, 4, 100, '06/15/2022'),
(3094, 734, 4, 100, '06/15/2022'),
(3095, 735, 4, 100, '06/15/2022'),
(3096, 736, 4, 100, '06/15/2022'),
(3097, 737, 4, 100, '06/15/2022'),
(3098, 738, 4, 100, '06/15/2022'),
(3099, 739, 4, 100, '06/15/2022'),
(3100, 740, 4, 100, '06/15/2022'),
(3101, 742, 4, 100, '06/15/2022'),
(3102, 743, 4, 100, '06/15/2022'),
(3103, 744, 4, 100, '06/15/2022'),
(3104, 745, 4, 100, '06/15/2022'),
(3105, 746, 4, 100, '06/15/2022'),
(3106, 747, 4, 100, '06/15/2022'),
(3107, 748, 4, 100, '06/15/2022'),
(3108, 749, 4, 100, '06/15/2022'),
(3109, 750, 4, 100, '06/15/2022'),
(3110, 751, 4, 100, '06/15/2022'),
(3111, 752, 4, 100, '06/15/2022'),
(3112, 753, 4, 100, '06/15/2022'),
(3113, 754, 4, 100, '06/15/2022'),
(3114, 755, 4, 100, '06/15/2022'),
(3115, 756, 4, 100, '06/15/2022'),
(3116, 757, 4, 100, '06/15/2022'),
(3117, 758, 4, 100, '06/15/2022'),
(3118, 759, 4, 100, '06/15/2022'),
(3119, 760, 4, 100, '06/15/2022'),
(3120, 761, 4, 100, '06/15/2022'),
(3121, 762, 4, 100, '06/15/2022'),
(3122, 763, 4, 100, '06/15/2022'),
(3123, 764, 4, 100, '06/15/2022'),
(3124, 765, 4, 100, '06/15/2022'),
(3125, 766, 4, 100, '06/15/2022'),
(3126, 767, 4, 100, '06/15/2022'),
(3127, 768, 4, 100, '06/15/2022'),
(3128, 769, 4, 100, '06/15/2022'),
(3129, 770, 4, 100, '06/15/2022'),
(3130, 771, 4, 100, '06/15/2022'),
(3131, 772, 4, 100, '06/15/2022'),
(3132, 773, 4, 100, '06/15/2022'),
(3133, 774, 4, 100, '06/15/2022'),
(3134, 775, 4, 100, '06/15/2022'),
(3135, 776, 4, 100, '06/15/2022'),
(3136, 777, 4, 100, '06/15/2022'),
(3137, 778, 4, 100, '06/15/2022'),
(3138, 779, 4, 100, '06/15/2022'),
(3139, 780, 4, 100, '06/15/2022'),
(3140, 781, 4, 100, '06/15/2022'),
(3141, 782, 4, 100, '06/15/2022'),
(3142, 783, 4, 100, '06/15/2022'),
(3143, 784, 4, 100, '06/15/2022'),
(3144, 785, 4, 100, '06/15/2022'),
(3145, 786, 4, 100, '06/15/2022'),
(3146, 787, 4, 100, '06/15/2022'),
(3147, 788, 4, 100, '06/15/2022'),
(3148, 789, 4, 100, '06/15/2022'),
(3149, 790, 4, 100, '06/15/2022'),
(3150, 791, 4, 100, '06/15/2022'),
(3151, 792, 4, 100, '06/15/2022'),
(3152, 793, 4, 100, '06/15/2022'),
(3153, 794, 4, 100, '06/15/2022'),
(3154, 795, 4, 100, '06/15/2022'),
(3155, 796, 4, 100, '06/15/2022'),
(3156, 797, 4, 100, '06/15/2022'),
(3157, 798, 4, 100, '06/15/2022'),
(3158, 799, 4, 100, '06/15/2022'),
(3159, 800, 4, 100, '06/15/2022'),
(3160, 801, 4, 100, '06/15/2022'),
(3161, 802, 4, 100, '06/15/2022'),
(3162, 803, 4, 100, '06/15/2022'),
(3163, 804, 4, 100, '06/15/2022'),
(3164, 805, 4, 100, '06/15/2022'),
(3165, 806, 4, 100, '06/15/2022'),
(3166, 807, 4, 100, '06/15/2022'),
(3167, 808, 4, 100, '06/15/2022'),
(3168, 809, 4, 100, '06/15/2022'),
(3169, 810, 4, 100, '06/15/2022'),
(3170, 811, 4, 100, '06/15/2022'),
(3171, 812, 4, 100, '06/15/2022'),
(3172, 813, 4, 100, '06/15/2022'),
(3173, 814, 4, 100, '06/15/2022'),
(3174, 815, 4, 100, '06/15/2022'),
(3175, 816, 4, 100, '06/15/2022'),
(3176, 817, 4, 100, '06/15/2022'),
(3177, 818, 4, 100, '06/15/2022'),
(3178, 819, 4, 100, '06/15/2022'),
(3179, 820, 4, 100, '06/15/2022'),
(3180, 821, 4, 100, '06/15/2022'),
(3181, 822, 4, 100, '06/15/2022'),
(3182, 823, 4, 100, '06/15/2022'),
(3183, 824, 4, 100, '06/15/2022'),
(3184, 825, 4, 100, '06/15/2022'),
(3185, 826, 4, 100, '06/15/2022'),
(3186, 827, 4, 100, '06/15/2022'),
(3187, 828, 4, 100, '06/15/2022'),
(3188, 829, 4, 100, '06/15/2022'),
(3189, 830, 4, 100, '06/15/2022'),
(3190, 831, 4, 100, '06/15/2022'),
(3191, 832, 4, 100, '06/15/2022'),
(3192, 833, 4, 100, '06/15/2022'),
(3193, 834, 4, 100, '06/15/2022'),
(3194, 835, 4, 100, '06/15/2022'),
(3195, 836, 4, 100, '06/15/2022'),
(3196, 837, 4, 100, '06/15/2022'),
(3197, 838, 4, 100, '06/15/2022'),
(3198, 839, 4, 100, '06/15/2022'),
(3199, 840, 4, 100, '06/15/2022'),
(3200, 841, 4, 100, '06/15/2022'),
(3201, 842, 4, 100, '06/15/2022'),
(3202, 843, 4, 100, '06/15/2022'),
(3203, 844, 4, 100, '06/15/2022'),
(3204, 845, 4, 100, '06/15/2022'),
(3205, 846, 4, 100, '06/15/2022'),
(3206, 847, 4, 100, '06/15/2022'),
(3207, 848, 4, 100, '06/15/2022'),
(3208, 849, 4, 100, '06/15/2022'),
(3209, 850, 4, 100, '06/15/2022'),
(3210, 851, 4, 100, '06/15/2022'),
(3211, 852, 4, 100, '06/15/2022'),
(3212, 853, 4, 100, '06/15/2022'),
(3213, 854, 4, 100, '06/15/2022'),
(3214, 855, 4, 100, '06/15/2022'),
(3215, 856, 4, 100, '06/15/2022'),
(3216, 857, 4, 100, '06/15/2022'),
(3217, 858, 4, 100, '06/15/2022'),
(3218, 859, 4, 100, '06/15/2022'),
(3219, 860, 4, 100, '06/15/2022'),
(3220, 861, 4, 100, '06/15/2022'),
(3221, 862, 4, 100, '06/15/2022'),
(3222, 863, 4, 100, '06/15/2022'),
(3223, 864, 4, 100, '06/15/2022'),
(3224, 865, 4, 100, '06/15/2022'),
(3225, 866, 4, 100, '06/15/2022'),
(3226, 867, 4, 100, '06/15/2022'),
(3227, 868, 4, 100, '06/15/2022'),
(3228, 869, 4, 100, '06/15/2022'),
(3229, 870, 4, 100, '06/15/2022'),
(3230, 871, 4, 100, '06/15/2022'),
(3231, 872, 4, 100, '06/15/2022'),
(3232, 873, 4, 100, '06/15/2022'),
(3233, 874, 4, 100, '06/15/2022'),
(3234, 875, 4, 100, '06/15/2022'),
(3235, 876, 4, 100, '06/15/2022'),
(3236, 877, 4, 100, '06/15/2022'),
(3237, 878, 4, 100, '06/15/2022'),
(3238, 879, 4, 100, '06/15/2022'),
(3239, 880, 4, 100, '06/15/2022'),
(3240, 881, 4, 100, '06/15/2022'),
(3241, 882, 4, 100, '06/15/2022'),
(3242, 883, 4, 100, '06/15/2022'),
(3243, 884, 4, 100, '06/15/2022'),
(3244, 885, 4, 100, '06/15/2022'),
(3245, 886, 4, 100, '06/15/2022'),
(3246, 887, 4, 100, '06/15/2022'),
(3247, 888, 4, 100, '06/15/2022'),
(3248, 889, 4, 100, '06/15/2022'),
(3249, 890, 4, 100, '06/15/2022'),
(3250, 891, 4, 100, '06/15/2022'),
(3251, 892, 4, 100, '06/15/2022'),
(3252, 893, 4, 100, '06/15/2022'),
(3253, 894, 4, 100, '06/15/2022'),
(3254, 895, 4, 100, '06/15/2022'),
(3255, 896, 4, 100, '06/15/2022'),
(3256, 897, 4, 100, '06/15/2022'),
(3257, 898, 4, 100, '06/15/2022'),
(3258, 899, 4, 100, '06/15/2022'),
(3259, 900, 4, 100, '06/15/2022'),
(3260, 901, 4, 100, '06/15/2022'),
(3261, 902, 4, 100, '06/15/2022'),
(3262, 903, 4, 100, '06/15/2022'),
(3263, 904, 4, 100, '06/15/2022'),
(3264, 905, 4, 100, '06/15/2022'),
(3265, 906, 4, 100, '06/15/2022'),
(3266, 907, 4, 100, '06/15/2022'),
(3267, 908, 4, 100, '06/15/2022'),
(3268, 909, 4, 100, '06/15/2022'),
(3269, 910, 4, 100, '06/15/2022'),
(3270, 911, 4, 100, '06/15/2022'),
(3271, 912, 4, 100, '06/15/2022'),
(3272, 913, 4, 100, '06/15/2022'),
(3273, 914, 4, 100, '06/15/2022'),
(3274, 915, 4, 100, '06/15/2022'),
(3275, 916, 4, 100, '06/15/2022'),
(3276, 917, 4, 100, '06/15/2022'),
(3277, 918, 4, 100, '06/15/2022'),
(3278, 919, 4, 100, '06/15/2022'),
(3279, 920, 4, 100, '06/15/2022'),
(3280, 921, 4, 100, '06/15/2022'),
(3281, 922, 4, 100, '06/15/2022'),
(3282, 923, 4, 100, '06/15/2022'),
(3283, 924, 4, 100, '06/15/2022'),
(3284, 925, 4, 100, '06/15/2022'),
(3285, 926, 4, 100, '06/15/2022'),
(3286, 927, 4, 100, '06/15/2022'),
(3287, 928, 4, 100, '06/15/2022'),
(3288, 929, 4, 100, '06/15/2022'),
(3289, 930, 4, 100, '06/15/2022'),
(3290, 931, 4, 100, '06/15/2022'),
(3291, 932, 4, 100, '06/15/2022'),
(3292, 933, 4, 100, '06/15/2022'),
(3293, 934, 4, 100, '06/15/2022'),
(3294, 935, 4, 100, '06/15/2022'),
(3295, 936, 4, 100, '06/15/2022'),
(3296, 937, 4, 100, '06/15/2022'),
(3297, 938, 4, 100, '06/15/2022'),
(3298, 939, 4, 100, '06/15/2022'),
(3299, 940, 4, 100, '06/15/2022'),
(3300, 941, 4, 100, '06/15/2022'),
(3301, 942, 4, 100, '06/15/2022'),
(3302, 943, 4, 100, '06/15/2022'),
(3303, 944, 4, 100, '06/15/2022'),
(3304, 945, 4, 100, '06/15/2022'),
(3305, 946, 4, 100, '06/15/2022'),
(3306, 947, 4, 100, '06/15/2022'),
(3307, 948, 4, 100, '06/15/2022'),
(3308, 949, 4, 100, '06/15/2022'),
(3309, 950, 4, 100, '06/15/2022'),
(3310, 951, 4, 100, '06/15/2022'),
(3311, 952, 4, 100, '06/15/2022'),
(3312, 953, 4, 100, '06/15/2022'),
(3313, 954, 4, 100, '06/15/2022'),
(3314, 955, 4, 100, '06/15/2022'),
(3315, 956, 4, 100, '06/15/2022'),
(3316, 957, 4, 100, '06/15/2022'),
(3317, 958, 4, 100, '06/15/2022'),
(3318, 959, 4, 100, '06/15/2022'),
(3319, 960, 4, 100, '06/15/2022'),
(3320, 961, 4, 100, '06/15/2022'),
(3321, 962, 4, 100, '06/15/2022'),
(3322, 963, 4, 100, '06/15/2022'),
(3323, 964, 4, 100, '06/15/2022'),
(3324, 965, 4, 100, '06/15/2022'),
(3325, 966, 4, 100, '06/15/2022'),
(3326, 967, 4, 100, '06/15/2022'),
(3327, 968, 4, 100, '06/15/2022'),
(3328, 969, 4, 100, '06/15/2022'),
(3329, 970, 4, 100, '06/15/2022'),
(3330, 971, 4, 100, '06/15/2022'),
(3331, 972, 4, 100, '06/15/2022'),
(3332, 973, 4, 100, '06/15/2022'),
(3333, 974, 4, 100, '06/15/2022'),
(3334, 975, 4, 100, '06/15/2022'),
(3335, 976, 4, 100, '06/15/2022'),
(3336, 977, 4, 100, '06/15/2022'),
(3337, 978, 4, 100, '06/15/2022'),
(3338, 979, 4, 100, '06/15/2022'),
(3339, 980, 4, 100, '06/15/2022'),
(3340, 981, 4, 100, '06/15/2022'),
(3341, 982, 4, 100, '06/15/2022'),
(3342, 983, 4, 100, '06/15/2022'),
(3343, 984, 4, 100, '06/15/2022'),
(3344, 985, 4, 100, '06/15/2022'),
(3345, 986, 4, 100, '06/15/2022'),
(3346, 987, 4, 100, '06/15/2022'),
(3347, 988, 4, 100, '06/15/2022'),
(3348, 989, 4, 100, '06/15/2022'),
(3349, 990, 4, 100, '06/15/2022'),
(3350, 991, 4, 100, '06/15/2022'),
(3351, 992, 4, 100, '06/15/2022'),
(3352, 993, 4, 100, '06/15/2022'),
(3353, 994, 4, 100, '06/15/2022'),
(3354, 995, 4, 100, '06/15/2022'),
(3355, 996, 4, 100, '06/15/2022'),
(3356, 997, 4, 100, '06/15/2022'),
(3357, 998, 4, 100, '06/15/2022'),
(3358, 999, 4, 100, '06/15/2022'),
(3359, 1000, 4, 100, '06/15/2022'),
(3360, 1001, 4, 100, '06/15/2022'),
(3361, 1002, 4, 100, '06/15/2022'),
(3362, 1003, 4, 100, '06/15/2022'),
(3363, 1004, 4, 100, '06/15/2022'),
(3364, 1005, 4, 100, '06/15/2022'),
(3365, 1006, 4, 100, '06/15/2022'),
(3366, 1007, 4, 100, '06/15/2022'),
(3367, 1008, 4, 100, '06/15/2022'),
(3368, 1009, 4, 100, '06/15/2022'),
(3369, 1010, 4, 100, '06/15/2022'),
(3370, 1011, 4, 100, '06/15/2022'),
(3371, 1012, 4, 100, '06/15/2022'),
(3372, 1013, 4, 100, '06/15/2022'),
(3373, 1014, 4, 100, '06/15/2022'),
(3374, 1015, 4, 100, '06/15/2022'),
(3375, 1016, 4, 100, '06/15/2022'),
(3376, 1018, 4, 100, '06/15/2022'),
(3377, 1020, 4, 100, '06/15/2022'),
(3378, 1021, 4, 100, '06/15/2022'),
(3379, 1022, 4, 100, '06/15/2022'),
(3380, 1023, 4, 100, '06/15/2022'),
(3381, 1024, 4, 100, '06/15/2022'),
(3382, 1025, 4, 100, '06/15/2022'),
(3383, 1607, 4, 100, '06/15/2022'),
(3384, 1608, 4, 100, '06/15/2022'),
(3385, 1609, 4, 100, '06/15/2022'),
(3386, 1610, 4, 100, '06/15/2022'),
(3387, 1611, 4, 100, '06/15/2022'),
(3388, 1612, 4, 100, '06/15/2022'),
(3389, 1613, 4, 100, '06/15/2022'),
(3390, 1614, 4, 100, '06/15/2022'),
(3391, 1689, 4, 100, '06/15/2022'),
(3392, 1690, 4, 100, '06/15/2022'),
(3393, 1691, 4, 100, '06/15/2022'),
(3394, 1692, 4, 100, '06/15/2022'),
(3395, 1693, 4, 100, '06/15/2022'),
(3396, 1694, 4, 100, '06/15/2022'),
(3397, 1695, 4, 100, '06/15/2022'),
(3398, 1696, 4, 100, '06/15/2022'),
(3399, 1697, 4, 100, '06/15/2022'),
(3400, 1698, 4, 100, '06/15/2022'),
(3401, 1699, 4, 100, '06/15/2022'),
(3402, 1700, 4, 100, '06/15/2022'),
(3403, 1701, 4, 100, '06/15/2022'),
(3404, 1702, 4, 100, '06/15/2022'),
(3405, 1703, 4, 100, '06/15/2022'),
(3406, 1704, 4, 100, '06/15/2022'),
(3407, 1705, 4, 100, '06/15/2022'),
(3408, 1706, 4, 100, '06/15/2022'),
(3409, 1707, 4, 100, '06/15/2022'),
(3410, 1708, 4, 100, '06/15/2022'),
(3411, 1709, 4, 100, '06/15/2022'),
(3412, 1710, 4, 100, '06/15/2022'),
(3413, 1711, 4, 100, '06/15/2022'),
(3414, 1712, 4, 100, '06/15/2022'),
(3415, 1713, 4, 100, '06/15/2022'),
(3416, 1714, 4, 100, '06/15/2022'),
(3417, 1715, 4, 100, '06/15/2022'),
(3418, 1716, 4, 100, '06/15/2022'),
(3419, 1717, 4, 100, '06/15/2022'),
(3420, 1718, 4, 100, '06/15/2022'),
(3421, 1719, 4, 100, '06/15/2022'),
(3422, 1720, 4, 100, '06/15/2022'),
(3423, 1721, 4, 100, '06/15/2022'),
(3424, 1722, 4, 100, '06/15/2022'),
(3425, 1723, 4, 100, '06/15/2022'),
(3426, 1724, 4, 100, '06/15/2022'),
(3427, 1725, 4, 100, '06/15/2022'),
(3428, 1726, 4, 100, '06/15/2022'),
(3429, 1727, 4, 100, '06/15/2022'),
(3430, 1728, 4, 100, '06/15/2022'),
(3431, 1729, 4, 100, '06/15/2022'),
(3432, 1730, 4, 100, '06/15/2022'),
(3433, 1731, 4, 100, '06/15/2022'),
(3434, 1732, 4, 100, '06/15/2022'),
(3435, 1733, 4, 100, '06/15/2022'),
(3436, 1734, 4, 100, '06/15/2022'),
(3437, 1735, 4, 100, '06/15/2022'),
(3438, 1736, 4, 100, '06/15/2022'),
(3439, 1737, 4, 100, '06/15/2022'),
(3440, 1738, 4, 100, '06/15/2022'),
(3441, 1739, 4, 100, '06/15/2022'),
(3442, 1740, 4, 100, '06/15/2022'),
(3443, 1741, 4, 100, '06/15/2022'),
(3444, 1742, 4, 100, '06/15/2022'),
(3445, 1743, 4, 100, '06/15/2022'),
(3446, 1744, 4, 100, '06/15/2022'),
(3447, 1745, 4, 100, '06/15/2022'),
(3448, 1746, 4, 100, '06/15/2022'),
(3449, 1747, 4, 100, '06/15/2022'),
(3450, 1748, 4, 100, '06/15/2022'),
(3451, 1749, 4, 100, '06/15/2022'),
(3452, 1750, 4, 100, '06/15/2022'),
(3453, 1751, 4, 100, '06/15/2022'),
(3454, 1752, 4, 100, '06/15/2022'),
(3455, 1753, 4, 100, '06/15/2022'),
(3456, 1754, 4, 100, '06/15/2022'),
(3457, 1755, 4, 100, '06/15/2022'),
(3458, 1756, 4, 100, '06/15/2022'),
(3459, 1757, 4, 100, '06/15/2022'),
(3460, 1758, 4, 100, '06/15/2022'),
(3461, 1759, 4, 100, '06/15/2022'),
(3462, 1760, 4, 100, '06/15/2022'),
(3463, 1761, 4, 100, '06/15/2022'),
(3464, 1762, 4, 100, '06/15/2022'),
(3465, 1763, 4, 100, '06/15/2022'),
(3466, 1764, 4, 100, '06/15/2022'),
(3467, 1765, 4, 100, '06/15/2022'),
(3468, 1766, 4, 100, '06/15/2022'),
(3469, 1767, 4, 100, '06/15/2022'),
(3470, 1768, 4, 100, '06/15/2022'),
(3471, 1769, 4, 100, '06/15/2022'),
(3472, 1770, 4, 100, '06/15/2022'),
(3473, 1771, 4, 100, '06/15/2022'),
(3474, 1772, 4, 100, '06/15/2022'),
(3475, 1773, 4, 100, '06/15/2022'),
(3476, 1774, 4, 100, '06/15/2022'),
(3477, 1775, 4, 100, '06/15/2022'),
(3478, 1776, 4, 100, '06/15/2022'),
(3479, 1777, 4, 100, '06/15/2022'),
(3480, 1778, 4, 100, '06/15/2022'),
(3481, 1779, 4, 100, '06/15/2022'),
(3482, 1780, 4, 100, '06/15/2022'),
(3483, 1781, 4, 100, '06/15/2022'),
(3484, 1782, 4, 100, '06/15/2022'),
(3485, 1783, 4, 100, '06/15/2022'),
(3486, 1784, 4, 100, '06/15/2022'),
(3487, 1785, 4, 100, '06/15/2022'),
(3488, 1786, 4, 100, '06/15/2022'),
(3489, 1787, 4, 100, '06/15/2022'),
(3490, 1788, 4, 100, '06/15/2022'),
(3491, 1789, 4, 100, '06/15/2022'),
(3492, 1790, 4, 100, '06/15/2022'),
(3493, 1791, 4, 100, '06/15/2022'),
(3494, 1792, 4, 100, '06/15/2022'),
(3495, 1793, 4, 100, '06/15/2022'),
(3496, 1794, 4, 100, '06/15/2022'),
(3497, 1795, 4, 100, '06/15/2022'),
(3498, 1796, 4, 100, '06/15/2022'),
(3499, 1797, 4, 100, '06/15/2022'),
(3500, 1798, 4, 100, '06/15/2022'),
(3501, 1799, 4, 100, '06/15/2022'),
(3502, 1800, 4, 100, '06/15/2022'),
(3503, 1801, 4, 100, '06/15/2022'),
(3504, 1802, 4, 100, '06/15/2022'),
(3505, 1803, 4, 100, '06/15/2022'),
(3506, 1804, 4, 100, '06/15/2022'),
(3507, 1805, 4, 100, '06/15/2022'),
(3508, 1806, 4, 100, '06/15/2022'),
(3509, 1807, 4, 100, '06/15/2022'),
(3510, 1808, 4, 100, '06/15/2022'),
(3511, 1809, 4, 100, '06/15/2022'),
(3512, 1810, 4, 100, '06/15/2022'),
(3513, 1811, 4, 100, '06/15/2022'),
(3514, 1812, 4, 100, '06/15/2022'),
(3515, 1813, 4, 100, '06/15/2022'),
(3516, 1814, 4, 100, '06/15/2022'),
(3517, 1815, 4, 100, '06/15/2022'),
(3518, 1816, 4, 100, '06/15/2022'),
(3519, 1817, 4, 100, '06/15/2022'),
(3520, 1818, 4, 100, '06/15/2022'),
(3521, 1819, 4, 100, '06/15/2022'),
(3522, 1820, 4, 100, '06/15/2022'),
(3523, 1821, 4, 100, '06/15/2022'),
(3524, 1822, 4, 100, '06/15/2022'),
(3525, 1823, 4, 100, '06/15/2022'),
(3526, 1824, 4, 100, '06/15/2022'),
(3527, 1825, 4, 100, '06/15/2022'),
(3528, 1826, 4, 100, '06/15/2022'),
(3529, 1827, 4, 100, '06/15/2022'),
(3530, 1828, 4, 100, '06/15/2022'),
(3531, 1829, 4, 100, '06/15/2022'),
(3532, 1830, 4, 100, '06/15/2022'),
(3533, 1831, 4, 100, '06/15/2022'),
(3534, 1832, 4, 100, '06/15/2022'),
(3535, 1833, 4, 100, '06/15/2022'),
(3536, 1834, 4, 100, '06/15/2022'),
(3537, 1835, 4, 100, '06/15/2022'),
(3538, 1836, 4, 100, '06/15/2022'),
(3539, 1837, 4, 100, '06/15/2022'),
(3540, 1838, 4, 100, '06/15/2022'),
(3541, 1839, 4, 100, '06/15/2022'),
(3542, 1840, 4, 100, '06/15/2022'),
(3543, 1841, 4, 100, '06/15/2022'),
(3544, 1842, 4, 100, '06/15/2022'),
(3545, 1843, 4, 100, '06/15/2022'),
(3546, 1844, 4, 100, '06/15/2022'),
(3547, 1845, 4, 100, '06/15/2022'),
(3548, 1846, 4, 100, '06/15/2022'),
(3549, 1847, 4, 100, '06/15/2022'),
(3550, 1848, 4, 100, '06/15/2022'),
(3551, 1849, 4, 100, '06/15/2022'),
(3552, 1850, 4, 100, '06/15/2022'),
(3553, 1851, 4, 100, '06/15/2022'),
(3554, 1852, 4, 100, '06/15/2022'),
(3555, 1853, 4, 100, '06/15/2022'),
(3556, 1854, 4, 100, '06/15/2022'),
(3557, 1855, 4, 100, '06/15/2022'),
(3558, 1856, 4, 100, '06/15/2022'),
(3559, 1857, 4, 100, '06/15/2022'),
(3560, 1858, 4, 100, '06/15/2022'),
(3561, 1859, 4, 100, '06/15/2022'),
(3562, 1860, 4, 100, '06/15/2022'),
(3563, 1861, 4, 100, '06/15/2022'),
(3564, 1862, 4, 100, '06/15/2022'),
(3565, 1863, 4, 100, '06/15/2022'),
(3566, 1864, 4, 100, '06/15/2022'),
(3567, 1865, 4, 100, '06/15/2022'),
(3568, 1866, 4, 100, '06/15/2022'),
(3569, 1867, 4, 100, '06/15/2022'),
(3570, 1868, 4, 100, '06/15/2022'),
(3571, 1869, 4, 100, '06/15/2022'),
(3572, 1870, 4, 100, '06/15/2022'),
(3573, 1871, 4, 100, '06/15/2022'),
(3574, 1872, 4, 100, '06/15/2022'),
(3575, 1873, 4, 100, '06/15/2022'),
(3576, 1874, 4, 100, '06/15/2022'),
(3577, 1875, 4, 100, '06/15/2022'),
(3578, 1876, 4, 100, '06/15/2022'),
(3579, 1877, 4, 100, '06/15/2022'),
(3580, 1878, 4, 100, '06/15/2022'),
(3581, 1879, 4, 100, '06/15/2022'),
(3582, 1880, 4, 100, '06/15/2022'),
(3583, 1881, 4, 100, '06/15/2022'),
(3584, 1882, 4, 100, '06/15/2022'),
(3585, 1883, 4, 100, '06/15/2022'),
(3586, 1884, 4, 100, '06/15/2022'),
(3587, 1885, 4, 100, '06/15/2022'),
(3588, 1886, 4, 100, '06/15/2022'),
(3589, 1887, 4, 100, '06/15/2022'),
(3590, 1888, 4, 100, '06/15/2022'),
(3591, 1889, 4, 100, '06/15/2022'),
(3592, 1890, 4, 100, '06/15/2022'),
(3593, 1891, 4, 100, '06/15/2022'),
(3594, 1892, 4, 100, '06/15/2022'),
(3595, 1893, 4, 100, '06/15/2022'),
(3596, 1894, 4, 100, '06/15/2022'),
(3597, 1895, 4, 100, '06/15/2022'),
(3598, 1896, 4, 100, '06/15/2022'),
(3599, 1897, 4, 100, '06/15/2022'),
(3600, 1898, 4, 100, '06/15/2022'),
(3601, 1899, 4, 100, '06/15/2022'),
(3602, 1900, 4, 100, '06/15/2022'),
(3603, 1901, 4, 100, '06/15/2022'),
(3604, 1902, 4, 100, '06/15/2022'),
(3605, 1903, 4, 100, '06/15/2022'),
(3606, 1904, 4, 100, '06/15/2022'),
(3607, 1905, 4, 100, '06/15/2022'),
(3608, 1906, 4, 100, '06/15/2022'),
(3609, 1907, 4, 100, '06/15/2022'),
(3610, 1908, 4, 100, '06/15/2022'),
(3611, 1909, 4, 100, '06/15/2022'),
(3612, 1910, 4, 100, '06/15/2022'),
(3613, 1911, 4, 100, '06/15/2022'),
(3614, 1912, 4, 100, '06/15/2022'),
(3615, 1913, 4, 100, '06/15/2022'),
(3616, 1914, 4, 100, '06/15/2022'),
(3617, 1915, 4, 100, '06/15/2022'),
(3618, 1916, 4, 100, '06/15/2022'),
(3619, 1917, 4, 100, '06/15/2022'),
(3620, 1918, 4, 100, '06/15/2022'),
(3621, 1919, 4, 100, '06/15/2022'),
(3622, 1920, 4, 100, '06/15/2022'),
(3623, 1921, 4, 100, '06/15/2022'),
(3624, 1922, 4, 100, '06/15/2022'),
(3625, 1923, 4, 100, '06/15/2022'),
(3626, 1924, 4, 100, '06/15/2022'),
(3627, 1925, 4, 100, '06/15/2022'),
(3628, 1926, 4, 100, '06/15/2022'),
(3629, 1927, 4, 100, '06/15/2022'),
(3630, 1928, 4, 100, '06/15/2022'),
(3631, 1929, 4, 100, '06/15/2022'),
(3632, 1930, 4, 100, '06/15/2022'),
(3633, 1931, 4, 100, '06/15/2022'),
(3634, 1932, 4, 100, '06/15/2022'),
(3635, 1933, 4, 100, '06/15/2022'),
(3636, 1934, 4, 100, '06/15/2022'),
(3637, 1935, 4, 100, '06/15/2022'),
(3638, 1936, 4, 100, '06/15/2022'),
(3639, 1937, 4, 100, '06/15/2022'),
(3640, 1938, 4, 100, '06/15/2022'),
(3641, 1939, 4, 100, '06/15/2022'),
(3642, 1940, 4, 100, '06/15/2022'),
(3643, 1941, 4, 100, '06/15/2022'),
(3644, 1942, 4, 100, '06/15/2022'),
(3645, 1943, 4, 100, '06/15/2022'),
(3646, 1944, 4, 100, '06/15/2022'),
(3647, 1945, 4, 100, '06/15/2022'),
(3648, 1946, 4, 100, '06/15/2022'),
(3649, 1947, 4, 100, '06/15/2022'),
(3650, 1948, 4, 100, '06/15/2022'),
(3651, 1949, 4, 100, '06/15/2022'),
(3652, 1950, 4, 100, '06/15/2022'),
(3653, 1951, 4, 100, '06/15/2022'),
(3654, 1952, 4, 100, '06/15/2022'),
(3655, 1953, 4, 100, '06/15/2022'),
(3656, 1954, 4, 100, '06/15/2022'),
(3657, 1955, 4, 100, '06/15/2022'),
(3658, 1956, 4, 100, '06/15/2022'),
(3659, 1957, 4, 100, '06/15/2022'),
(3660, 1958, 4, 100, '06/15/2022'),
(3661, 1959, 4, 100, '06/15/2022'),
(3662, 1960, 4, 100, '06/15/2022'),
(3663, 1961, 4, 100, '06/15/2022'),
(3664, 1962, 4, 100, '06/15/2022'),
(3665, 1963, 4, 100, '06/15/2022'),
(3666, 1964, 4, 100, '06/15/2022'),
(3667, 1965, 4, 100, '06/15/2022'),
(3668, 1966, 4, 100, '06/15/2022'),
(3669, 1967, 4, 100, '06/15/2022'),
(3670, 1968, 4, 100, '06/15/2022'),
(3671, 1969, 4, 100, '06/15/2022'),
(3672, 1970, 4, 100, '06/15/2022'),
(3673, 1971, 4, 100, '06/15/2022'),
(3674, 1972, 4, 100, '06/15/2022'),
(3675, 1973, 4, 100, '06/15/2022'),
(3676, 1974, 4, 100, '06/15/2022'),
(3677, 1975, 4, 100, '06/15/2022'),
(3678, 1976, 4, 100, '06/15/2022'),
(3679, 1977, 4, 100, '06/15/2022'),
(3680, 1978, 4, 100, '06/15/2022'),
(3681, 1979, 4, 100, '06/15/2022'),
(3682, 1980, 4, 100, '06/15/2022'),
(3683, 1981, 4, 100, '06/15/2022'),
(3684, 1982, 4, 100, '06/15/2022'),
(3685, 1983, 4, 100, '06/15/2022'),
(3686, 1984, 4, 100, '06/15/2022'),
(3687, 1985, 4, 100, '06/15/2022'),
(3688, 1986, 4, 100, '06/15/2022'),
(3689, 1987, 4, 100, '06/15/2022'),
(3690, 1988, 4, 100, '06/15/2022'),
(3691, 1989, 4, 100, '06/15/2022'),
(3692, 1992, 4, 100, '06/15/2022'),
(3693, 1993, 4, 100, '06/15/2022'),
(3694, 1994, 4, 100, '06/15/2022'),
(3695, 1999, 4, 100, '06/15/2022'),
(3696, 2000, 4, 100, '06/15/2022'),
(3697, 2004, 4, 100, '06/15/2022'),
(3698, 2007, 4, 100, '06/15/2022'),
(3699, 2010, 4, 100, '06/15/2022'),
(3700, 2013, 4, 100, '06/15/2022'),
(3701, 2017, 4, 100, '06/15/2022'),
(3702, 2021, 4, 100, '06/15/2022'),
(3703, 2023, 4, 100, '06/15/2022'),
(3704, 2025, 4, 100, '06/15/2022'),
(3705, 2028, 4, 100, '06/15/2022'),
(3706, 2031, 4, 100, '06/15/2022'),
(3707, 2036, 4, 100, '06/15/2022'),
(3708, 2039, 4, 100, '06/15/2022'),
(3709, 2040, 4, 100, '06/15/2022'),
(3710, 2044, 4, 100, '06/15/2022'),
(3711, 2047, 4, 100, '06/15/2022'),
(3712, 2050, 4, 100, '06/15/2022'),
(3713, 2053, 4, 100, '06/15/2022'),
(3714, 2056, 4, 100, '06/15/2022'),
(3715, 2059, 4, 100, '06/15/2022'),
(3716, 2062, 4, 100, '06/15/2022'),
(3717, 2065, 4, 100, '06/15/2022'),
(3718, 2069, 4, 100, '06/15/2022'),
(3719, 2073, 4, 100, '06/15/2022'),
(3720, 2074, 4, 100, '06/15/2022');

-- --------------------------------------------------------

--
-- Table structure for table `branch_tb`
--

CREATE TABLE `branch_tb` (
  `branch_id` int(11) NOT NULL,
  `branch_location` varchar(100) NOT NULL
) ENGINE=InnoDB DEFAULT CHARSET=utf8mb4;

--
-- Dumping data for table `branch_tb`
--

INSERT INTO `branch_tb` (`branch_id`, `branch_location`) VALUES
(1, 'Pulickal Hotel'),
(2, 'Imperial Mall'),
(3, 'Victoria Mall'),
(4, 'Arena Mall');

-- --------------------------------------------------------

--
-- Table structure for table `brand_tb`
--

CREATE TABLE `brand_tb` (
  `brand_id` int(11) NOT NULL,
  `brand_name` varchar(100) NOT NULL,
  `created_at` timestamp NOT NULL DEFAULT current_timestamp(),
  `modified_at` timestamp NOT NULL DEFAULT current_timestamp(),
  `deleted_at` varchar(100) NOT NULL DEFAULT '0000-00-00 00-00-00'
) ENGINE=InnoDB DEFAULT CHARSET=utf8mb4;

--
-- Dumping data for table `brand_tb`
--

INSERT INTO `brand_tb` (`brand_id`, `brand_name`, `created_at`, `modified_at`, `deleted_at`) VALUES
(1, '511', '2022-04-05 01:42:30', '2022-04-05 01:42:30', '0000-00-00 00-00-00'),
(2, 'Under Armour', '2022-04-05 01:42:30', '2022-04-05 01:42:30', '0000-00-00 00-00-00'),
(3, 'North Face', '2022-04-05 01:42:30', '2022-04-05 01:42:30', '0000-00-00 00-00-00'),
(4, 'Jack Wolfskin', '2022-04-05 01:42:30', '2022-04-05 01:42:30', '0000-00-00 00-00-00'),
(5, 'Columbia', '2022-04-05 01:42:30', '2022-04-05 01:42:30', '0000-00-00 00-00-00'),
(6, 'Merrell', '2022-04-05 01:42:30', '2022-04-05 01:42:30', '0000-00-00 00-00-00'),
(7, 'CAT', '2022-04-05 01:42:30', '2022-04-05 01:42:30', '0000-00-00 00-00-00'),
(8, 'Parajohn', '2022-04-05 01:42:30', '2022-04-05 01:42:30', '0000-00-00 00-00-00'),
(9, 'Leatherman', '2022-04-05 01:42:30', '2022-04-05 01:42:30', '0000-00-00 00-00-00'),
(10, 'Other Brands', '2022-04-05 01:42:30', '2022-04-05 01:42:30', '0000-00-00 00-00-00'),
(11, 'Nike', '2022-04-05 01:42:30', '2022-04-05 01:42:30', '0000-00-00 00-00-00'),
(12, 'Addidas', '2022-04-05 01:42:30', '2022-04-05 01:42:30', '0000-00-00 00-00-00'),
(13, 'Calvin Klein', '2022-04-19 05:07:10', '2022-04-19 05:07:10', '0000-00-00 00-00-00');

-- --------------------------------------------------------

--
-- Table structure for table `category_tb`
--

CREATE TABLE `category_tb` (
  `category_id` int(11) NOT NULL,
  `category_name` varchar(100) NOT NULL,
  `description` text NOT NULL,
  `created_at` timestamp NOT NULL DEFAULT current_timestamp(),
  `modified_at` timestamp NOT NULL DEFAULT current_timestamp()
) ENGINE=InnoDB DEFAULT CHARSET=utf8mb4;

--
-- Dumping data for table `category_tb`
--

INSERT INTO `category_tb` (`category_id`, `category_name`, `description`, `created_at`, `modified_at`) VALUES
(1, 'Backpacks', 'All types of tactical and hiking backpacks', '2022-04-05 01:44:41', '2022-04-05 01:44:41'),
(2, 'Pants', 'Tactical pants hinking pants', '2022-04-05 01:44:41', '2022-04-05 01:44:41'),
(3, 'Footwear', 'Tactical, Hiking and sports shoes', '2022-04-05 01:44:41', '2022-04-05 01:44:41'),
(4, 'Accessories', 'All types of field accessories', '2022-04-05 01:44:41', '2022-04-05 01:44:41'),
(5, 'Shirts', 'Short sleeve and long sleeve tactical and hiking shirts', '2022-04-05 01:44:41', '2022-04-05 01:44:41'),
(6, 'Shorts', 'Sports, Tactical and Hiking shorts', '2022-04-05 01:44:41', '2022-04-05 01:44:41'),
(7, 'Jackets', 'Tactical and hiking jackets', '2022-04-05 01:44:41', '2022-04-05 01:44:41'),
(8, 'Suitcases', 'Travel luggage and suitcases', '2022-04-05 01:44:41', '2022-04-05 01:44:41'),
(9, 'T-Shirts', 'Sports and tactical T-shirts and Polos', '2022-04-05 01:44:41', '2022-04-05 01:44:41'),
(10, 'Eyewear', 'Tactical and summer eyewear', '2022-04-05 01:44:41', '2022-04-05 01:44:41'),
(11, 'Caps & Hats', 'Caps & Hats', '2022-04-05 01:44:41', '2022-04-05 01:44:41'),
(12, 'Shoes & Boots', 'Shoes & Boots', '2022-04-05 01:44:41', '2022-04-05 01:44:41'),
(13, 'Jumpers', 'Jumpers', '2022-04-05 01:44:41', '2022-04-05 01:44:41'),
(15, 'Briefs', 'Briefs/Under wears', '2022-04-13 09:34:59', '2022-04-13 09:34:59'),
(18, 'General', 'General Product', '2022-05-04 04:31:16', '2022-05-04 04:31:16');

-- --------------------------------------------------------

--
-- Table structure for table `colour_tb`
--

CREATE TABLE `colour_tb` (
  `colour_id` int(11) NOT NULL,
  `colour_name` varchar(100) NOT NULL,
  `innitual` varchar(30) NOT NULL,
  `created_at` timestamp NOT NULL DEFAULT current_timestamp(),
  `modified_at` timestamp NOT NULL DEFAULT current_timestamp(),
  `deleted_at` varchar(100) NOT NULL DEFAULT '0000-00-00 00:00:00'
) ENGINE=InnoDB DEFAULT CHARSET=utf8mb4;

--
-- Dumping data for table `colour_tb`
--

INSERT INTO `colour_tb` (`colour_id`, `colour_name`, `innitual`, `created_at`, `modified_at`, `deleted_at`) VALUES
(1, 'Assorted', 'N/A', '2022-04-05 01:46:33', '2022-04-05 01:46:33', '0000-00-00 00:00:00'),
(2, 'Black', 'BL', '2022-04-05 01:46:33', '2022-04-05 01:46:33', '0000-00-00 00:00:00'),
(3, 'Blue', 'BU', '2022-04-05 01:46:33', '2022-04-05 01:46:33', '0000-00-00 00:00:00'),
(4, 'Brown', 'BR', '2022-04-05 01:46:33', '2022-04-05 01:46:33', '0000-00-00 00:00:00'),
(5, 'Cerulean', 'CL', '2022-04-05 01:46:33', '2022-04-05 01:46:33', '0000-00-00 00:00:00'),
(6, 'Charcoal', 'CH', '2022-04-05 01:46:33', '2022-04-05 01:46:33', '0000-00-00 00:00:00'),
(7, 'Cornflower blue', 'CB', '2022-04-05 01:46:33', '2022-04-05 01:46:33', '0000-00-00 00:00:00'),
(8, 'Green', 'GN', '2022-04-05 01:46:33', '2022-04-05 01:46:33', '0000-00-00 00:00:00'),
(9, 'Grey', 'GY', '2022-04-05 01:46:33', '2022-04-05 01:46:33', '0000-00-00 00:00:00'),
(10, 'Kakhi', 'KH', '2022-04-05 01:46:33', '2022-04-05 01:46:33', '0000-00-00 00:00:00'),
(11, 'mahogany', 'MN', '2022-04-05 01:46:33', '2022-04-05 01:46:33', '0000-00-00 00:00:00'),
(12, 'Maroon', 'MR', '2022-04-05 01:46:33', '2022-04-05 01:46:33', '0000-00-00 00:00:00'),
(13, 'Navy', 'NY', '2022-04-05 01:46:33', '2022-04-05 01:46:33', '0000-00-00 00:00:00'),
(14, 'Olive Green', 'OG', '2022-04-05 01:46:33', '2022-04-05 01:46:33', '0000-00-00 00:00:00'),
(15, 'Orange', 'OR', '2022-04-05 01:46:33', '2022-04-05 01:46:33', '0000-00-00 00:00:00'),
(16, 'Pink', 'PK', '2022-04-05 01:46:33', '2022-04-05 01:46:33', '0000-00-00 00:00:00'),
(17, 'Process Blue', 'PB', '2022-04-05 01:46:33', '2022-04-05 01:46:33', '0000-00-00 00:00:00'),
(18, 'Purple', 'PP', '2022-04-05 01:46:33', '2022-04-05 01:46:33', '0000-00-00 00:00:00'),
(19, 'Red', 'RD', '2022-04-05 01:46:33', '2022-04-05 01:46:33', '0000-00-00 00:00:00'),
(20, 'Rubin Red', 'RB', '2022-04-05 01:46:33', '2022-04-05 01:46:33', '0000-00-00 00:00:00'),
(21, 'Sea Green', 'SG', '2022-04-05 01:46:33', '2022-04-05 01:46:33', '0000-00-00 00:00:00'),
(22, 'Sky Blue', 'SB', '2022-04-05 01:46:33', '2022-04-05 01:46:33', '0000-00-00 00:00:00'),
(23, 'White', 'WH', '2022-04-05 01:46:33', '2022-04-05 01:46:33', '0000-00-00 00:00:00'),
(24, 'Wild Strawberry', 'WS', '2022-04-05 01:46:33', '2022-04-05 01:46:33', '0000-00-00 00:00:00'),
(25, 'Yellow', 'YL', '2022-04-05 01:46:33', '2022-04-05 01:46:33', '0000-00-00 00:00:00'),
(26, 'Coyote', 'CY', '2022-04-05 01:46:33', '2022-04-05 01:46:33', '0000-00-00 00:00:00'),
(27, 'N/A', 'NA', '2022-04-05 01:46:33', '2022-04-05 01:46:33', '0000-00-00 00:00:00'),
(28, 'Dark Blue', 'DB', '2022-04-05 01:46:33', '2022-04-05 01:46:33', '0000-00-00 00:00:00'),
(29, 'Aqua Blue', 'AB', '2022-04-05 01:46:33', '2022-04-05 01:46:33', '0000-00-00 00:00:00'),
(30, 'Light Blue', 'LB', '2022-04-05 01:46:33', '2022-04-05 01:46:33', '0000-00-00 00:00:00');

-- --------------------------------------------------------

--
-- Table structure for table `currency_tb`
--

CREATE TABLE `currency_tb` (
  `id` int(11) NOT NULL,
  `name` varchar(30) NOT NULL,
  `rate` float NOT NULL,
  `symbol` varchar(20) NOT NULL,
  `created_at` date NOT NULL
) ENGINE=InnoDB DEFAULT CHARSET=utf8mb4;

--
-- Dumping data for table `currency_tb`
--

INSERT INTO `currency_tb` (`id`, `name`, `rate`, `symbol`, `created_at`) VALUES
(1, 'Dollars', 3561.09, '$', '2022-05-02'),
(2, 'Shillings', 0, '/=', '2022-05-02');

-- --------------------------------------------------------

--
-- Table structure for table `customer_tb`
--

CREATE TABLE `customer_tb` (
  `customer_id` int(11) NOT NULL,
  `fname` varchar(25) NOT NULL,
  `lname` varchar(50) NOT NULL,
  `email` varchar(30) NOT NULL,
  `telephone` varchar(12) NOT NULL,
  `date` varchar(30) NOT NULL
) ENGINE=InnoDB DEFAULT CHARSET=utf8mb4;

--
-- Dumping data for table `customer_tb`
--

INSERT INTO `customer_tb` (`customer_id`, `fname`, `lname`, `email`, `telephone`, `date`) VALUES
(1, 'Rogers', 'Mwambala', 'mwambalarogers210@gmail.com', '0705314188', ''),
(2, 'Rogers', 'Mwambala', 'mwambala210@gmail.com', '0705314188', ''),
(3, 'Rogers', 'Mwambal', 'mr@gmail.com', '0705314188', ''),
(4, 'John', 'Maginia', 'jm@gmail.com', '0705214188', ''),
(5, 'Janel ', 'Markend', 'mj@gmail.com', '0705314166', ''),
(6, 'Default', 'Default', 'tactical.ug@gmail.com', '0754244838', '04/21/2022');

-- --------------------------------------------------------

--
-- Table structure for table `day_tb`
--

CREATE TABLE `day_tb` (
  `day_id` int(11) NOT NULL,
  `day_name` varchar(50) NOT NULL
) ENGINE=InnoDB DEFAULT CHARSET=utf8mb4;

--
-- Dumping data for table `day_tb`
--

INSERT INTO `day_tb` (`day_id`, `day_name`) VALUES
(1, 'Monday'),
(2, 'Tuesday'),
(3, 'Wednesday'),
(4, 'Thursday'),
(5, 'Friday'),
(6, 'Saturday'),
(7, 'Sunday');

-- --------------------------------------------------------

--
-- Table structure for table `discount_tb`
--

CREATE TABLE `discount_tb` (
  `discount_id` int(11) NOT NULL,
  `discount_name` varchar(100) NOT NULL,
  `description` text NOT NULL,
  `discount_percentage` int(11) NOT NULL,
  `created_at` timestamp NOT NULL DEFAULT current_timestamp(),
  `modified_at` timestamp NOT NULL DEFAULT current_timestamp(),
  `delete_at` varchar(100) NOT NULL DEFAULT '0000-00-00 00:00:00'
) ENGINE=InnoDB DEFAULT CHARSET=utf8mb4;

--
-- Dumping data for table `discount_tb`
--

INSERT INTO `discount_tb` (`discount_id`, `discount_name`, `description`, `discount_percentage`, `created_at`, `modified_at`, `delete_at`) VALUES
(1, 'Normal', 'Customer who asks for normal discount', 5, '2022-04-05 01:51:01', '2022-04-05 01:51:01', '0000-00-00 00:00:00'),
(2, 'Bulk', 'Customer who buys in bulk', 8, '2022-04-05 01:51:01', '2022-04-05 01:51:01', '0000-00-00 00:00:00'),
(3, 'Sale', 'Goods on sale promotions', 10, '2022-04-05 01:51:01', '2022-04-05 01:51:01', '0000-00-00 00:00:00'),
(4, 'Special', 'Clearance sale (dead stock)', 20, '2022-04-05 01:51:01', '2022-04-05 01:51:01', '0000-00-00 00:00:00'),
(5, 'Nil', 'No discount', 0, '2022-04-05 01:51:01', '2022-04-05 01:51:01', '0000-00-00 00:00:00');

-- --------------------------------------------------------

--
-- Table structure for table `inventory_product_images_tb`
--

CREATE TABLE `inventory_product_images_tb` (
  `image_id` int(11) NOT NULL,
  `inventory_id` int(11) NOT NULL,
  `image_name` varchar(50) NOT NULL DEFAULT 'default.png',
  `colour_id` int(11) NOT NULL,
  `product_id` int(11) NOT NULL
) ENGINE=InnoDB DEFAULT CHARSET=utf8mb4;

--
-- Dumping data for table `inventory_product_images_tb`
--

INSERT INTO `inventory_product_images_tb` (`image_id`, `inventory_id`, `image_name`, `colour_id`, `product_id`) VALUES
(1, 1, 'default.png', 4, 1),
(2, 2, 'default.png', 4, 1),
(3, 3, 'default.png', 4, 1),
(4, 4, 'default.png', 4, 1),
(5, 5, 'default.png', 4, 1),
(6, 6, 'default.png', 10, 1),
(7, 7, 'default.png', 10, 1),
(8, 8, 'default.png', 10, 1),
(9, 9, 'default.png', 10, 1),
(10, 10, 'default.png', 10, 1),
(11, 11, 'default.png', 10, 1),
(12, 12, 'default.png', 10, 1),
(13, 13, 'default.png', 10, 1),
(14, 14, 'default.png', 8, 1),
(15, 15, 'default.png', 8, 1),
(16, 16, 'default.png', 8, 1),
(17, 17, 'default.png', 2, 1),
(18, 18, 'default.png', 2, 1),
(19, 19, 'default.png', 2, 1),
(20, 20, 'default.png', 2, 1),
(21, 21, 'default.png', 2, 1),
(22, 22, 'default.png', 6, 1),
(23, 23, 'default.png', 6, 1),
(24, 24, 'default.png', 6, 1),
(25, 25, 'default.png', 6, 1),
(26, 26, 'default.png', 6, 1),
(27, 27, 'default.png', 6, 1),
(28, 28, 'default.png', 6, 1),
(29, 29, 'default.png', 6, 1),
(30, 30, 'default.png', 6, 1),
(31, 31, 'default.png', 13, 1),
(32, 32, 'default.png', 13, 1),
(33, 33, 'default.png', 13, 1),
(34, 34, 'default.png', 13, 1),
(35, 35, 'default.png', 13, 1),
(36, 36, 'default.png', 26, 1),
(37, 37, 'default.png', 26, 1),
(38, 38, 'default.png', 2, 2),
(39, 39, 'default.png', 2, 2),
(40, 40, 'default.png', 2, 2),
(41, 41, 'default.png', 2, 2),
(42, 42, 'default.png', 6, 2),
(43, 43, 'default.png', 6, 2),
(44, 44, 'default.png', 6, 2),
(45, 45, 'default.png', 6, 2),
(46, 46, 'default.png', 6, 2),
(47, 47, 'default.png', 13, 2),
(48, 48, 'default.png', 13, 2),
(49, 49, 'default.png', 13, 2),
(50, 50, 'default.png', 13, 2),
(51, 51, 'default.png', 9, 2),
(52, 52, 'default.png', 9, 2),
(53, 53, 'default.png', 8, 2),
(54, 54, 'default.png', 13, 3),
(55, 55, 'default.png', 13, 3),
(56, 56, 'default.png', 13, 3),
(57, 57, 'default.png', 13, 3),
(58, 58, 'default.png', 13, 3),
(59, 59, 'default.png', 13, 3),
(60, 60, 'default.png', 2, 3),
(61, 61, 'default.png', 2, 3),
(62, 62, 'default.png', 2, 3),
(63, 63, 'default.png', 2, 3),
(64, 64, 'default.png', 2, 3),
(65, 65, 'default.png', 2, 3),
(66, 66, 'default.png', 6, 3),
(67, 67, 'default.png', 10, 4),
(68, 68, 'default.png', 10, 4),
(69, 69, 'default.png', 8, 4),
(70, 70, 'default.png', 8, 4),
(71, 71, 'default.png', 8, 4),
(72, 72, 'default.png', 6, 4),
(73, 73, 'default.png', 6, 4),
(74, 74, 'default.png', 6, 4),
(75, 75, 'default.png', 9, 17),
(76, 76, 'default.png', 9, 17),
(77, 77, 'default.png', 9, 17),
(78, 78, 'default.png', 9, 17),
(79, 79, 'default.png', 9, 17),
(80, 80, 'default.png', 2, 17),
(81, 81, 'default.png', 2, 17),
(82, 82, 'default.png', 2, 17),
(83, 83, 'default.png', 2, 17),
(84, 84, 'default.png', 2, 17),
(85, 85, 'default.png', 2, 17),
(86, 86, 'default.png', 10, 5),
(87, 87, 'default.png', 10, 5),
(88, 88, 'default.png', 10, 5),
(89, 89, 'default.png', 10, 5),
(90, 90, 'default.png', 10, 5),
(91, 91, 'default.png', 10, 5),
(92, 92, 'default.png', 10, 5),
(93, 93, 'default.png', 13, 5),
(94, 94, 'default.png', 13, 5),
(95, 95, 'default.png', 13, 5),
(96, 96, 'default.png', 13, 5),
(97, 97, 'default.png', 13, 5),
(98, 98, 'default.png', 13, 5),
(99, 99, 'default.png', 13, 5),
(100, 100, 'default.png', 13, 5),
(101, 101, 'default.png', 8, 5),
(102, 102, 'default.png', 8, 5),
(103, 103, 'default.png', 8, 5),
(104, 104, 'default.png', 8, 5),
(105, 105, 'default.png', 8, 5),
(106, 106, 'default.png', 8, 5),
(107, 107, 'default.png', 4, 5),
(108, 108, 'default.png', 4, 5),
(109, 109, 'default.png', 6, 5),
(110, 110, 'default.png', 6, 5),
(111, 111, 'default.png', 6, 5),
(112, 112, 'default.png', 6, 5),
(113, 113, 'default.png', 6, 5),
(114, 114, 'default.png', 26, 5),
(115, 115, 'default.png', 26, 5),
(116, 116, 'default.png', 26, 5),
(117, 117, 'default.png', 2, 5),
(118, 118, 'default.png', 2, 5),
(119, 119, 'default.png', 2, 5),
(120, 120, 'default.png', 2, 5),
(121, 121, 'default.png', 2, 5),
(122, 122, 'default.png', 2, 5),
(123, 123, 'default.png', 2, 5),
(124, 124, 'default.png', 2, 5),
(125, 125, 'default.png', 2, 5),
(126, 126, 'default.png', 2, 5),
(127, 127, 'default.png', 2, 5),
(128, 128, 'default.png', 4, 6),
(129, 129, 'default.png', 2, 6),
(130, 130, 'default.png', 2, 6),
(131, 131, 'default.png', 2, 6),
(132, 132, 'default.png', 2, 6),
(133, 133, 'default.png', 13, 6),
(134, 134, 'default.png', 13, 6),
(135, 135, 'default.png', 13, 6),
(136, 136, 'default.png', 13, 6),
(137, 137, 'default.png', 13, 6),
(138, 138, 'default.png', 8, 6),
(139, 139, 'default.png', 8, 6),
(140, 140, 'default.png', 10, 7),
(141, 141, 'default.png', 10, 7),
(142, 142, 'default.png', 10, 7),
(143, 143, 'default.png', 10, 7),
(144, 144, 'default.png', 6, 7),
(145, 145, 'default.png', 6, 7),
(146, 146, 'default.png', 6, 7),
(147, 147, 'default.png', 13, 7),
(148, 148, 'default.png', 13, 7),
(149, 149, 'default.png', 13, 7),
(150, 150, 'default.png', 13, 7),
(151, 151, 'default.png', 9, 7),
(152, 152, 'default.png', 9, 7),
(153, 153, 'default.png', 2, 7),
(154, 154, 'default.png', 2, 7),
(155, 155, 'default.png', 2, 40),
(156, 156, 'default.png', 9, 40),
(157, 157, 'default.png', 9, 40),
(158, 158, 'default.png', 10, 8),
(159, 159, 'default.png', 10, 8),
(160, 160, 'default.png', 10, 8),
(161, 161, 'default.png', 10, 8),
(162, 162, 'default.png', 9, 8),
(163, 163, 'default.png', 9, 8),
(164, 164, 'default.png', 9, 8),
(165, 165, 'default.png', 9, 8),
(166, 166, 'default.png', 9, 8),
(167, 167, 'default.png', 10, 9),
(168, 168, 'default.png', 10, 9),
(169, 169, 'default.png', 10, 9),
(170, 170, 'default.png', 10, 9),
(171, 171, 'default.png', 10, 9),
(172, 172, 'default.png', 10, 9),
(173, 173, 'default.png', 10, 9),
(174, 174, 'default.png', 10, 9),
(175, 175, 'default.png', 10, 9),
(176, 176, 'default.png', 10, 9),
(177, 177, 'default.png', 10, 9),
(178, 178, 'default.png', 2, 9),
(179, 179, 'default.png', 2, 9),
(180, 180, 'default.png', 2, 9),
(181, 181, 'default.png', 2, 9),
(182, 182, 'default.png', 2, 9),
(183, 183, 'default.png', 2, 9),
(184, 184, 'default.png', 2, 9),
(185, 185, 'default.png', 2, 9),
(186, 186, 'default.png', 2, 9),
(187, 187, 'default.png', 2, 9),
(188, 188, 'default.png', 2, 9),
(189, 189, 'default.png', 2, 9),
(190, 190, 'default.png', 2, 9),
(191, 191, 'default.png', 13, 9),
(192, 192, 'default.png', 13, 9),
(193, 193, 'default.png', 13, 9),
(194, 194, 'default.png', 13, 9),
(195, 195, 'default.png', 13, 9),
(196, 196, 'default.png', 13, 9),
(197, 197, 'default.png', 13, 9),
(198, 198, 'default.png', 13, 9),
(199, 199, 'default.png', 13, 9),
(200, 200, 'default.png', 13, 9),
(201, 201, 'default.png', 13, 9),
(202, 202, 'default.png', 13, 9),
(203, 203, 'default.png', 13, 9),
(204, 204, 'default.png', 13, 9),
(205, 205, 'default.png', 13, 9),
(206, 206, 'default.png', 13, 9),
(207, 207, 'default.png', 13, 12),
(208, 208, 'default.png', 6, 12),
(209, 209, 'default.png', 9, 12),
(210, 210, 'default.png', 8, 12),
(211, 211, 'default.png', 2, 10),
(212, 212, 'default.png', 2, 10),
(213, 213, 'default.png', 2, 10),
(214, 214, 'default.png', 2, 10),
(215, 215, 'default.png', 2, 10),
(216, 216, 'default.png', 26, 10),
(217, 217, 'default.png', 26, 10),
(218, 218, 'default.png', 26, 10),
(219, 219, 'default.png', 26, 10),
(220, 220, 'default.png', 26, 10),
(221, 221, 'default.png', 26, 10),
(222, 222, 'default.png', 10, 10),
(223, 223, 'default.png', 10, 10),
(224, 224, 'default.png', 10, 10),
(225, 225, 'default.png', 10, 10),
(226, 226, 'default.png', 10, 10),
(227, 227, 'default.png', 10, 10),
(228, 228, 'default.png', 10, 10),
(229, 229, 'default.png', 6, 10),
(230, 230, 'default.png', 6, 10),
(231, 231, 'default.png', 6, 10),
(232, 232, 'default.png', 6, 10),
(233, 233, 'default.png', 6, 10),
(234, 234, 'default.png', 6, 10),
(235, 235, 'default.png', 6, 10),
(236, 236, 'default.png', 6, 10),
(237, 237, 'default.png', 4, 10),
(238, 238, 'default.png', 4, 10),
(239, 239, 'default.png', 4, 10),
(240, 240, 'default.png', 4, 10),
(241, 241, 'default.png', 4, 10),
(242, 242, 'default.png', 4, 10),
(243, 243, 'default.png', 4, 10),
(244, 244, 'default.png', 2, 14),
(245, 245, 'default.png', 2, 14),
(246, 246, 'default.png', 2, 14),
(247, 247, 'default.png', 8, 14),
(248, 248, 'default.png', 8, 14),
(249, 249, 'default.png', 8, 14),
(250, 250, 'default.png', 8, 14),
(251, 251, 'default.png', 10, 14),
(252, 252, 'default.png', 10, 14),
(253, 253, 'default.png', 10, 14),
(254, 254, 'default.png', 10, 14),
(255, 255, 'default.png', 10, 14),
(256, 256, 'default.png', 4, 14),
(257, 257, 'default.png', 4, 14),
(258, 258, 'default.png', 2, 15),
(259, 259, 'default.png', 2, 15),
(260, 260, 'default.png', 2, 15),
(261, 261, 'default.png', 2, 15),
(262, 262, 'default.png', 2, 15),
(263, 263, 'default.png', 2, 15),
(264, 264, 'default.png', 2, 15),
(265, 265, 'default.png', 2, 15),
(266, 266, 'default.png', 10, 15),
(267, 267, 'default.png', 10, 15),
(268, 268, 'default.png', 10, 15),
(269, 269, 'default.png', 10, 15),
(270, 270, 'default.png', 10, 15),
(271, 271, 'default.png', 10, 15),
(272, 272, 'default.png', 10, 15),
(273, 273, 'default.png', 8, 15),
(274, 274, 'default.png', 8, 15),
(275, 275, 'default.png', 8, 15),
(276, 276, 'default.png', 8, 15),
(277, 277, 'default.png', 8, 15),
(278, 278, 'default.png', 8, 15),
(279, 279, 'default.png', 13, 15),
(280, 280, 'default.png', 13, 15),
(281, 281, 'default.png', 13, 15),
(282, 282, 'default.png', 13, 15),
(283, 283, 'default.png', 6, 15),
(284, 284, 'default.png', 6, 15),
(285, 285, 'default.png', 6, 15),
(286, 286, 'default.png', 6, 15),
(287, 287, 'default.png', 6, 15),
(288, 288, 'default.png', 6, 18),
(289, 289, 'default.png', 6, 18),
(290, 290, 'default.png', 6, 18),
(291, 291, 'default.png', 6, 18),
(292, 292, 'default.png', 6, 18),
(293, 293, 'default.png', 6, 18),
(294, 294, 'default.png', 6, 18),
(295, 295, 'default.png', 2, 18),
(296, 296, 'default.png', 2, 18),
(297, 297, 'default.png', 2, 18),
(298, 298, 'default.png', 2, 18),
(299, 299, 'default.png', 2, 18),
(300, 300, 'default.png', 2, 18),
(301, 301, 'default.png', 2, 18),
(302, 302, 'default.png', 13, 18),
(303, 303, 'default.png', 13, 18),
(304, 304, 'default.png', 13, 18),
(305, 305, 'default.png', 13, 18),
(306, 306, 'default.png', 13, 18),
(307, 307, 'default.png', 13, 18),
(308, 308, 'default.png', 13, 18),
(309, 309, 'default.png', 15, 19),
(310, 310, 'default.png', 15, 19),
(311, 311, 'default.png', 15, 19),
(312, 312, 'default.png', 3, 19),
(313, 313, 'default.png', 3, 19),
(314, 314, 'default.png', 8, 19),
(315, 315, 'default.png', 9, 20),
(316, 316, 'default.png', 9, 20),
(317, 317, 'default.png', 9, 20),
(318, 318, 'default.png', 9, 20),
(319, 319, 'default.png', 6, 20),
(320, 320, 'default.png', 6, 20),
(321, 321, 'default.png', 2, 20),
(322, 322, 'default.png', 8, 20),
(323, 323, 'default.png', 4, 22),
(324, 324, 'default.png', 4, 22),
(325, 325, 'default.png', 4, 23),
(326, 326, 'default.png', 4, 23),
(327, 327, 'default.png', 4, 23),
(328, 328, 'default.png', 8, 23),
(329, 329, 'default.png', 8, 23),
(330, 330, 'default.png', 10, 23),
(331, 331, 'default.png', 10, 23),
(332, 332, 'default.png', 10, 23),
(333, 333, 'default.png', 26, 25),
(334, 334, 'default.png', 26, 25),
(335, 335, 'default.png', 8, 25),
(336, 336, 'default.png', 13, 25),
(337, 337, 'default.png', 13, 26),
(338, 338, 'default.png', 13, 26),
(339, 339, 'default.png', 2, 26),
(340, 340, 'default.png', 2, 26),
(341, 341, 'default.png', 2, 26),
(342, 342, 'default.png', 2, 26),
(343, 343, 'default.png', 8, 26),
(344, 344, 'default.png', 8, 26),
(345, 345, 'default.png', 4, 26),
(346, 346, 'default.png', 4, 26),
(347, 347, 'default.png', 4, 26),
(348, 348, 'default.png', 13, 24),
(349, 349, 'default.png', 13, 24),
(350, 350, 'default.png', 13, 24),
(351, 351, 'default.png', 2, 24),
(352, 352, 'default.png', 2, 24),
(353, 353, 'default.png', 2, 24),
(354, 354, 'default.png', 6, 24),
(355, 355, 'default.png', 8, 24),
(356, 356, 'default.png', 8, 24),
(357, 357, 'default.png', 8, 24),
(358, 358, 'default.png', 10, 24),
(359, 359, 'default.png', 10, 24),
(360, 360, 'default.png', 27, 31),
(361, 361, 'default.png', 27, 31),
(362, 362, 'default.png', 27, 31),
(363, 363, 'default.png', 27, 31),
(364, 364, 'default.png', 27, 31),
(365, 365, 'default.png', 27, 31),
(366, 366, 'default.png', 27, 28),
(367, 367, 'default.png', 27, 28),
(368, 368, 'default.png', 27, 28),
(369, 369, 'default.png', 27, 28),
(370, 370, 'default.png', 27, 28),
(371, 371, 'default.png', 27, 29),
(372, 372, 'default.png', 27, 29),
(373, 373, 'default.png', 27, 29),
(374, 374, 'default.png', 27, 29),
(375, 375, 'default.png', 27, 30),
(376, 376, 'default.png', 27, 30),
(377, 377, 'default.png', 27, 30),
(378, 378, 'default.png', 27, 30),
(379, 379, 'default.png', 27, 31),
(380, 380, 'default.png', 27, 31),
(381, 381, 'default.png', 27, 31),
(382, 382, 'default.png', 27, 31),
(383, 383, 'default.png', 27, 32),
(384, 384, 'default.png', 27, 32),
(385, 385, 'default.png', 27, 32),
(386, 386, 'default.png', 27, 32),
(387, 387, 'default.png', 27, 33),
(388, 388, 'default.png', 27, 33),
(389, 389, 'default.png', 27, 33),
(390, 390, 'default.png', 27, 41),
(391, 391, 'default.png', 27, 41),
(392, 392, 'default.png', 27, 41),
(393, 393, 'default.png', 27, 41),
(394, 394, 'default.png', 27, 42),
(395, 395, 'default.png', 27, 42),
(396, 396, 'default.png', 27, 42),
(397, 397, 'default.png', 27, 42),
(398, 398, 'default.png', 27, 42),
(399, 399, 'default.png', 10, 43),
(400, 400, 'default.png', 10, 43),
(401, 401, 'default.png', 10, 43),
(402, 402, 'default.png', 10, 43),
(403, 403, 'default.png', 10, 43),
(404, 404, 'default.png', 10, 43),
(405, 405, 'default.png', 4, 43),
(406, 406, 'default.png', 4, 43),
(407, 407, 'default.png', 4, 43),
(408, 408, 'default.png', 23, 43),
(409, 409, 'default.png', 23, 43),
(410, 410, 'default.png', 23, 43),
(411, 411, 'default.png', 23, 43),
(412, 412, 'default.png', 23, 43),
(413, 413, 'default.png', 2, 43),
(414, 414, 'default.png', 2, 43),
(415, 415, 'default.png', 2, 43),
(416, 416, 'default.png', 2, 43),
(417, 417, 'default.png', 2, 43),
(418, 418, 'default.png', 8, 43),
(419, 419, 'default.png', 8, 43),
(420, 420, 'default.png', 8, 43),
(421, 421, 'default.png', 8, 43),
(422, 422, 'default.png', 8, 43),
(423, 423, 'default.png', 13, 43),
(424, 424, 'default.png', 13, 43),
(425, 425, 'default.png', 13, 43),
(426, 426, 'default.png', 13, 43),
(427, 427, 'default.png', 13, 43),
(428, 428, 'default.png', 13, 43),
(429, 429, 'default.png', 13, 43),
(430, 430, 'default.png', 6, 43),
(431, 431, 'default.png', 6, 43),
(432, 432, 'default.png', 6, 43),
(433, 433, 'default.png', 6, 43),
(434, 434, 'default.png', 30, 43),
(435, 435, 'default.png', 29, 43),
(436, 436, 'default.png', 29, 43),
(437, 437, 'default.png', 29, 43),
(438, 438, 'default.png', 23, 43),
(439, 439, 'default.png', 23, 43),
(440, 440, 'default.png', 23, 43),
(441, 441, 'default.png', 23, 43),
(442, 442, 'default.png', 2, 43),
(443, 443, 'default.png', 2, 43),
(444, 444, 'default.png', 2, 43),
(445, 445, 'default.png', 2, 43),
(446, 446, 'default.png', 2, 43),
(447, 447, 'default.png', 2, 43),
(448, 448, 'default.png', 8, 43),
(449, 449, 'default.png', 8, 43),
(450, 450, 'default.png', 8, 43),
(451, 451, 'default.png', 8, 43),
(452, 452, 'default.png', 13, 43),
(453, 453, 'default.png', 13, 43),
(454, 454, 'default.png', 13, 43),
(455, 455, 'default.png', 13, 43),
(456, 456, 'default.png', 13, 43),
(457, 457, 'default.png', 10, 43),
(458, 458, 'default.png', 10, 43),
(459, 459, 'default.png', 10, 43),
(460, 460, 'default.png', 10, 43),
(461, 461, 'default.png', 10, 43),
(462, 462, 'default.png', 4, 43),
(463, 463, 'default.png', 4, 43),
(464, 464, 'default.png', 4, 43),
(465, 465, 'default.png', 4, 43),
(466, 466, 'default.png', 4, 43),
(467, 467, 'default.png', 4, 43),
(468, 468, 'default.png', 6, 43),
(469, 469, 'default.png', 6, 43),
(470, 470, 'default.png', 6, 43),
(471, 471, 'default.png', 29, 43),
(472, 472, 'default.png', 10, 45),
(473, 473, 'default.png', 9, 45),
(474, 474, 'default.png', 9, 45),
(475, 475, 'default.png', 8, 45),
(476, 476, 'default.png', 8, 45),
(477, 477, 'default.png', 8, 45),
(478, 478, 'default.png', 8, 45),
(479, 479, 'default.png', 6, 45),
(480, 480, 'default.png', 6, 45),
(481, 481, 'default.png', 2, 10),
(482, 482, 'default.png', 13, 43),
(483, 483, 'default.png', 10, 1),
(484, 484, 'default.png', 27, 47),
(485, 485, 'default.png', 27, 48),
(486, 486, 'default.png', 27, 49),
(487, 487, 'default.png', 27, 50),
(488, 488, 'default.png', 27, 51),
(489, 489, 'default.png', 4, 52),
(490, 490, 'default.png', 10, 7),
(491, 491, 'default.png', 6, 7),
(492, 492, 'default.png', 23, 54),
(493, 493, 'default.png', 23, 54),
(494, 494, 'default.png', 3, 54),
(495, 495, 'default.png', 8, 56),
(496, 496, 'default.png', 27, 57),
(497, 497, 'default.png', 27, 52),
(498, 498, 'default.png', 27, 52),
(499, 499, 'default.png', 27, 58),
(500, 500, 'default.png', 4, 59),
(501, 501, 'default.png', 8, 60),
(502, 502, 'default.png', 8, 47),
(503, 503, 'default.png', 27, 61),
(504, 504, 'default.png', 27, 56),
(505, 505, 'default.png', 27, 62),
(506, 506, 'default.png', 23, 54),
(507, 507, 'default.png', 8, 44),
(508, 508, 'default.png', 27, 52),
(509, 509, 'default.png', 10, 1),
(510, 510, 'default.png', 10, 1),
(511, 511, 'default.png', 10, 1),
(512, 512, 'default.png', 10, 1),
(513, 513, 'default.png', 10, 1),
(514, 514, 'default.png', 10, 1),
(515, 515, 'default.png', 6, 1),
(516, 516, 'default.png', 6, 1),
(517, 517, 'default.png', 6, 1),
(518, 518, 'default.png', 6, 1),
(519, 519, 'default.png', 13, 1),
(520, 520, 'default.png', 13, 1),
(521, 521, 'default.png', 10, 11),
(522, 522, 'default.png', 10, 11),
(523, 523, 'default.png', 10, 11),
(524, 524, 'default.png', 10, 11),
(525, 525, 'default.png', 26, 11),
(526, 526, 'default.png', 26, 11),
(527, 527, 'default.png', 26, 11),
(528, 528, 'default.png', 9, 11),
(529, 529, 'default.png', 9, 11),
(530, 530, 'default.png', 9, 11),
(531, 531, 'default.png', 9, 11),
(532, 532, 'default.png', 9, 11),
(533, 533, 'default.png', 9, 11),
(534, 534, 'default.png', 2, 11),
(535, 535, 'default.png', 2, 11),
(536, 536, 'default.png', 2, 11),
(537, 537, 'default.png', 2, 11),
(538, 538, 'default.png', 2, 11),
(539, 539, 'default.png', 2, 72),
(540, 540, 'default.png', 2, 72),
(541, 541, 'default.png', 2, 72),
(542, 542, 'default.png', 2, 72),
(543, 543, 'default.png', 2, 72),
(544, 544, 'default.png', 2, 72),
(545, 545, 'default.png', 2, 72),
(546, 546, 'default.png', 13, 72),
(547, 547, 'default.png', 13, 72),
(548, 548, 'default.png', 13, 72),
(549, 549, 'default.png', 13, 72),
(550, 550, 'default.png', 13, 72),
(551, 551, 'default.png', 13, 72),
(552, 552, 'default.png', 8, 72),
(553, 553, 'default.png', 9, 39),
(554, 554, 'default.png', 9, 39),
(555, 555, 'default.png', 6, 39),
(556, 556, 'default.png', 6, 39),
(557, 557, 'default.png', 2, 39),
(558, 558, 'default.png', 27, 73),
(559, 559, 'default.png', 27, 73),
(560, 560, 'default.png', 2, 74),
(561, 561, 'default.png', 10, 74),
(562, 562, 'default.png', 3, 75),
(563, 563, 'default.png', 3, 75),
(564, 564, 'default.png', 3, 75),
(565, 565, 'default.png', 2, 75),
(566, 566, 'default.png', 2, 75),
(567, 567, 'default.png', 2, 75),
(568, 568, 'default.png', 3, 76),
(569, 569, 'default.png', 27, 77),
(570, 570, 'default.png', 27, 78),
(571, 571, 'default.png', 27, 79),
(572, 572, 'default.png', 4, 79),
(573, 573, 'default.png', 4, 79),
(574, 574, 'default.png', 4, 79),
(575, 575, 'default.png', 4, 79),
(576, 576, 'default.png', 4, 79),
(577, 577, 'default.png', 13, 79),
(578, 578, 'default.png', 13, 79),
(579, 579, 'default.png', 13, 79),
(580, 580, 'default.png', 13, 79),
(581, 581, 'default.png', 2, 79),
(582, 582, 'default.png', 2, 79),
(583, 583, 'default.png', 2, 79),
(584, 584, 'default.png', 2, 79),
(585, 585, 'default.png', 8, 79),
(586, 586, 'default.png', 8, 79),
(587, 587, 'default.png', 8, 79),
(588, 588, 'default.png', 10, 79),
(589, 589, 'default.png', 10, 79),
(590, 590, 'default.png', 10, 79),
(591, 591, 'default.png', 10, 79),
(592, 592, 'default.png', 27, 80),
(593, 593, 'default.png', 27, 81),
(594, 594, 'default.png', 2, 82),
(595, 595, 'default.png', 4, 82),
(596, 596, 'default.png', 10, 82),
(597, 597, 'default.png', 27, 21),
(598, 598, 'default.png', 27, 21),
(599, 599, 'default.png', 27, 21),
(600, 600, 'default.png', 27, 21),
(601, 601, 'default.png', 10, 34),
(602, 602, 'default.png', 10, 34),
(603, 603, 'default.png', 10, 34),
(604, 604, 'default.png', 27, 83),
(605, 605, 'default.png', 27, 83),
(606, 606, 'default.png', 27, 36),
(607, 607, 'default.png', 27, 37),
(608, 608, 'default.png', 27, 38),
(609, 609, 'default.png', 27, 68),
(610, 610, 'default.png', 27, 69),
(611, 611, 'default.png', 27, 70),
(612, 612, 'default.png', 27, 71),
(613, 613, 'default.png', 27, 84),
(614, 614, 'default.png', 27, 85),
(615, 615, 'default.png', 27, 86),
(616, 616, 'default.png', 27, 87),
(617, 617, 'default.png', 27, 88),
(618, 618, 'default.png', 27, 90),
(619, 619, 'default.png', 27, 91),
(620, 620, 'default.png', 27, 92),
(621, 621, 'default.png', 23, 54),
(622, 622, 'default.png', 10, 43),
(623, 623, 'default.png', 10, 43),
(624, 624, 'default.png', 10, 43),
(625, 625, 'default.png', 10, 43),
(626, 626, 'default.png', 13, 43),
(627, 627, 'default.png', 13, 43),
(628, 628, 'default.png', 13, 43),
(629, 629, 'default.png', 13, 43),
(630, 630, 'default.png', 13, 43),
(631, 631, 'default.png', 13, 43),
(632, 632, 'default.png', 13, 43),
(633, 633, 'default.png', 13, 43),
(634, 634, 'default.png', 13, 43),
(635, 635, 'default.png', 2, 43),
(636, 636, 'default.png', 2, 43),
(637, 637, 'default.png', 2, 43),
(638, 638, 'default.png', 2, 43),
(639, 639, 'default.png', 2, 43),
(640, 640, 'default.png', 2, 43),
(641, 641, 'default.png', 2, 43),
(642, 642, 'default.png', 2, 43),
(643, 643, 'default.png', 4, 43),
(644, 644, 'default.png', 4, 43),
(645, 645, 'default.png', 4, 43),
(646, 646, 'default.png', 4, 43),
(647, 647, 'default.png', 8, 43),
(648, 648, 'default.png', 8, 43),
(649, 649, 'default.png', 8, 43),
(650, 650, 'default.png', 8, 43),
(651, 651, 'default.png', 8, 43),
(652, 652, 'default.png', 6, 43),
(653, 653, 'default.png', 6, 43),
(654, 654, 'default.png', 6, 43),
(655, 655, 'default.png', 23, 43),
(656, 656, 'default.png', 23, 43),
(657, 657, 'default.png', 23, 43),
(658, 658, 'default.png', 23, 43),
(659, 659, 'default.png', 23, 43),
(660, 660, 'default.png', 23, 43),
(661, 661, 'default.png', 23, 43),
(662, 662, 'default.png', 29, 43),
(663, 663, 'default.png', 29, 43),
(664, 664, 'default.png', 29, 43),
(665, 665, 'default.png', 29, 43),
(666, 666, 'default.png', 29, 43),
(667, 667, 'default.png', 29, 43),
(668, 668, 'default.png', 29, 43),
(669, 669, 'default.png', 29, 43),
(670, 670, 'default.png', 30, 43),
(671, 671, 'default.png', 30, 43),
(672, 672, 'default.png', 30, 43),
(673, 673, 'default.png', 30, 43),
(674, 674, 'default.png', 9, 43),
(675, 675, 'default.png', 9, 43),
(676, 676, 'default.png', 10, 43),
(677, 677, 'default.png', 10, 43),
(678, 678, 'default.png', 10, 43),
(679, 679, 'default.png', 10, 43),
(680, 680, 'default.png', 4, 44),
(681, 681, 'default.png', 4, 44),
(682, 682, 'default.png', 4, 44),
(683, 683, 'default.png', 4, 44),
(684, 684, 'default.png', 4, 44),
(685, 685, 'default.png', 8, 44),
(686, 686, 'default.png', 8, 44),
(687, 687, 'default.png', 8, 44),
(688, 688, 'default.png', 6, 44),
(689, 689, 'default.png', 6, 44),
(690, 690, 'default.png', 6, 44),
(691, 691, 'default.png', 6, 44),
(692, 692, 'default.png', 6, 44),
(693, 693, 'default.png', 6, 44),
(694, 694, 'default.png', 29, 44),
(695, 695, 'default.png', 30, 44),
(696, 696, 'default.png', 30, 44),
(697, 697, 'default.png', 30, 44),
(698, 698, 'default.png', 30, 44),
(699, 699, 'default.png', 30, 44),
(700, 700, 'default.png', 4, 44),
(701, 701, 'default.png', 4, 44),
(702, 702, 'default.png', 4, 44),
(703, 703, 'default.png', 4, 44),
(704, 704, 'default.png', 8, 44),
(705, 705, 'default.png', 8, 44),
(706, 706, 'default.png', 8, 44),
(707, 707, 'default.png', 8, 44),
(708, 708, 'default.png', 8, 44),
(709, 709, 'default.png', 8, 44),
(710, 710, 'default.png', 6, 44),
(711, 711, 'default.png', 6, 44),
(712, 712, 'default.png', 6, 44),
(713, 713, 'default.png', 29, 44),
(714, 714, 'default.png', 29, 44),
(715, 715, 'default.png', 29, 44),
(716, 716, 'default.png', 29, 44),
(717, 717, 'default.png', 29, 44),
(718, 718, 'default.png', 29, 44),
(719, 719, 'default.png', 29, 44),
(720, 720, 'default.png', 30, 44),
(721, 721, 'default.png', 30, 44),
(722, 722, 'default.png', 30, 44),
(723, 723, 'default.png', 30, 44),
(724, 724, 'default.png', 8, 45),
(725, 725, 'default.png', 8, 45),
(726, 726, 'default.png', 8, 45),
(727, 727, 'default.png', 8, 45),
(728, 728, 'default.png', 8, 45),
(729, 729, 'default.png', 8, 45),
(730, 730, 'default.png', 6, 45),
(731, 731, 'default.png', 6, 45),
(732, 732, 'default.png', 6, 45),
(733, 733, 'default.png', 6, 45),
(734, 734, 'default.png', 6, 45),
(735, 735, 'default.png', 6, 45),
(736, 736, 'default.png', 6, 45),
(737, 737, 'default.png', 6, 45),
(738, 738, 'default.png', 10, 46),
(739, 739, 'default.png', 10, 46),
(740, 740, 'default.png', 10, 46),
(741, 741, 'default.png', 10, 46),
(742, 742, 'default.png', 10, 46),
(743, 743, 'default.png', 10, 46),
(744, 744, 'default.png', 6, 46),
(745, 745, 'default.png', 6, 46),
(746, 746, 'default.png', 6, 46),
(747, 747, 'default.png', 6, 46),
(748, 748, 'default.png', 10, 46),
(749, 749, 'default.png', 10, 46),
(750, 750, 'default.png', 10, 46),
(751, 751, 'default.png', 3, 46),
(752, 752, 'default.png', 3, 46),
(753, 753, 'default.png', 3, 46),
(754, 754, 'default.png', 3, 46),
(755, 755, 'default.png', 3, 46),
(756, 756, 'default.png', 3, 46),
(757, 757, 'default.png', 3, 46),
(758, 758, 'default.png', 3, 46),
(759, 759, 'default.png', 23, 46),
(760, 760, 'default.png', 23, 46),
(761, 761, 'default.png', 23, 46),
(762, 762, 'default.png', 23, 46),
(763, 763, 'default.png', 23, 46),
(764, 764, 'default.png', 23, 46),
(765, 765, 'default.png', 23, 46),
(766, 766, 'default.png', 23, 46),
(767, 767, 'default.png', 22, 46),
(768, 768, 'default.png', 22, 46),
(769, 769, 'default.png', 22, 46),
(770, 770, 'default.png', 22, 46),
(771, 771, 'default.png', 22, 46),
(772, 772, 'default.png', 22, 46),
(773, 773, 'default.png', 22, 46),
(774, 774, 'default.png', 8, 46),
(775, 775, 'default.png', 8, 46),
(776, 776, 'default.png', 8, 46),
(777, 777, 'default.png', 8, 46),
(778, 778, 'default.png', 8, 46),
(779, 779, 'default.png', 8, 46),
(780, 780, 'default.png', 8, 46),
(781, 781, 'default.png', 8, 46),
(782, 782, 'default.png', 18, 46),
(783, 783, 'default.png', 18, 46),
(784, 784, 'default.png', 18, 46),
(785, 785, 'default.png', 18, 46),
(786, 786, 'default.png', 18, 46),
(787, 787, 'default.png', 3, 93),
(788, 788, 'default.png', 3, 93),
(789, 789, 'default.png', 3, 93),
(790, 790, 'default.png', 3, 93),
(791, 791, 'default.png', 3, 93),
(792, 792, 'default.png', 3, 93),
(793, 793, 'default.png', 23, 93),
(794, 794, 'default.png', 23, 93),
(795, 795, 'default.png', 23, 93),
(796, 796, 'default.png', 23, 93),
(797, 797, 'default.png', 23, 93),
(798, 798, 'default.png', 23, 93),
(799, 799, 'default.png', 23, 93),
(800, 800, 'default.png', 22, 93),
(801, 801, 'default.png', 22, 93),
(802, 802, 'default.png', 22, 93),
(803, 803, 'default.png', 22, 93),
(804, 804, 'default.png', 22, 93),
(805, 805, 'default.png', 22, 93),
(806, 806, 'default.png', 8, 93),
(807, 807, 'default.png', 8, 93),
(808, 808, 'default.png', 8, 93),
(809, 809, 'default.png', 8, 93),
(810, 810, 'default.png', 8, 93),
(811, 811, 'default.png', 8, 93),
(812, 812, 'default.png', 8, 93),
(813, 813, 'default.png', 25, 93),
(814, 814, 'default.png', 25, 93),
(815, 815, 'default.png', 25, 93),
(816, 816, 'default.png', 25, 93),
(817, 817, 'default.png', 25, 93),
(818, 818, 'default.png', 19, 93),
(819, 819, 'default.png', 19, 93),
(820, 820, 'default.png', 19, 93),
(821, 821, 'default.png', 19, 93),
(822, 822, 'default.png', 19, 93),
(823, 823, 'default.png', 13, 93),
(824, 824, 'default.png', 13, 93),
(825, 825, 'default.png', 13, 93),
(826, 826, 'default.png', 13, 93),
(827, 827, 'default.png', 13, 93),
(828, 828, 'default.png', 4, 93),
(829, 829, 'default.png', 9, 93),
(830, 830, 'default.png', 9, 93),
(831, 831, 'default.png', 2, 93),
(832, 832, 'default.png', 6, 93),
(833, 833, 'default.png', 6, 93),
(834, 834, 'default.png', 6, 93),
(835, 835, 'default.png', 22, 94),
(836, 836, 'default.png', 22, 94),
(837, 837, 'default.png', 22, 94),
(838, 838, 'default.png', 22, 94),
(839, 839, 'default.png', 15, 94),
(840, 840, 'default.png', 2, 94),
(841, 841, 'default.png', 8, 94),
(842, 842, 'default.png', 8, 94),
(843, 843, 'default.png', 8, 94),
(844, 844, 'default.png', 8, 94),
(845, 845, 'default.png', 23, 94),
(846, 846, 'default.png', 3, 94),
(847, 847, 'default.png', 27, 248),
(848, 848, 'default.png', 27, 248),
(849, 849, 'default.png', 27, 248),
(850, 850, 'default.png', 27, 248),
(851, 851, 'default.png', 27, 248),
(852, 852, 'default.png', 27, 248),
(853, 853, 'default.png', 27, 248),
(854, 854, 'default.png', 27, 248),
(855, 855, 'default.png', 27, 248),
(856, 856, 'default.png', 27, 248),
(857, 857, 'default.png', 27, 248),
(858, 858, 'default.png', 27, 248),
(859, 859, 'default.png', 27, 248),
(860, 860, 'default.png', 27, 248),
(861, 861, 'default.png', 27, 248),
(862, 862, 'default.png', 27, 248),
(863, 863, 'default.png', 27, 248),
(864, 864, 'default.png', 27, 248),
(865, 865, 'default.png', 27, 248),
(866, 866, 'default.png', 27, 248),
(867, 867, 'default.png', 27, 248),
(868, 869, 'default.png', 27, 248),
(869, 868, 'default.png', 27, 248),
(870, 870, 'default.png', 27, 248),
(871, 871, 'default.png', 27, 248),
(872, 873, 'default.png', 27, 248),
(873, 872, 'default.png', 27, 248),
(874, 874, 'default.png', 27, 248),
(875, 875, 'default.png', 10, 15),
(876, 876, 'default.png', 27, 96),
(877, 877, 'default.png', 27, 97),
(878, 878, 'default.png', 27, 98),
(879, 879, 'default.png', 27, 99),
(880, 880, 'default.png', 27, 100),
(881, 881, 'default.png', 27, 100),
(882, 882, 'default.png', 27, 102),
(883, 883, 'default.png', 27, 103),
(884, 884, 'default.png', 27, 103),
(885, 885, 'default.png', 27, 104),
(886, 886, 'default.png', 27, 105),
(887, 887, 'default.png', 27, 105),
(888, 888, 'default.png', 27, 107),
(889, 889, 'default.png', 27, 108),
(890, 890, 'default.png', 27, 109),
(891, 891, 'default.png', 27, 110),
(892, 892, 'default.png', 27, 111),
(893, 893, 'default.png', 27, 112),
(894, 894, 'default.png', 27, 113),
(895, 895, 'default.png', 27, 114),
(896, 896, 'default.png', 27, 115),
(897, 897, 'default.png', 27, 116),
(898, 898, 'default.png', 27, 117),
(899, 899, 'default.png', 27, 119),
(900, 900, 'default.png', 27, 119),
(901, 901, 'default.png', 27, 120),
(902, 902, 'default.png', 27, 121),
(903, 903, 'default.png', 27, 50),
(904, 904, 'default.png', 27, 51),
(905, 905, 'default.png', 27, 122),
(906, 906, 'default.png', 27, 123),
(907, 907, 'default.png', 27, 124),
(908, 908, 'default.png', 27, 125),
(909, 909, 'default.png', 27, 126),
(910, 910, 'default.png', 27, 127),
(911, 911, 'default.png', 27, 128),
(912, 912, 'default.png', 27, 129),
(913, 913, 'default.png', 27, 130),
(914, 914, 'default.png', 19, 131),
(915, 915, 'default.png', 19, 131),
(916, 916, 'default.png', 19, 131),
(917, 917, 'default.png', 3, 131),
(918, 918, 'default.png', 3, 131),
(919, 919, 'default.png', 3, 131),
(920, 920, 'default.png', 2, 131),
(921, 921, 'default.png', 2, 131),
(922, 922, 'default.png', 2, 131),
(923, 923, 'default.png', 2, 132),
(924, 924, 'default.png', 2, 132),
(925, 925, 'default.png', 2, 132),
(926, 926, 'default.png', 8, 132),
(927, 927, 'default.png', 8, 132),
(928, 928, 'default.png', 19, 132),
(929, 929, 'default.png', 19, 132),
(930, 930, 'default.png', 19, 132),
(931, 931, 'default.png', 27, 133),
(932, 932, 'default.png', 27, 133),
(933, 933, 'default.png', 2, 62),
(934, 934, 'default.png', 2, 62),
(935, 935, 'default.png', 2, 62),
(936, 936, 'default.png', 8, 62),
(937, 937, 'default.png', 8, 62),
(938, 938, 'default.png', 8, 62),
(939, 939, 'default.png', 8, 63),
(940, 940, 'default.png', 8, 63),
(941, 941, 'default.png', 8, 63),
(942, 942, 'default.png', 2, 63),
(943, 943, 'default.png', 2, 63),
(944, 944, 'default.png', 2, 63),
(945, 945, 'default.png', 27, 136),
(946, 946, 'default.png', 27, 137),
(947, 947, 'default.png', 27, 138),
(948, 948, 'default.png', 27, 139),
(949, 949, 'default.png', 27, 140),
(950, 950, 'default.png', 27, 141),
(951, 951, 'default.png', 27, 142),
(952, 952, 'default.png', 27, 143),
(953, 953, 'default.png', 27, 61),
(954, 954, 'default.png', 27, 64),
(955, 955, 'default.png', 27, 65),
(956, 956, 'default.png', 27, 66),
(957, 957, 'default.png', 27, 67),
(958, 958, 'default.png', 27, 145),
(959, 959, 'default.png', 27, 144),
(960, 960, 'default.png', 27, 146),
(961, 961, 'default.png', 27, 147),
(962, 962, 'default.png', 27, 148),
(963, 963, 'default.png', 27, 149),
(964, 964, 'default.png', 27, 150),
(965, 965, 'default.png', 27, 151),
(966, 966, 'default.png', 27, 152),
(967, 967, 'default.png', 27, 153),
(968, 968, 'default.png', 27, 155),
(969, 969, 'default.png', 27, 156),
(970, 970, 'default.png', 27, 171),
(971, 971, 'default.png', 27, 158),
(972, 972, 'default.png', 27, 159),
(973, 973, 'default.png', 27, 160),
(974, 974, 'default.png', 27, 161),
(975, 975, 'default.png', 27, 162),
(976, 976, 'default.png', 27, 163),
(977, 977, 'default.png', 27, 164),
(978, 978, 'default.png', 27, 165),
(979, 979, 'default.png', 27, 167),
(980, 980, 'default.png', 27, 168),
(981, 981, 'default.png', 27, 169),
(982, 982, 'default.png', 27, 169),
(983, 983, 'default.png', 27, 170),
(984, 984, 'default.png', 27, 171),
(985, 985, 'default.png', 27, 173),
(986, 986, 'default.png', 27, 173),
(987, 987, 'default.png', 27, 174),
(988, 988, 'default.png', 27, 175),
(989, 989, 'default.png', 27, 176),
(990, 990, 'default.png', 27, 177),
(991, 991, 'default.png', 27, 178),
(992, 992, 'default.png', 27, 179),
(993, 993, 'default.png', 27, 180),
(994, 994, 'default.png', 27, 181),
(995, 995, 'default.png', 27, 182),
(996, 996, 'default.png', 27, 183),
(997, 997, 'default.png', 27, 184),
(998, 998, 'default.png', 27, 185),
(999, 999, 'default.png', 27, 186),
(1000, 1000, 'default.png', 27, 187),
(1001, 1001, 'default.png', 27, 188),
(1002, 1002, 'default.png', 27, 189),
(1003, 1003, 'default.png', 27, 190),
(1004, 1004, 'default.png', 27, 191),
(1005, 1005, 'default.png', 27, 249),
(1006, 1006, 'default.png', 27, 192),
(1007, 1007, 'default.png', 27, 193),
(1008, 1008, 'default.png', 27, 194),
(1009, 1009, 'default.png', 27, 195),
(1010, 1010, 'default.png', 27, 196),
(1011, 1011, 'default.png', 27, 197),
(1012, 1012, 'default.png', 27, 198),
(1013, 1013, 'default.png', 27, 199),
(1014, 1014, 'default.png', 27, 200),
(1015, 1015, 'default.png', 27, 201),
(1016, 1016, 'default.png', 27, 202),
(1017, 1017, 'default.png', 27, 203),
(1018, 1018, 'default.png', 27, 205),
(1019, 1019, 'default.png', 27, 204),
(1020, 1020, 'default.png', 27, 204),
(1021, 1021, 'default.png', 27, 203),
(1022, 1022, 'default.png', 27, 203),
(1023, 1023, 'default.png', 27, 207),
(1024, 1024, 'default.png', 27, 208),
(1025, 1025, 'default.png', 27, 209),
(1026, 1026, 'default.png', 27, 47),
(1027, 1027, 'default.png', 27, 47),
(1028, 1028, 'default.png', 27, 47),
(1029, 1029, 'default.png', 27, 47),
(1030, 1030, 'default.png', 27, 47),
(1031, 1031, 'default.png', 27, 47),
(1032, 1032, 'default.png', 27, 47),
(1033, 1033, 'default.png', 27, 250),
(1034, 1034, 'default.png', 27, 250),
(1035, 1035, 'default.png', 27, 250),
(1036, 1036, 'default.png', 27, 250),
(1037, 1037, 'default.png', 27, 250),
(1038, 1038, 'default.png', 27, 250),
(1039, 1039, 'default.png', 27, 251),
(1040, 1040, 'default.png', 27, 251),
(1041, 1041, 'default.png', 27, 251),
(1042, 1042, 'default.png', 27, 251),
(1043, 1043, 'default.png', 27, 251),
(1044, 1044, 'default.png', 27, 253),
(1045, 1045, 'default.png', 27, 253),
(1046, 1046, 'default.png', 27, 253),
(1047, 1047, 'default.png', 27, 253),
(1048, 1048, 'default.png', 27, 253),
(1049, 1049, 'default.png', 27, 253),
(1050, 1050, 'default.png', 27, 255),
(1051, 1051, 'default.png', 27, 255),
(1052, 1052, 'default.png', 27, 255),
(1053, 1053, 'default.png', 27, 255),
(1054, 1054, 'default.png', 27, 255),
(1055, 1055, 'default.png', 27, 255),
(1056, 1056, 'default.png', 27, 257),
(1057, 1057, 'default.png', 27, 257),
(1058, 1058, 'default.png', 27, 257),
(1059, 1059, 'default.png', 27, 257),
(1060, 1060, 'default.png', 27, 257),
(1061, 1061, 'default.png', 27, 257),
(1062, 1062, 'default.png', 27, 257),
(1063, 1063, 'default.png', 27, 261),
(1064, 1064, 'default.png', 27, 261),
(1065, 1065, 'default.png', 27, 261),
(1066, 1066, 'default.png', 27, 261),
(1067, 1067, 'default.png', 27, 261),
(1068, 1068, 'default.png', 27, 261),
(1069, 1069, 'default.png', 27, 261),
(1070, 1070, 'default.png', 27, 261),
(1071, 1071, 'default.png', 27, 52),
(1072, 1072, 'default.png', 27, 52),
(1073, 1073, 'default.png', 27, 52),
(1074, 1074, 'default.png', 27, 52),
(1075, 1075, 'default.png', 27, 52),
(1076, 1076, 'default.png', 27, 52),
(1077, 1077, 'default.png', 27, 60),
(1078, 1078, 'default.png', 27, 60),
(1079, 1079, 'default.png', 27, 60),
(1080, 1080, 'default.png', 27, 60),
(1081, 1081, 'default.png', 27, 60),
(1082, 1082, 'default.png', 27, 60),
(1083, 1083, 'default.png', 27, 60),
(1084, 1084, 'default.png', 27, 260),
(1085, 1085, 'default.png', 27, 260),
(1086, 1086, 'default.png', 27, 260),
(1087, 1087, 'default.png', 27, 260),
(1088, 1088, 'default.png', 27, 260),
(1089, 1089, 'default.png', 27, 260),
(1090, 1090, 'default.png', 27, 260),
(1091, 1091, 'default.png', 27, 259),
(1092, 1092, 'default.png', 27, 259),
(1093, 1093, 'default.png', 27, 259),
(1094, 1094, 'default.png', 27, 259),
(1095, 1095, 'default.png', 27, 259),
(1096, 1096, 'default.png', 27, 259),
(1097, 1097, 'default.png', 27, 259),
(1098, 1098, 'default.png', 27, 262),
(1099, 1099, 'default.png', 27, 262),
(1100, 1100, 'default.png', 27, 262),
(1101, 1101, 'default.png', 27, 262),
(1102, 1102, 'default.png', 27, 262),
(1103, 1103, 'default.png', 27, 262),
(1104, 1104, 'default.png', 27, 263),
(1105, 1105, 'default.png', 27, 263),
(1106, 1106, 'default.png', 27, 263),
(1107, 1107, 'default.png', 27, 263),
(1108, 1108, 'default.png', 27, 263),
(1109, 1109, 'default.png', 27, 263),
(1110, 1110, 'default.png', 27, 263),
(1111, 1111, 'default.png', 27, 264),
(1112, 1112, 'default.png', 27, 264),
(1113, 1113, 'default.png', 27, 264),
(1114, 1114, 'default.png', 27, 264),
(1115, 1115, 'default.png', 27, 264),
(1116, 1116, 'default.png', 27, 264),
(1117, 1117, 'default.png', 27, 264),
(1118, 1118, 'default.png', 2, 10),
(1119, 1119, 'default.png', 2, 10),
(1120, 1120, 'default.png', 2, 10),
(1121, 1121, 'default.png', 2, 10),
(1122, 1122, 'default.png', 2, 10),
(1123, 1123, 'default.png', 2, 10),
(1124, 1124, 'default.png', 27, 265),
(1125, 1125, 'default.png', 27, 210),
(1126, 1126, 'default.png', 27, 213),
(1127, 1127, 'default.png', 27, 216),
(1128, 1128, 'default.png', 27, 215),
(1129, 1129, 'default.png', 27, 27),
(1130, 1130, 'default.png', 27, 27),
(1131, 1131, 'default.png', 27, 27),
(1132, 1132, 'default.png', 27, 27),
(1133, 1133, 'default.png', 27, 27),
(1134, 1134, 'default.png', 27, 27),
(1135, 1135, 'default.png', 27, 29),
(1136, 1136, 'default.png', 27, 29),
(1137, 1137, 'default.png', 27, 29),
(1138, 1138, 'default.png', 27, 32),
(1139, 1139, 'default.png', 27, 32),
(1140, 1140, 'default.png', 27, 32),
(1141, 1141, 'default.png', 27, 32),
(1142, 1142, 'default.png', 27, 32),
(1143, 1143, 'default.png', 27, 30),
(1144, 1144, 'default.png', 27, 30),
(1145, 1145, 'default.png', 27, 30),
(1146, 1146, 'default.png', 27, 30),
(1147, 1147, 'default.png', 27, 109),
(1148, 1148, 'default.png', 27, 110),
(1149, 1149, 'default.png', 27, 111),
(1150, 1150, 'default.png', 27, 266),
(1151, 1151, 'default.png', 27, 115),
(1152, 1152, 'default.png', 27, 115),
(1153, 1153, 'default.png', 27, 268),
(1154, 1154, 'default.png', 27, 120),
(1155, 1155, 'default.png', 27, 116),
(1156, 1156, 'default.png', 27, 270),
(1157, 1157, 'default.png', 27, 273),
(1158, 1158, 'default.png', 27, 150),
(1159, 1159, 'default.png', 27, 147),
(1160, 1160, 'default.png', 27, 146),
(1161, 1161, 'default.png', 27, 274),
(1162, 1162, 'default.png', 19, 131),
(1163, 1163, 'default.png', 19, 131),
(1164, 1164, 'default.png', 19, 131),
(1165, 1165, 'default.png', 2, 131),
(1166, 1166, 'default.png', 2, 131),
(1167, 1167, 'default.png', 2, 131),
(1168, 1168, 'default.png', 2, 132),
(1169, 1169, 'default.png', 2, 132),
(1170, 1170, 'default.png', 19, 132),
(1171, 1171, 'default.png', 8, 132),
(1172, 1172, 'default.png', 8, 132),
(1173, 1173, 'default.png', 2, 132),
(1174, 1174, 'default.png', 2, 62),
(1175, 1175, 'default.png', 2, 62),
(1176, 1176, 'default.png', 2, 62),
(1177, 1177, 'default.png', 8, 62),
(1178, 1178, 'default.png', 8, 62),
(1179, 1179, 'default.png', 8, 62),
(1180, 1180, 'default.png', 2, 63),
(1181, 1181, 'default.png', 2, 63),
(1182, 1182, 'default.png', 2, 63),
(1183, 1183, 'default.png', 8, 63),
(1184, 1184, 'default.png', 8, 63),
(1185, 1185, 'default.png', 8, 63),
(1186, 1186, 'default.png', 27, 127),
(1187, 1187, 'default.png', 27, 129),
(1188, 1188, 'default.png', 27, 129),
(1189, 1189, 'default.png', 27, 137),
(1190, 1190, 'default.png', 27, 61),
(1191, 1191, 'default.png', 27, 161),
(1192, 1192, 'default.png', 27, 275),
(1193, 1193, 'default.png', 27, 123),
(1194, 1194, 'default.png', 27, 50),
(1195, 1195, 'default.png', 27, 51),
(1196, 1196, 'default.png', 27, 122),
(1197, 1197, 'default.png', 27, 276),
(1198, 1198, 'default.png', 27, 277),
(1199, 1199, 'default.png', 27, 69),
(1200, 1200, 'default.png', 27, 103),
(1201, 1201, 'default.png', 27, 278),
(1202, 1202, 'default.png', 27, 279),
(1203, 1203, 'default.png', 27, 280),
(1204, 1204, 'default.png', 27, 281),
(1205, 1205, 'default.png', 27, 102),
(1206, 1206, 'default.png', 27, 282),
(1207, 1207, 'default.png', 27, 104),
(1208, 1208, 'default.png', 27, 151),
(1209, 1209, 'default.png', 22, 55),
(1210, 1210, 'default.png', 22, 55),
(1211, 1211, 'default.png', 22, 55),
(1212, 1212, 'default.png', 25, 55),
(1213, 1213, 'default.png', 13, 55),
(1214, 1214, 'default.png', 13, 55),
(1215, 1215, 'default.png', 3, 55),
(1216, 1216, 'default.png', 3, 55),
(1217, 1217, 'default.png', 3, 55),
(1218, 1218, 'default.png', 3, 55),
(1219, 1219, 'default.png', 23, 55),
(1220, 1220, 'default.png', 23, 55),
(1221, 1221, 'default.png', 8, 55),
(1222, 1222, 'default.png', 8, 55),
(1223, 1223, 'default.png', 8, 55),
(1224, 1224, 'default.png', 9, 55),
(1225, 1225, 'default.png', 9, 55),
(1226, 1226, 'default.png', 9, 55),
(1227, 1227, 'default.png', 10, 55),
(1228, 1228, 'default.png', 10, 55),
(1229, 1229, 'default.png', 10, 55),
(1230, 1230, 'default.png', 10, 55),
(1231, 1231, 'default.png', 19, 55),
(1232, 1232, 'default.png', 19, 55),
(1233, 1233, 'default.png', 15, 55),
(1234, 1234, 'default.png', 3, 283),
(1235, 1235, 'default.png', 3, 283),
(1236, 1236, 'default.png', 8, 283),
(1237, 1237, 'default.png', 8, 283),
(1238, 1238, 'default.png', 8, 283),
(1239, 1239, 'default.png', 23, 283),
(1240, 1240, 'default.png', 23, 283),
(1241, 1241, 'default.png', 23, 284),
(1242, 1242, 'default.png', 3, 284),
(1243, 1243, 'default.png', 3, 284),
(1244, 1244, 'default.png', 3, 284),
(1245, 1245, 'default.png', 23, 284),
(1246, 1246, 'default.png', 23, 284),
(1247, 1247, 'default.png', 8, 284),
(1248, 1248, 'default.png', 8, 284),
(1249, 1249, 'default.png', 8, 284),
(1250, 1250, 'default.png', 16, 284),
(1251, 1251, 'default.png', 16, 284),
(1252, 1252, 'default.png', 16, 284),
(1253, 1253, 'default.png', 15, 284),
(1254, 1254, 'default.png', 26, 10),
(1255, 1255, 'default.png', 26, 10),
(1256, 1256, 'default.png', 26, 10),
(1257, 1257, 'default.png', 26, 10),
(1258, 1258, 'default.png', 26, 10),
(1259, 1259, 'default.png', 9, 10),
(1260, 1260, 'default.png', 9, 10),
(1261, 1261, 'default.png', 9, 10),
(1262, 1262, 'default.png', 9, 10),
(1263, 1263, 'default.png', 6, 10),
(1264, 1264, 'default.png', 6, 10),
(1265, 1265, 'default.png', 6, 10),
(1266, 1266, 'default.png', 6, 10),
(1267, 1267, 'default.png', 10, 10),
(1268, 1268, 'default.png', 10, 10),
(1269, 1269, 'default.png', 13, 7),
(1270, 1270, 'default.png', 13, 7),
(1271, 1271, 'default.png', 13, 7),
(1272, 1272, 'default.png', 13, 7),
(1273, 1273, 'default.png', 13, 7),
(1274, 1274, 'default.png', 6, 7),
(1275, 1275, 'default.png', 6, 7),
(1276, 1276, 'default.png', 6, 7),
(1277, 1277, 'default.png', 6, 7),
(1278, 1278, 'default.png', 2, 7),
(1279, 1279, 'default.png', 2, 7),
(1280, 1280, 'default.png', 2, 7),
(1281, 1281, 'default.png', 2, 7),
(1282, 1282, 'default.png', 2, 7),
(1283, 1283, 'default.png', 2, 7),
(1284, 1284, 'default.png', 10, 7),
(1285, 1285, 'default.png', 10, 7),
(1286, 1286, 'default.png', 10, 7),
(1287, 1287, 'default.png', 10, 7),
(1288, 1288, 'default.png', 10, 7),
(1289, 1289, 'default.png', 10, 7),
(1290, 1290, 'default.png', 9, 8),
(1291, 1291, 'default.png', 9, 8),
(1292, 1292, 'default.png', 9, 8),
(1293, 1293, 'default.png', 9, 8),
(1294, 1294, 'default.png', 9, 8),
(1295, 1295, 'default.png', 9, 8),
(1296, 1296, 'default.png', 9, 8),
(1297, 1297, 'default.png', 9, 8),
(1298, 1298, 'default.png', 9, 8),
(1299, 1299, 'default.png', 10, 8),
(1300, 1300, 'default.png', 10, 8),
(1301, 1301, 'default.png', 10, 8),
(1302, 1302, 'default.png', 10, 8),
(1303, 1303, 'default.png', 10, 8),
(1304, 1304, 'default.png', 10, 8),
(1305, 1305, 'default.png', 10, 8),
(1306, 1306, 'default.png', 10, 8),
(1307, 1307, 'default.png', 10, 8),
(1308, 1308, 'default.png', 6, 8),
(1309, 1309, 'default.png', 8, 8),
(1310, 1310, 'default.png', 13, 8),
(1311, 1311, 'default.png', 2, 8),
(1312, 1312, 'default.png', 6, 1),
(1313, 1313, 'default.png', 6, 1),
(1314, 1314, 'default.png', 6, 1),
(1315, 1315, 'default.png', 6, 1),
(1316, 1316, 'default.png', 6, 1),
(1317, 1317, 'default.png', 4, 1),
(1318, 1318, 'default.png', 4, 1),
(1319, 1319, 'default.png', 4, 1),
(1320, 1320, 'default.png', 4, 1),
(1321, 1321, 'default.png', 4, 1),
(1322, 1322, 'default.png', 4, 1),
(1323, 1323, 'default.png', 26, 1),
(1324, 1324, 'default.png', 26, 1),
(1325, 1325, 'default.png', 26, 1),
(1326, 1326, 'default.png', 8, 1),
(1327, 1327, 'default.png', 8, 1),
(1328, 1328, 'default.png', 8, 1),
(1329, 1329, 'default.png', 13, 1),
(1330, 1330, 'default.png', 13, 1),
(1331, 1331, 'default.png', 13, 1),
(1332, 1332, 'default.png', 2, 1),
(1333, 1333, 'default.png', 2, 1),
(1334, 1334, 'default.png', 2, 1),
(1335, 1335, 'default.png', 10, 1),
(1336, 1336, 'default.png', 10, 1),
(1337, 1337, 'default.png', 10, 1),
(1338, 1338, 'default.png', 10, 1),
(1339, 1339, 'default.png', 10, 1),
(1340, 1340, 'default.png', 13, 3),
(1341, 1341, 'default.png', 13, 3),
(1342, 1342, 'default.png', 13, 3),
(1343, 1343, 'default.png', 13, 3),
(1344, 1344, 'default.png', 2, 3),
(1345, 1345, 'default.png', 2, 3),
(1346, 1346, 'default.png', 2, 3),
(1347, 1347, 'default.png', 10, 5),
(1348, 1348, 'default.png', 10, 5),
(1349, 1349, 'default.png', 10, 5),
(1350, 1350, 'default.png', 10, 5),
(1351, 1351, 'default.png', 10, 5),
(1352, 1352, 'default.png', 10, 5),
(1353, 1353, 'default.png', 10, 5),
(1354, 1354, 'default.png', 10, 5),
(1355, 1355, 'default.png', 4, 5),
(1356, 1356, 'default.png', 13, 5),
(1357, 1357, 'default.png', 13, 5),
(1358, 1358, 'default.png', 13, 5),
(1359, 1359, 'default.png', 8, 5),
(1360, 1360, 'default.png', 6, 5),
(1361, 1361, 'default.png', 6, 5),
(1362, 1362, 'default.png', 2, 5),
(1363, 1363, 'default.png', 2, 5),
(1364, 1364, 'default.png', 2, 5),
(1365, 1365, 'default.png', 2, 5),
(1366, 1366, 'default.png', 2, 5),
(1367, 1367, 'default.png', 2, 5),
(1368, 1368, 'default.png', 10, 15),
(1369, 1369, 'default.png', 10, 15),
(1370, 1370, 'default.png', 10, 15),
(1371, 1371, 'default.png', 10, 15),
(1372, 1372, 'default.png', 10, 15),
(1373, 1373, 'default.png', 10, 15),
(1374, 1374, 'default.png', 10, 15),
(1375, 1375, 'default.png', 10, 15),
(1376, 1376, 'default.png', 10, 15),
(1377, 1377, 'default.png', 8, 15),
(1378, 1378, 'default.png', 8, 15),
(1379, 1379, 'default.png', 8, 15),
(1380, 1380, 'default.png', 8, 15),
(1381, 1381, 'default.png', 13, 15),
(1382, 1382, 'default.png', 13, 15),
(1383, 1383, 'default.png', 13, 15),
(1384, 1384, 'default.png', 13, 15),
(1385, 1385, 'default.png', 2, 15),
(1386, 1386, 'default.png', 2, 15),
(1387, 1387, 'default.png', 2, 15),
(1388, 1388, 'default.png', 2, 15),
(1389, 1389, 'default.png', 2, 15),
(1390, 1390, 'default.png', 2, 15),
(1391, 1391, 'default.png', 2, 15),
(1392, 1392, 'default.png', 6, 15),
(1393, 1393, 'default.png', 6, 15),
(1394, 1394, 'default.png', 6, 15),
(1395, 1395, 'default.png', 6, 15),
(1396, 1396, 'default.png', 6, 15),
(1397, 1397, 'default.png', 6, 15),
(1398, 1398, 'default.png', 8, 6),
(1399, 1399, 'default.png', 8, 6),
(1400, 1400, 'default.png', 8, 6),
(1401, 1401, 'default.png', 2, 6),
(1402, 1402, 'default.png', 2, 6),
(1403, 1403, 'default.png', 2, 6),
(1404, 1404, 'default.png', 2, 6),
(1405, 1405, 'default.png', 13, 6),
(1406, 1406, 'default.png', 13, 6),
(1407, 1407, 'default.png', 13, 6),
(1408, 1408, 'default.png', 13, 6),
(1409, 1409, 'default.png', 6, 4),
(1410, 1410, 'default.png', 6, 4),
(1411, 1411, 'default.png', 6, 4),
(1412, 1412, 'default.png', 10, 4),
(1413, 1413, 'default.png', 10, 4),
(1414, 1414, 'default.png', 10, 4),
(1415, 1415, 'default.png', 10, 4),
(1416, 1416, 'default.png', 8, 4),
(1417, 1417, 'default.png', 8, 4),
(1418, 1418, 'default.png', 8, 4),
(1419, 1419, 'default.png', 13, 18),
(1420, 1420, 'default.png', 13, 18),
(1421, 1421, 'default.png', 13, 18),
(1422, 1422, 'default.png', 13, 18),
(1423, 1423, 'default.png', 13, 18),
(1424, 1424, 'default.png', 13, 18),
(1425, 1425, 'default.png', 13, 18),
(1426, 1426, 'default.png', 2, 18),
(1427, 1427, 'default.png', 2, 18),
(1428, 1428, 'default.png', 2, 18),
(1429, 1429, 'default.png', 2, 18),
(1430, 1430, 'default.png', 2, 18),
(1431, 1431, 'default.png', 2, 18),
(1432, 1432, 'default.png', 2, 18),
(1433, 1433, 'default.png', 6, 18),
(1434, 1434, 'default.png', 6, 18),
(1435, 1435, 'default.png', 6, 18),
(1436, 1436, 'default.png', 6, 18),
(1437, 1437, 'default.png', 6, 18),
(1438, 1438, 'default.png', 6, 18),
(1439, 1439, 'default.png', 6, 18),
(1440, 1440, 'default.png', 26, 286),
(1441, 1441, 'default.png', 26, 286),
(1442, 1442, 'default.png', 2, 26),
(1443, 1443, 'default.png', 2, 26),
(1444, 1444, 'default.png', 2, 26),
(1445, 1445, 'default.png', 2, 26),
(1446, 1446, 'default.png', 4, 26),
(1447, 1447, 'default.png', 4, 26),
(1448, 1448, 'default.png', 4, 26),
(1449, 1449, 'default.png', 4, 26),
(1450, 1450, 'default.png', 13, 26),
(1451, 1451, 'default.png', 13, 26),
(1452, 1452, 'default.png', 13, 26),
(1453, 1453, 'default.png', 13, 26),
(1454, 1454, 'default.png', 8, 26),
(1455, 1455, 'default.png', 8, 26),
(1456, 1456, 'default.png', 8, 26),
(1457, 1457, 'default.png', 8, 26),
(1458, 1458, 'default.png', 2, 22),
(1459, 1459, 'default.png', 2, 22),
(1460, 1460, 'default.png', 2, 22),
(1461, 1461, 'default.png', 2, 22),
(1462, 1462, 'default.png', 2, 22),
(1463, 1463, 'default.png', 8, 22),
(1464, 1464, 'default.png', 8, 22),
(1465, 1465, 'default.png', 8, 22),
(1466, 1466, 'default.png', 8, 22),
(1467, 1467, 'default.png', 8, 22),
(1468, 1468, 'default.png', 6, 22),
(1469, 1469, 'default.png', 6, 22),
(1470, 1470, 'default.png', 6, 22),
(1471, 1471, 'default.png', 6, 22),
(1472, 1472, 'default.png', 6, 54),
(1473, 1473, 'default.png', 6, 54),
(1474, 1474, 'default.png', 8, 1),
(1475, 1475, 'default.png', 8, 1),
(1476, 1476, 'default.png', 8, 1),
(1477, 1477, 'default.png', 8, 1),
(1478, 1478, 'default.png', 8, 1),
(1479, 1479, 'default.png', 8, 1),
(1480, 1480, 'default.png', 2, 1),
(1481, 1481, 'default.png', 4, 1),
(1482, 1482, 'default.png', 4, 1),
(1483, 1483, 'default.png', 4, 1),
(1484, 1484, 'default.png', 4, 1),
(1485, 1485, 'default.png', 4, 1),
(1486, 1486, 'default.png', 4, 1),
(1487, 1487, 'default.png', 2, 5),
(1488, 1488, 'default.png', 2, 5),
(1489, 1489, 'default.png', 2, 5),
(1490, 1490, 'default.png', 13, 5),
(1491, 1491, 'default.png', 13, 5),
(1492, 1492, 'default.png', 13, 5),
(1493, 1493, 'default.png', 6, 5),
(1494, 1494, 'default.png', 6, 5),
(1495, 1495, 'default.png', 9, 5),
(1496, 1496, 'default.png', 9, 5),
(1497, 1497, 'default.png', 9, 5),
(1498, 1498, 'default.png', 10, 5),
(1499, 1499, 'default.png', 10, 5),
(1500, 1500, 'default.png', 10, 5),
(1501, 1501, 'default.png', 10, 5),
(1502, 1502, 'default.png', 13, 2),
(1503, 1503, 'default.png', 13, 2),
(1504, 1504, 'default.png', 2, 2),
(1505, 1505, 'default.png', 2, 2),
(1506, 1506, 'default.png', 6, 2),
(1507, 1507, 'default.png', 6, 2),
(1508, 1508, 'default.png', 6, 2),
(1509, 1509, 'default.png', 10, 2);
INSERT INTO `inventory_product_images_tb` (`image_id`, `inventory_id`, `image_name`, `colour_id`, `product_id`) VALUES
(1510, 1510, 'default.png', 13, 3),
(1511, 1511, 'default.png', 13, 3),
(1512, 1512, 'default.png', 13, 3),
(1513, 1513, 'default.png', 13, 3),
(1514, 1514, 'default.png', 2, 3),
(1515, 1515, 'default.png', 2, 3),
(1516, 1516, 'default.png', 2, 3),
(1517, 1517, 'default.png', 2, 3),
(1518, 1518, 'default.png', 2, 6),
(1519, 1519, 'default.png', 2, 6),
(1520, 1520, 'default.png', 13, 6),
(1521, 1521, 'default.png', 13, 6),
(1522, 1522, 'default.png', 13, 6),
(1523, 1523, 'default.png', 13, 6),
(1524, 1524, 'default.png', 8, 6),
(1525, 1525, 'default.png', 8, 6),
(1526, 1526, 'default.png', 4, 6),
(1527, 1527, 'default.png', 9, 6),
(1528, 1528, 'default.png', 13, 287),
(1529, 1529, 'default.png', 13, 287),
(1530, 1530, 'default.png', 13, 13),
(1531, 1531, 'default.png', 13, 13),
(1532, 1532, 'default.png', 13, 13),
(1533, 1533, 'default.png', 13, 13),
(1534, 1534, 'default.png', 2, 13),
(1535, 1535, 'default.png', 2, 13),
(1536, 1536, 'default.png', 2, 13),
(1537, 1537, 'default.png', 8, 4),
(1538, 1538, 'default.png', 8, 4),
(1539, 1539, 'default.png', 8, 4),
(1540, 1540, 'default.png', 6, 4),
(1541, 1541, 'default.png', 6, 4),
(1542, 1542, 'default.png', 6, 4),
(1543, 1543, 'default.png', 10, 4),
(1544, 1544, 'default.png', 10, 4),
(1545, 1545, 'default.png', 10, 4),
(1546, 1546, 'default.png', 10, 4),
(1547, 1547, 'default.png', 10, 7),
(1548, 1548, 'default.png', 10, 7),
(1549, 1549, 'default.png', 10, 7),
(1550, 1550, 'default.png', 13, 7),
(1551, 1551, 'default.png', 13, 7),
(1552, 1552, 'default.png', 13, 7),
(1553, 1553, 'default.png', 13, 7),
(1554, 1554, 'default.png', 6, 7),
(1555, 1555, 'default.png', 6, 7),
(1556, 1556, 'default.png', 2, 7),
(1557, 1557, 'default.png', 2, 7),
(1558, 1558, 'default.png', 2, 7),
(1559, 1559, 'default.png', 2, 7),
(1560, 1560, 'default.png', 22, 7),
(1561, 1561, 'default.png', 22, 7),
(1562, 1562, 'default.png', 9, 40),
(1563, 1563, 'default.png', 9, 40),
(1564, 1564, 'default.png', 8, 12),
(1565, 1565, 'default.png', 9, 12),
(1566, 1566, 'default.png', 13, 12),
(1567, 1567, 'default.png', 13, 12),
(1568, 1568, 'default.png', 6, 12),
(1569, 1569, 'default.png', 6, 12),
(1570, 1570, 'default.png', 9, 10),
(1571, 1571, 'default.png', 9, 10),
(1572, 1572, 'default.png', 2, 10),
(1573, 1573, 'default.png', 2, 10),
(1574, 1574, 'default.png', 10, 10),
(1575, 1575, 'default.png', 10, 10),
(1576, 1576, 'default.png', 10, 10),
(1577, 1577, 'default.png', 10, 10),
(1578, 1578, 'default.png', 10, 10),
(1579, 1579, 'default.png', 4, 10),
(1580, 1580, 'default.png', 4, 10),
(1581, 1581, 'default.png', 4, 10),
(1582, 1582, 'default.png', 9, 11),
(1583, 1583, 'default.png', 9, 11),
(1584, 1584, 'default.png', 9, 11),
(1585, 1585, 'default.png', 10, 11),
(1586, 1586, 'default.png', 2, 288),
(1587, 1587, 'default.png', 10, 8),
(1588, 1588, 'default.png', 10, 8),
(1589, 1589, 'default.png', 10, 8),
(1590, 1590, 'default.png', 10, 8),
(1591, 1591, 'default.png', 8, 8),
(1592, 1592, 'default.png', 6, 8),
(1593, 1593, 'default.png', 6, 8),
(1594, 1594, 'default.png', 13, 8),
(1595, 1595, 'default.png', 2, 8),
(1596, 1596, 'default.png', 2, 8),
(1597, 1597, 'default.png', 9, 8),
(1598, 1598, 'default.png', 9, 8),
(1599, 1599, 'default.png', 9, 8),
(1600, 1600, 'default.png', 9, 8),
(1601, 1601, 'default.png', 9, 8),
(1602, 1602, 'default.png', 13, 289),
(1603, 1603, 'default.png', 2, 289),
(1604, 1604, 'default.png', 2, 289),
(1605, 1605, 'default.png', 2, 289),
(1606, 1606, 'default.png', 9, 17),
(1607, 1607, 'default.png', 4, 16),
(1608, 1608, 'default.png', 4, 16),
(1609, 1609, 'default.png', 4, 16),
(1610, 1610, 'default.png', 8, 16),
(1611, 1611, 'default.png', 8, 16),
(1612, 1612, 'default.png', 8, 16),
(1613, 1613, 'default.png', 9, 16),
(1614, 1614, 'default.png', 9, 16),
(1615, 1615, 'default.png', 4, 16),
(1616, 1616, 'default.png', 4, 16),
(1617, 1617, 'default.png', 10, 16),
(1618, 1618, 'default.png', 10, 16),
(1619, 1619, 'default.png', 8, 16),
(1620, 1620, 'default.png', 8, 16),
(1621, 1621, 'default.png', 13, 18),
(1622, 1622, 'default.png', 13, 18),
(1623, 1623, 'default.png', 13, 18),
(1624, 1624, 'default.png', 2, 18),
(1625, 1625, 'default.png', 2, 18),
(1626, 1626, 'default.png', 2, 18),
(1627, 1627, 'default.png', 2, 18),
(1628, 1628, 'default.png', 2, 18),
(1629, 1629, 'default.png', 2, 18),
(1630, 1630, 'default.png', 2, 18),
(1631, 1631, 'default.png', 6, 18),
(1632, 1632, 'default.png', 6, 18),
(1633, 1633, 'default.png', 6, 18),
(1634, 1634, 'default.png', 6, 18),
(1635, 1635, 'default.png', 15, 18),
(1636, 1636, 'default.png', 15, 18),
(1637, 1637, 'default.png', 15, 18),
(1638, 1638, 'default.png', 8, 18),
(1639, 1639, 'default.png', 8, 18),
(1640, 1640, 'default.png', 27, 290),
(1641, 1641, 'default.png', 26, 3),
(1642, 1642, 'default.png', 26, 3),
(1643, 1643, 'default.png', 4, 3),
(1644, 1644, 'default.png', 4, 3),
(1645, 1645, 'default.png', 13, 3),
(1646, 1646, 'default.png', 13, 3),
(1647, 1647, 'default.png', 13, 3),
(1648, 1648, 'default.png', 13, 3),
(1649, 1649, 'default.png', 6, 3),
(1650, 1650, 'default.png', 6, 3),
(1651, 1651, 'default.png', 8, 286),
(1652, 1652, 'default.png', 2, 286),
(1653, 1653, 'default.png', 8, 26),
(1654, 1654, 'default.png', 8, 26),
(1655, 1655, 'default.png', 8, 26),
(1656, 1656, 'default.png', 8, 26),
(1657, 1657, 'default.png', 26, 26),
(1658, 1658, 'default.png', 26, 26),
(1659, 1659, 'default.png', 2, 26),
(1660, 1660, 'default.png', 2, 26),
(1661, 1661, 'default.png', 2, 24),
(1662, 1662, 'default.png', 13, 24),
(1663, 1663, 'default.png', 13, 24),
(1664, 1664, 'default.png', 10, 24),
(1665, 1665, 'default.png', 2, 22),
(1666, 1666, 'default.png', 2, 22),
(1667, 1667, 'default.png', 2, 22),
(1668, 1668, 'default.png', 2, 22),
(1669, 1669, 'default.png', 2, 22),
(1670, 1670, 'default.png', 8, 22),
(1671, 1671, 'default.png', 8, 22),
(1672, 1672, 'default.png', 8, 22),
(1673, 1673, 'default.png', 8, 22),
(1674, 1674, 'default.png', 10, 22),
(1675, 1675, 'default.png', 4, 22),
(1676, 1676, 'default.png', 4, 22),
(1677, 1677, 'default.png', 6, 22),
(1678, 1678, 'default.png', 6, 22),
(1679, 1679, 'default.png', 6, 22),
(1680, 1680, 'default.png', 6, 45),
(1681, 1681, 'default.png', 6, 45),
(1682, 1682, 'default.png', 6, 45),
(1683, 1683, 'default.png', 6, 45),
(1684, 1684, 'default.png', 8, 45),
(1685, 1685, 'default.png', 8, 45),
(1686, 1686, 'default.png', 8, 45),
(1687, 1687, 'default.png', 8, 45),
(1688, 1688, 'default.png', 9, 45),
(1689, 1689, 'default.png', 27, 291),
(1690, 1690, 'default.png', 27, 292),
(1691, 1691, 'default.png', 8, 22),
(1692, 1692, 'default.png', 2, 22),
(1693, 1693, 'default.png', 9, 22),
(1694, 1694, 'default.png', 27, 263),
(1695, 1695, 'default.png', 27, 263),
(1696, 1696, 'default.png', 27, 263),
(1697, 1697, 'default.png', 27, 263),
(1698, 1698, 'default.png', 27, 263),
(1699, 1699, 'default.png', 27, 261),
(1700, 1700, 'default.png', 27, 261),
(1701, 1701, 'default.png', 27, 261),
(1702, 1702, 'default.png', 27, 261),
(1703, 1704, 'default.png', 27, 261),
(1704, 1703, 'default.png', 27, 261),
(1705, 1705, 'default.png', 27, 293),
(1706, 1706, 'default.png', 27, 293),
(1707, 1707, 'default.png', 27, 293),
(1708, 1708, 'default.png', 27, 293),
(1709, 1709, 'default.png', 27, 293),
(1710, 1710, 'default.png', 27, 293),
(1711, 1711, 'default.png', 27, 293),
(1712, 1712, 'default.png', 27, 294),
(1713, 1713, 'default.png', 27, 294),
(1714, 1714, 'default.png', 27, 294),
(1715, 1715, 'default.png', 27, 294),
(1716, 1716, 'default.png', 27, 264),
(1717, 1717, 'default.png', 27, 264),
(1718, 1718, 'default.png', 27, 264),
(1719, 1719, 'default.png', 27, 264),
(1720, 1720, 'default.png', 27, 264),
(1721, 1721, 'default.png', 3, 19),
(1722, 1722, 'default.png', 2, 19),
(1723, 1723, 'default.png', 10, 2),
(1724, 1724, 'default.png', 26, 5),
(1725, 1725, 'default.png', 3, 75),
(1726, 1726, 'default.png', 27, 296),
(1727, 1727, 'default.png', 10, 298),
(1728, 1728, 'default.png', 8, 298),
(1729, 1729, 'default.png', 8, 298),
(1730, 1730, 'default.png', 8, 298),
(1731, 1731, 'default.png', 10, 298),
(1732, 1732, 'default.png', 10, 298),
(1733, 1733, 'default.png', 10, 298),
(1734, 1734, 'default.png', 10, 298),
(1735, 1735, 'default.png', 10, 298),
(1736, 1736, 'default.png', 10, 298),
(1737, 1737, 'default.png', 2, 26),
(1738, 1738, 'default.png', 8, 20),
(1739, 1739, 'default.png', 27, 293),
(1740, 1740, 'default.png', 27, 293),
(1741, 1741, 'default.png', 27, 293),
(1742, 1742, 'default.png', 27, 293),
(1743, 1743, 'default.png', 27, 293),
(1744, 1744, 'default.png', 27, 293),
(1745, 1745, 'default.png', 27, 293),
(1746, 1746, 'default.png', 27, 301),
(1747, 1747, 'default.png', 27, 301),
(1748, 1748, 'default.png', 27, 301),
(1749, 1749, 'default.png', 27, 301),
(1750, 1750, 'default.png', 27, 301),
(1751, 1751, 'default.png', 27, 301),
(1752, 1752, 'default.png', 3, 75),
(1753, 1753, 'default.png', 3, 75),
(1754, 1754, 'default.png', 2, 75),
(1755, 1755, 'default.png', 2, 75),
(1756, 1756, 'default.png', 2, 75),
(1757, 1757, 'default.png', 27, 60),
(1758, 1758, 'default.png', 27, 60),
(1759, 1759, 'default.png', 27, 60),
(1760, 1760, 'default.png', 27, 60),
(1761, 1761, 'default.png', 27, 60),
(1762, 1762, 'default.png', 27, 60),
(1763, 1763, 'default.png', 27, 60),
(1764, 1764, 'default.png', 27, 303),
(1765, 1765, 'default.png', 27, 303),
(1766, 1766, 'default.png', 27, 303),
(1767, 1767, 'default.png', 27, 303),
(1768, 1768, 'default.png', 27, 303),
(1769, 1769, 'default.png', 27, 294),
(1770, 1770, 'default.png', 27, 294),
(1771, 1771, 'default.png', 27, 294),
(1772, 1772, 'default.png', 27, 294),
(1773, 1773, 'default.png', 27, 294),
(1774, 1774, 'default.png', 27, 294),
(1775, 1775, 'default.png', 27, 294),
(1776, 1776, 'default.png', 27, 259),
(1777, 1777, 'default.png', 27, 259),
(1778, 1778, 'default.png', 27, 259),
(1779, 1779, 'default.png', 27, 259),
(1780, 1780, 'default.png', 27, 259),
(1781, 1781, 'default.png', 27, 259),
(1782, 1782, 'default.png', 27, 259),
(1783, 1783, 'default.png', 27, 253),
(1784, 1784, 'default.png', 27, 253),
(1785, 1785, 'default.png', 27, 253),
(1786, 1786, 'default.png', 27, 253),
(1787, 1787, 'default.png', 27, 253),
(1788, 1788, 'default.png', 27, 253),
(1789, 1789, 'default.png', 27, 253),
(1790, 1790, 'default.png', 27, 261),
(1791, 1791, 'default.png', 27, 261),
(1792, 1792, 'default.png', 27, 261),
(1793, 1793, 'default.png', 27, 261),
(1794, 1794, 'default.png', 27, 306),
(1795, 1795, 'default.png', 27, 306),
(1796, 1796, 'default.png', 27, 306),
(1797, 1797, 'default.png', 27, 306),
(1798, 1798, 'default.png', 27, 306),
(1799, 1799, 'default.png', 27, 306),
(1800, 1800, 'default.png', 27, 306),
(1801, 1801, 'default.png', 27, 307),
(1802, 1802, 'default.png', 27, 307),
(1803, 1803, 'default.png', 27, 307),
(1804, 1804, 'default.png', 27, 307),
(1805, 1805, 'default.png', 27, 307),
(1806, 1806, 'default.png', 27, 307),
(1807, 1807, 'default.png', 27, 307),
(1808, 1808, 'default.png', 27, 309),
(1809, 1809, 'default.png', 27, 309),
(1810, 1810, 'default.png', 27, 309),
(1811, 1811, 'default.png', 27, 309),
(1812, 1812, 'default.png', 27, 309),
(1813, 1813, 'default.png', 27, 309),
(1814, 1814, 'default.png', 27, 309),
(1815, 1815, 'default.png', 27, 60),
(1816, 1816, 'default.png', 27, 257),
(1817, 1817, 'default.png', 27, 257),
(1818, 1818, 'default.png', 27, 257),
(1819, 1819, 'default.png', 27, 257),
(1820, 1820, 'default.png', 27, 257),
(1821, 1821, 'default.png', 27, 257),
(1822, 1822, 'default.png', 27, 310),
(1823, 1823, 'default.png', 27, 310),
(1824, 1824, 'default.png', 27, 310),
(1825, 1825, 'default.png', 27, 310),
(1826, 1826, 'default.png', 27, 310),
(1827, 1827, 'default.png', 27, 310),
(1828, 1828, 'default.png', 27, 310),
(1829, 1829, 'default.png', 27, 52),
(1830, 1830, 'default.png', 27, 52),
(1831, 1831, 'default.png', 27, 52),
(1832, 1832, 'default.png', 27, 52),
(1833, 1833, 'default.png', 27, 52),
(1834, 1834, 'default.png', 27, 52),
(1835, 1835, 'default.png', 27, 52),
(1836, 1836, 'default.png', 27, 311),
(1837, 1837, 'default.png', 27, 311),
(1838, 1838, 'default.png', 27, 311),
(1839, 1839, 'default.png', 27, 311),
(1840, 1840, 'default.png', 27, 311),
(1841, 1841, 'default.png', 27, 311),
(1842, 1842, 'default.png', 27, 311),
(1843, 1843, 'default.png', 27, 255),
(1844, 1844, 'default.png', 27, 255),
(1845, 1845, 'default.png', 27, 255),
(1846, 1846, 'default.png', 27, 255),
(1847, 1847, 'default.png', 27, 255),
(1848, 1848, 'default.png', 27, 255),
(1849, 1849, 'default.png', 27, 255),
(1850, 1850, 'default.png', 27, 260),
(1851, 1851, 'default.png', 27, 260),
(1852, 1852, 'default.png', 27, 260),
(1853, 1853, 'default.png', 27, 260),
(1854, 1854, 'default.png', 27, 260),
(1855, 1855, 'default.png', 27, 312),
(1856, 1856, 'default.png', 27, 312),
(1857, 1857, 'default.png', 27, 260),
(1858, 1858, 'default.png', 27, 260),
(1859, 1859, 'default.png', 27, 312),
(1860, 1860, 'default.png', 27, 312),
(1861, 1861, 'default.png', 27, 312),
(1862, 1862, 'default.png', 27, 312),
(1863, 1863, 'default.png', 27, 312),
(1864, 1864, 'default.png', 27, 313),
(1865, 1865, 'default.png', 27, 313),
(1866, 1866, 'default.png', 27, 313),
(1867, 1867, 'default.png', 27, 303),
(1868, 1868, 'default.png', 27, 264),
(1869, 1869, 'default.png', 27, 285),
(1870, 1870, 'default.png', 27, 285),
(1871, 1871, 'default.png', 27, 285),
(1872, 1872, 'default.png', 27, 285),
(1873, 1873, 'default.png', 27, 285),
(1874, 1874, 'default.png', 27, 285),
(1875, 1875, 'default.png', 27, 285),
(1876, 1876, 'default.png', 27, 263),
(1877, 1877, 'default.png', 27, 263),
(1878, 1878, 'default.png', 27, 251),
(1879, 1879, 'default.png', 27, 314),
(1880, 1880, 'default.png', 27, 314),
(1881, 1881, 'default.png', 27, 314),
(1882, 1882, 'default.png', 27, 314),
(1883, 1883, 'default.png', 27, 314),
(1884, 1884, 'default.png', 27, 314),
(1885, 1885, 'default.png', 27, 314),
(1886, 1886, 'default.png', 27, 262),
(1887, 1887, 'default.png', 27, 262),
(1888, 1888, 'default.png', 27, 262),
(1889, 1889, 'default.png', 27, 262),
(1890, 1890, 'default.png', 27, 262),
(1891, 1891, 'default.png', 27, 262),
(1892, 1892, 'default.png', 27, 262),
(1893, 1893, 'default.png', 22, 284),
(1894, 1894, 'default.png', 22, 284),
(1895, 1895, 'default.png', 23, 284),
(1896, 1896, 'default.png', 23, 284),
(1897, 1897, 'default.png', 10, 284),
(1898, 1898, 'default.png', 10, 284),
(1899, 1899, 'default.png', 10, 284),
(1900, 1900, 'default.png', 8, 284),
(1901, 1901, 'default.png', 8, 284),
(1902, 1902, 'default.png', 4, 284),
(1903, 1903, 'default.png', 15, 284),
(1904, 1904, 'default.png', 15, 284),
(1905, 1905, 'default.png', 13, 315),
(1906, 1906, 'default.png', 23, 283),
(1907, 1907, 'default.png', 23, 283),
(1908, 1908, 'default.png', 16, 283),
(1909, 1909, 'default.png', 16, 283),
(1910, 1910, 'default.png', 16, 283),
(1911, 1911, 'default.png', 16, 283),
(1912, 1912, 'default.png', 22, 283),
(1913, 1913, 'default.png', 22, 283),
(1914, 1914, 'default.png', 22, 283),
(1915, 1915, 'default.png', 25, 283),
(1916, 1916, 'default.png', 8, 283),
(1917, 1917, 'default.png', 8, 283),
(1918, 1918, 'default.png', 8, 283),
(1919, 1919, 'default.png', 18, 283),
(1920, 1920, 'default.png', 15, 283),
(1921, 1921, 'default.png', 15, 283),
(1922, 1922, 'default.png', 10, 283),
(1923, 1923, 'default.png', 10, 283),
(1924, 1924, 'default.png', 2, 316),
(1925, 1925, 'default.png', 27, 210),
(1926, 1926, 'default.png', 27, 48),
(1927, 1927, 'default.png', 27, 57),
(1928, 1928, 'default.png', 27, 211),
(1929, 1929, 'default.png', 27, 213),
(1930, 1930, 'default.png', 27, 214),
(1931, 1931, 'default.png', 27, 215),
(1932, 1932, 'default.png', 27, 216),
(1933, 1933, 'default.png', 27, 217),
(1934, 1934, 'default.png', 27, 317),
(1935, 1935, 'default.png', 27, 318),
(1936, 1936, 'default.png', 27, 318),
(1937, 1937, 'default.png', 27, 318),
(1938, 1938, 'default.png', 27, 318),
(1939, 1939, 'default.png', 27, 318),
(1940, 1940, 'default.png', 27, 318),
(1941, 1941, 'default.png', 27, 318),
(1942, 1942, 'default.png', 2, 44),
(1943, 1943, 'default.png', 2, 44),
(1944, 1944, 'default.png', 2, 44),
(1945, 1945, 'default.png', 2, 44),
(1946, 1946, 'default.png', 2, 44),
(1947, 1947, 'default.png', 2, 44),
(1948, 1948, 'default.png', 2, 44),
(1949, 1949, 'default.png', 13, 44),
(1950, 1950, 'default.png', 13, 44),
(1951, 1951, 'default.png', 13, 44),
(1952, 1952, 'default.png', 13, 44),
(1953, 1953, 'default.png', 13, 44),
(1954, 1954, 'default.png', 13, 44),
(1955, 1955, 'default.png', 13, 44),
(1956, 1956, 'default.png', 10, 44),
(1957, 1957, 'default.png', 10, 44),
(1958, 1958, 'default.png', 10, 44),
(1959, 1959, 'default.png', 10, 44),
(1960, 1960, 'default.png', 10, 44),
(1961, 1961, 'default.png', 10, 44),
(1962, 1962, 'default.png', 10, 44),
(1963, 1963, 'default.png', 23, 44),
(1964, 1964, 'default.png', 23, 44),
(1965, 1965, 'default.png', 23, 44),
(1966, 1966, 'default.png', 23, 44),
(1967, 1967, 'default.png', 23, 44),
(1968, 1968, 'default.png', 23, 44),
(1969, 1969, 'default.png', 23, 44),
(1970, 1970, 'default.png', 2, 39),
(1971, 1971, 'default.png', 2, 39),
(1972, 1972, 'default.png', 27, 83),
(1973, 1973, 'default.png', 27, 300),
(1974, 1974, 'default.png', 27, 320),
(1975, 1975, 'default.png', 27, 67),
(1976, 1976, 'default.png', 27, 321),
(1977, 1977, 'default.png', 27, 321),
(1978, 1978, 'default.png', 27, 321),
(1979, 1979, 'default.png', 27, 321),
(1980, 1980, 'default.png', 27, 321),
(1981, 1981, 'default.png', 27, 322),
(1982, 1982, 'default.png', 27, 322),
(1983, 1983, 'default.png', 27, 322),
(1984, 1984, 'default.png', 27, 322),
(1985, 1985, 'default.png', 27, 322),
(1986, 1986, 'default.png', 27, 322),
(1987, 1987, 'default.png', 6, 12),
(1988, 1988, 'default.png', 8, 79),
(1989, 1989, 'default.png', 27, 324),
(1990, 1990, 'default.png', 3, 1),
(1991, 1991, 'default.png', 27, 219),
(1992, 1992, 'default.png', 27, 219),
(1993, 1993, 'default.png', 27, 219),
(1994, 1994, 'default.png', 27, 221),
(1995, 1995, 'default.png', 27, 221),
(1996, 1996, 'default.png', 27, 221),
(1997, 1997, 'default.png', 27, 220),
(1998, 1998, 'default.png', 27, 220),
(1999, 1999, 'default.png', 27, 220),
(2000, 2000, 'default.png', 27, 225),
(2001, 2001, 'default.png', 27, 225),
(2002, 2002, 'default.png', 27, 225),
(2003, 2003, 'default.png', 27, 225),
(2004, 2004, 'default.png', 27, 225),
(2005, 2005, 'default.png', 27, 225),
(2006, 2006, 'default.png', 27, 223),
(2007, 2007, 'default.png', 27, 223),
(2008, 2008, 'default.png', 27, 223),
(2009, 2009, 'default.png', 27, 222),
(2010, 2010, 'default.png', 27, 222),
(2011, 2011, 'default.png', 27, 222),
(2012, 2012, 'default.png', 27, 227),
(2013, 2013, 'default.png', 27, 227),
(2014, 2014, 'default.png', 27, 227),
(2015, 2015, 'default.png', 27, 227),
(2016, 2016, 'default.png', 27, 227),
(2017, 2017, 'default.png', 27, 227),
(2018, 2018, 'default.png', 27, 230),
(2019, 2019, 'default.png', 27, 230),
(2020, 2020, 'default.png', 27, 230),
(2021, 2021, 'default.png', 27, 230),
(2022, 2022, 'default.png', 27, 230),
(2023, 2023, 'default.png', 27, 229),
(2024, 2024, 'default.png', 27, 217),
(2025, 2025, 'default.png', 27, 231),
(2026, 2026, 'default.png', 27, 231),
(2027, 2027, 'default.png', 27, 232),
(2028, 2028, 'default.png', 27, 232),
(2029, 2029, 'default.png', 27, 232),
(2030, 2030, 'default.png', 27, 233),
(2031, 2031, 'default.png', 27, 233),
(2032, 2032, 'default.png', 27, 233),
(2033, 2033, 'default.png', 27, 234),
(2034, 2034, 'default.png', 27, 235),
(2035, 2035, 'default.png', 27, 236),
(2036, 2036, 'default.png', 27, 236),
(2037, 2037, 'default.png', 27, 236),
(2038, 2038, 'default.png', 27, 235),
(2039, 2039, 'default.png', 27, 235),
(2040, 2040, 'default.png', 27, 237),
(2041, 2041, 'default.png', 27, 237),
(2042, 2042, 'default.png', 27, 237),
(2043, 2043, 'default.png', 27, 238),
(2044, 2044, 'default.png', 27, 238),
(2045, 2045, 'default.png', 27, 238),
(2046, 2046, 'default.png', 27, 239),
(2047, 2047, 'default.png', 27, 239),
(2048, 2048, 'default.png', 27, 239),
(2049, 2049, 'default.png', 27, 240),
(2050, 2050, 'default.png', 27, 240),
(2051, 2051, 'default.png', 27, 240),
(2052, 2052, 'default.png', 27, 241),
(2053, 2053, 'default.png', 27, 241),
(2054, 2054, 'default.png', 27, 241),
(2055, 2055, 'default.png', 27, 242),
(2056, 2056, 'default.png', 27, 242),
(2057, 2057, 'default.png', 27, 242),
(2058, 2058, 'default.png', 27, 243),
(2059, 2059, 'default.png', 27, 243),
(2060, 2060, 'default.png', 27, 243),
(2061, 2061, 'default.png', 27, 244),
(2062, 2062, 'default.png', 27, 244),
(2063, 2063, 'default.png', 27, 244),
(2064, 2064, 'default.png', 27, 245),
(2065, 2065, 'default.png', 27, 245),
(2066, 2066, 'default.png', 27, 245),
(2067, 2067, 'default.png', 27, 245),
(2068, 2068, 'default.png', 27, 246),
(2069, 2069, 'default.png', 27, 246),
(2070, 2070, 'default.png', 27, 246),
(2071, 2071, 'default.png', 27, 247),
(2072, 2072, 'default.png', 27, 247),
(2073, 2073, 'default.png', 27, 247),
(2074, 2074, 'default.png', 27, 68);

-- --------------------------------------------------------

--
-- Table structure for table `invoice_tb`
--

CREATE TABLE `invoice_tb` (
  `id` int(11) NOT NULL,
  `invoice_no` varchar(255) NOT NULL,
  `date` varchar(100) NOT NULL
) ENGINE=InnoDB DEFAULT CHARSET=utf8mb4;

--
-- Dumping data for table `invoice_tb`
--

INSERT INTO `invoice_tb` (`id`, `invoice_no`, `date`) VALUES
(52, '22|', '04/21/2022'),
(54, '24|', '04/21/2022'),
(56, '27|', '04/21/2022'),
(84, '57|', '04/26/2022'),
(85, '58|', '04/26/2022'),
(103, '78|', '04/27/2022'),
(155, '130|', '04/28/2022'),
(160, '139|', '04/29/2022'),
(161, '140|', '04/29/2022'),
(168, '147|', '2022-04-30'),
(170, '149|', '2022-05-02'),
(171, '150|151|', '2022-05-02'),
(172, '152|', '2022-05-02'),
(173, '153|', '2022-05-02'),
(174, '154|', '2022-05-02'),
(175, '155|', '2022-05-02'),
(176, '156|', '2022-05-02'),
(177, '157|', '2022-05-02'),
(178, '158|', '2022-05-02'),
(179, '159|', '2022-05-02'),
(180, '160|', '2022-05-02'),
(181, '161|', '2022-05-02'),
(182, '162|', '2022-05-02'),
(183, '163|', '2022-05-02'),
(184, '164|', '2022-05-02'),
(185, '165|', '2022-05-02'),
(186, '166|', '2022-05-02'),
(187, '167|', '2022-05-02'),
(188, '168|', '2022-05-02'),
(189, '169|', '2022-05-02'),
(190, '170|', '2022-05-02'),
(191, '171|', '2022-05-02'),
(192, '172|173|174|175|', '2022-05-02'),
(193, '176|177|', '2022-05-02'),
(194, '178|', '2022-05-02'),
(195, '179|', '2022-05-02'),
(196, '180|', '2022-05-02'),
(197, '181|', '2022-05-02'),
(198, '182|', '2022-05-02'),
(199, '183|', '2022-05-02'),
(200, '184|', '2022-05-02'),
(201, '185|', '2022-05-02'),
(202, '186|', '2022-05-02'),
(203, '187|', '2022-05-02'),
(204, '188|', '2022-05-02'),
(205, '189|', '2022-05-02'),
(206, '190|', '2022-05-02'),
(207, '191|', '2022-05-02'),
(208, '192|', '2022-05-02'),
(209, '193|', '2022-05-02'),
(210, '194|', '2022-05-02'),
(211, '195|', '2022-05-02'),
(212, '196|197|', '2022-05-02'),
(213, '198|', '2022-05-02'),
(214, '199|200|201|', '2022-05-02'),
(215, '202|203|', '2022-05-02'),
(239, '243|', '2022-05-04'),
(240, '244|', '2022-05-04'),
(241, '245|', '2022-05-04'),
(242, '246|', '2022-05-04'),
(243, '247|', '2022-05-04'),
(244, '248|', '2022-05-04'),
(245, '249|250|', '2022-05-04'),
(246, '251|', '2022-05-04'),
(247, '252|', '2022-05-04'),
(248, '253|', '2022-05-04'),
(249, '254|', '2022-05-04'),
(250, '255|', '2022-05-04'),
(251, '256|', '2022-05-04'),
(252, '257|', '2022-05-04'),
(253, '258|', '2022-05-04'),
(255, '260|', '2022-05-04'),
(256, '261|262|', '2022-05-04'),
(257, '263|', '2022-05-04'),
(258, '264|', '2022-05-04'),
(259, '265|', '2022-05-04'),
(260, '266|', '2022-05-04'),
(261, '267|', '2022-05-04'),
(262, '268|269|', '2022-05-04'),
(263, '270|271|', '2022-05-04'),
(264, '272|273|', '2022-05-04'),
(265, '274|', '2022-05-04'),
(266, '275|276|277|278|', '2022-05-04'),
(267, '279|', '2022-05-05'),
(268, '280|281|', '2022-05-05'),
(269, '282|', '2022-05-05'),
(270, '283|284|', '2022-05-05'),
(271, '285|286|', '2022-05-05'),
(272, '287|', '2022-05-05'),
(273, '288|289|290|291|292|293|294|295|296|', '2022-05-05'),
(274, '297|', '2022-05-05'),
(275, '298|', '2022-05-05'),
(276, '299|', '2022-05-05'),
(277, '300|', '2022-05-05'),
(278, '301|', '2022-05-05'),
(279, '302|303|304|', '2022-05-05'),
(280, '305|', '2022-05-05'),
(281, '306|307|308|309|310|311|', '2022-05-05'),
(282, '312|', '2022-05-05'),
(283, '313|', '2022-05-05'),
(284, '314|', '2022-05-05'),
(285, '315|316|317|', '2022-05-05'),
(286, '318|', '2022-05-05'),
(287, '319|', '2022-05-05'),
(288, '320|', '2022-05-05'),
(289, '321|', '2022-05-05'),
(290, '322|', '2022-05-05'),
(291, '323|324|', '2022-05-05'),
(292, '325|', '2022-05-05'),
(293, '326|', '2022-05-05'),
(295, '328|', '2022-05-05'),
(296, '329|', '2022-05-05'),
(297, '330|', '2022-05-05'),
(298, '331|', '2022-05-05'),
(299, '332|', '2022-05-05'),
(300, '333|334|335|336|', '2022-05-05'),
(301, '337|338|', '2022-05-05'),
(302, '339|', '2022-05-05'),
(303, '340|', '2022-05-05'),
(304, '341|', '2022-05-05'),
(305, '342|', '2022-05-05'),
(306, '343|', '2022-05-05'),
(307, '344|', '2022-05-05'),
(308, '345|', '2022-05-05'),
(311, '348|', '2022-05-06'),
(312, '349|', '2022-05-06'),
(313, '350|', '2022-05-06'),
(314, '351|', '2022-05-06'),
(315, '352|', '2022-05-07'),
(316, '353|', '2022-05-07'),
(317, '354|', '2022-05-07'),
(318, '355|', '2022-05-07'),
(319, '356|', '2022-05-07'),
(320, '357|', '2022-05-07'),
(321, '358|', '2022-05-07'),
(322, '359|', '2022-05-07'),
(323, '360|361|', '2022-05-07'),
(324, '362|', '2022-05-07'),
(325, '363|', '2022-05-07'),
(326, '364|', '2022-05-07'),
(327, '365|366|', '2022-05-07'),
(328, '367|368|', '2022-05-07'),
(329, '369|', '2022-05-07'),
(330, '370|371|', '2022-05-07'),
(331, '372|', '2022-05-07'),
(332, '373|', '2022-05-07'),
(333, '374|375|376|377|', '2022-05-07'),
(334, '378|', '2022-05-07'),
(335, '379|', '2022-05-07'),
(336, '380|', '2022-05-07'),
(337, '381|', '2022-05-07'),
(338, '382|', '2022-05-07'),
(339, '383|', '2022-05-07'),
(340, '384|', '2022-05-07'),
(341, '385|', '2022-05-07'),
(342, '386|387|', '2022-05-07'),
(343, '388|', '2022-05-07'),
(344, '389|', '2022-05-08'),
(345, '390|391|', '2022-05-08'),
(346, '392|393|394|', '2022-05-08'),
(347, '395|', '2022-05-08'),
(348, '396|397|', '2022-05-08'),
(349, '398|', '2022-05-08'),
(350, '399|', '2022-05-08'),
(351, '400|', '2022-05-08'),
(352, '401|', '2022-05-08'),
(353, '402|403|404|405|', '2022-05-08'),
(354, '406|', '2022-05-08'),
(355, '407|408|', '2022-05-08'),
(356, '409|', '2022-05-08'),
(357, '410|411|412|', '2022-05-08'),
(358, '413|', '2022-05-08'),
(359, '414|415|416|417|418|', '2022-05-08'),
(360, '419|', '2022-05-08'),
(361, '420|', '2022-05-08'),
(362, '421|422|423|424|425|', '2022-05-08'),
(365, '428|429|430|431|432|', '2022-05-09'),
(366, '433|', '2022-05-09'),
(367, '434|435|', '2022-05-09'),
(368, '436|', '2022-05-09'),
(369, '437|438|', '2022-05-09'),
(370, '439|440|', '2022-05-09'),
(371, '441|', '2022-05-09'),
(372, '442|', '2022-05-09'),
(373, '443|', '2022-05-09'),
(374, '444|445|', '2022-05-09'),
(375, '446|447|', '2022-05-09'),
(376, '448|', '2022-05-10'),
(377, '449|', '2022-05-10'),
(378, '450|451|452|453|', '2022-05-10'),
(379, '454|455|', '2022-05-10'),
(380, '456|457|', '2022-05-10'),
(381, '458|459|', '2022-05-10'),
(382, '460|461|462|463|464|465|', '2022-05-10'),
(383, '466|', '2022-05-10'),
(384, '467|', '2022-05-10'),
(385, '468|', '2022-05-10'),
(386, '469|', '2022-05-10'),
(387, '470|', '2022-05-10'),
(388, '471|', '2022-05-10'),
(389, '472|', '2022-05-10'),
(390, '473|474|475|', '2022-05-10'),
(391, '476|', '2022-05-10'),
(392, '477|', '2022-05-10'),
(393, '478|', '2022-05-10'),
(394, '479|', '2022-05-10'),
(395, '480|', '2022-05-10'),
(396, '481|', '2022-05-10'),
(397, '482|483|', '2022-05-10'),
(398, '484|485|', '2022-05-10'),
(399, '486|', '2022-05-10'),
(400, '487|', '2022-05-11'),
(401, '488|489|490|', '2022-05-11');

-- --------------------------------------------------------

--
-- Table structure for table `notifications_tb`
--

CREATE TABLE `notifications_tb` (
  `id` int(11) NOT NULL,
  `title` varchar(30) NOT NULL,
  `message` text NOT NULL,
  `branch_id` int(11) NOT NULL,
  `status_id` int(11) NOT NULL,
  `message_date` varchar(10) NOT NULL
) ENGINE=InnoDB DEFAULT CHARSET=utf8mb4;

--
-- Dumping data for table `notifications_tb`
--

INSERT INTO `notifications_tb` (`id`, `title`, `message`, `branch_id`, `status_id`, `message_date`) VALUES
(1, 'Inventory update', '5.11 Shirts have been increamented by 5, they are 30 in total now', 3, 2, '2022-05-01');

-- --------------------------------------------------------

--
-- Table structure for table `order_item_tb`
--

CREATE TABLE `order_item_tb` (
  `order_item_id` int(11) NOT NULL,
  `order_id` int(11) NOT NULL,
  `product_id` int(11) NOT NULL,
  `quantity` int(11) NOT NULL,
  `created_at` timestamp NOT NULL DEFAULT current_timestamp(),
  `modified_at` timestamp NOT NULL DEFAULT current_timestamp()
) ENGINE=InnoDB DEFAULT CHARSET=utf8mb4;

-- --------------------------------------------------------

--
-- Table structure for table `order_tb`
--

CREATE TABLE `order_tb` (
  `order_id` int(11) NOT NULL,
  `branch_id` int(11) NOT NULL,
  `session_id` int(11) NOT NULL,
  `total` int(11) NOT NULL,
  `created_at` timestamp NOT NULL DEFAULT current_timestamp(),
  `modified_at` timestamp NOT NULL DEFAULT current_timestamp(),
  `date` varchar(30) NOT NULL DEFAULT '12-03-2022'
) ENGINE=InnoDB DEFAULT CHARSET=utf8mb4;

-- --------------------------------------------------------

--
-- Table structure for table `payment_type_tb`
--

CREATE TABLE `payment_type_tb` (
  `payment_type_id` int(11) NOT NULL,
  `payment_type_name` varchar(100) NOT NULL
) ENGINE=InnoDB DEFAULT CHARSET=utf8mb4;

--
-- Dumping data for table `payment_type_tb`
--

INSERT INTO `payment_type_tb` (`payment_type_id`, `payment_type_name`) VALUES
(1, 'Cash'),
(2, 'Credit cards'),
(3, 'Checks'),
(4, 'Visa Cards');

-- --------------------------------------------------------

--
-- Table structure for table `product_detail_tb`
--

CREATE TABLE `product_detail_tb` (
  `product_id` int(11) NOT NULL,
  `product_name` varchar(100) DEFAULT NULL,
  `code_initual` varchar(11) NOT NULL,
  `category_id` int(11) DEFAULT NULL,
  `sale_price` int(11) DEFAULT NULL,
  `buy_price` int(11) DEFAULT NULL,
  `brand_id` int(11) DEFAULT NULL,
  `size_scheme_id` int(11) DEFAULT NULL,
  `supplier_id` int(11) DEFAULT NULL,
  `status_id` int(11) NOT NULL DEFAULT 1
) ENGINE=InnoDB DEFAULT CHARSET=utf8mb4;

--
-- Dumping data for table `product_detail_tb`
--

INSERT INTO `product_detail_tb` (`product_id`, `product_name`, `code_initual`, `category_id`, `sale_price`, `buy_price`, `brand_id`, `size_scheme_id`, `supplier_id`, `status_id`) VALUES
(1, '5.11 Stryke Pants', '', 2, 21000, 90000, 1, 2, 1, 1),
(2, '5.11 TDU Pants', '', 2, 210000, 90000, 1, 2, 1, 1),
(3, '5.11 US Pants', '', 2, 210000, 90000, 1, 2, 1, 1),
(4, 'Tactical Convertible Pants', '', 2, 210000, 90000, 1, 1, 1, 1),
(5, 'Taclite Pro Pants', '', 2, 210000, 90000, 1, 2, 1, 1),
(6, '5.11 TDU Ripstop Pants', '', 2, 210000, 90000, 1, 1, 1, 1),
(7, 'North Face Men Pants', '', 2, 210000, 90000, 3, 1, 1, 1),
(8, 'Under Amour Pants', '', 2, 210000, 90000, 2, 2, 1, 1),
(9, 'PDU Pants', '', 2, 210000, 90000, 1, 2, 1, 1),
(10, 'Columbia Hiking Pants', '', 2, 210000, 90000, 5, 2, 1, 1),
(11, 'Duluth Woment Pants', '', 2, 210000, 90000, 10, 2, 1, 1),
(12, 'Globe Spirit Hiking Pants', '', 2, 210000, 90000, 1, 1, 1, 1),
(13, 'Tactical Police Force', '', 2, 210000, 90000, 10, 2, 1, 1),
(14, 'May/Lite Pro Pants', '', 2, 210000, 90000, 1, 2, 1, 1),
(15, 'Taclite Pro Women Pants', '', 2, 270000, 90000, 1, 2, 1, 1),
(16, 'ESDY Pants', '', 2, 210000, 90000, 1, 1, 1, 1),
(17, 'Ck Gym Pants', '', 2, 210000, 90000, 13, 1, 1, 1),
(18, 'Under Armour Shorts', '', 6, 210000, 90000, 2, 1, 1, 1),
(19, 'Under Armour Soft Shorts', '', 6, 210000, 90000, 2, 1, 1, 1),
(20, 'Under Armour Casual Shorts', '', 6, 210000, 90000, 2, 2, 1, 1),
(21, 'Columbia Shorts', '', 6, 210000, 90000, 5, 1, 1, 1),
(22, 'North Face Shorts', '', 6, 210000, 90000, 3, 1, 1, 1),
(23, 'May/Lite Pro Shorts', '', 6, 210000, 90000, 1, 1, 1, 1),
(24, 'Taclite Pro Shorts', '', 6, 210000, 90000, 1, 2, 1, 1),
(25, 'U.S Shorts', '', 6, 210000, 90000, 1, 2, 1, 1),
(26, 'Stryke Shorts', '', 6, 210000, 90000, 1, 2, 1, 1),
(27, 'North Face Jampers(Hoodies)', '', 13, 210000, 90000, 3, 1, 1, 1),
(28, '5.11 Jampers(Hoodies)', '', 13, 210000, 90000, 1, 1, 1, 1),
(29, 'Columbia Fliss Jampers(Hoodies)', '', 13, 210000, 90000, 5, 1, 1, 1),
(30, 'Adidas Jampers(Hoodies)', '', 13, 210000, 90000, 12, 1, 1, 1),
(31, 'Under Armour Jampers(Hoodies)', '', 13, 210000, 90000, 2, 1, 1, 1),
(32, 'Columbia Rain Jackets', '', 7, 210000, 90000, 5, 1, 1, 1),
(33, 'North Face Rain Jackets', '', 7, 210000, 90000, 3, 1, 1, 1),
(34, 'Tactical Half Jackets', '', 7, 210000, 90000, 10, 3, 1, 1),
(35, 'Sweaters', '', 7, 210000, 90000, 10, 3, 1, 1),
(36, 'Women Half Jackets', '', 7, 210000, 90000, 10, 3, 1, 1),
(37, 'North Face Women Rain Jackets', '', 7, 210000, 90000, 3, 3, 1, 1),
(38, 'Columbia Women Rain Jackets', '', 7, 210000, 90000, 5, 3, 1, 1),
(39, 'Nike Gym Pants', '', 2, 210000, 90000, 11, 1, 1, 1),
(40, 'North Face Women Pants', '', 2, 210000, 90000, 3, 1, 1, 1),
(41, 'Cat Briefs (Under Wears)', '', 15, 210000, 90000, 7, 1, 1, 1),
(42, 'Under Amour Briefs/Under Wears', '', 15, 210000, 90000, 2, 1, 1, 1),
(43, '5.11 Tactical Cotton Shirt Long', '', 5, 210000, 90000, 1, 1, 1, 1),
(44, '5.11 Tactical Cotton Shirt Short', '', 5, 210000, 90000, 1, 1, 1, 1),
(45, '5.11 Tactical Polyster (Soft) Shirt Short', '', 5, 210000, 90000, 1, 1, 1, 1),
(46, '5.11 Tactical Polyster (Soft) Shirt Long', '', 5, 210000, 90000, 1, 1, 1, 1),
(47, 'Under Armour Wemen Shortsleeve Polos', '', 9, 210000, 90000, 2, 1, 1, 1),
(48, 'Cat Cap', '', 11, 80000, 80000, 7, 3, 1, 1),
(49, 'CAT Roller Back', '', 1, 440000, 50000, 7, 3, 1, 1),
(50, 'North Face Waist Bags(B)', '', 4, 150000, 90000, 3, 3, 1, 1),
(51, 'North Face Waist Bags(S)', '', 4, 150000, 90000, 3, 3, 1, 1),
(52, 'Columbia Roundneck T-Shirts', '', 9, 150000, 90000, 5, 3, 1, 1),
(54, 'Columbia Men Shirt Short', '', 5, 150000, 90000, 5, 1, 1, 1),
(55, 'Columbia Men Shirt Long', '', 5, 150000, 90000, 5, 1, 1, 1),
(56, 'Sandals', '', 3, 210000, 90000, 10, 3, 1, 1),
(57, 'Under Amour Caps', '', 11, 80000, 90000, 2, 3, 1, 1),
(58, 'Other Brands Caps', '', 11, 80000, 90000, 10, 3, 1, 1),
(59, 'Merrell Shoes', '', 12, 570000, 300000, 6, 3, 1, 1),
(60, 'Nike Roundneck T-Shirts', '', 9, 150000, 90000, 11, 3, 1, 1),
(61, 'Columbia Sun Hat', '', 11, 95000, 90000, 5, 3, 1, 1),
(62, 'Oakly Gloves (short)', '', 4, 95000, 90000, 10, 1, 1, 1),
(63, 'Oakly Gloves (Long)', '', 4, 95000, 90000, 10, 1, 1, 1),
(64, 'North Face Sunhats', '', 11, 80000, 50000, 3, 3, 1, 1),
(65, 'Tactical Sunhats', '', 11, 80000, 50000, 10, 3, 1, 1),
(66, 'Bucket Hats', '', 11, 80000, 50000, 10, 3, 1, 1),
(67, 'Non Branded Hats', '', 11, 80000, 50000, 10, 3, 1, 1),
(68, 'Surge Backpack', '', 1, 210000, 90000, 3, 3, 1, 1),
(69, 'Router Transit Backpacks', '', 1, 210000, 90000, 3, 3, 1, 1),
(70, 'Overhaul Backpack', '', 1, 210000, 90000, 3, 3, 1, 1),
(71, 'Terra 50 Backpack', '', 1, 210000, 90000, 3, 3, 1, 1),
(72, 'Police Force Pants', '', 2, 210000, 90000, 10, 2, 1, 1),
(73, 'Women Soft Pants', '', 2, 210000, 90000, 10, 1, 1, 1),
(74, 'Men Soft Pants', '', 2, 210000, 90000, 10, 1, 1, 1),
(75, 'Jean Pants', '', 2, 210000, 90000, 10, 2, 1, 1),
(76, 'Under Armour Sweat Pants', '', 2, 210000, 90000, 2, 1, 1, 1),
(77, 'Women Gym Wear Full', '', 2, 210000, 90000, 2, 1, 1, 1),
(78, 'Women Gym Pants', '', 2, 210000, 90000, 10, 3, 1, 1),
(79, 'G-Zero Pants', '', 2, 210000, 90000, 10, 2, 1, 1),
(80, 'Full Track Suit', '', 2, 210000, 90000, 10, 3, 1, 1),
(81, 'Track Pants', '', 2, 210000, 90000, 10, 3, 1, 1),
(82, 'Hard Pants', '', 2, 210000, 90000, 10, 2, 1, 1),
(83, 'Nike Sweaters', '', 4, 210000, 90000, 11, 1, 1, 1),
(84, 'Terra 65 Backpack', '', 1, 210000, 90000, 3, 3, 1, 1),
(85, 'Hot Shot', '', 1, 210000, 90000, 3, 3, 1, 1),
(86, 'Big Shot', '', 1, 210000, 90000, 3, 3, 1, 1),
(87, 'Supreme Backpack', '', 1, 210000, 90000, 3, 3, 1, 1),
(88, 'Foldable Gym Bags', '', 1, 210000, 90000, 3, 3, 1, 1),
(90, 'Gym Bags', '', 1, 210000, 90000, 3, 3, 1, 1),
(91, 'Women Bags', '', 1, 210000, 90000, 3, 3, 1, 1),
(92, 'Sun Hats', '', 11, 80000, 50000, 10, 3, 1, 1),
(93, 'Columbia Men Soft Shirt Long', '', 5, 210000, 90000, 5, 2, 1, 1),
(94, 'Columbia Men Soft Shirt Short', '', 5, 210000, 90000, 5, 1, 1, 1),
(95, 'Other Short Sleeved Shirt', '', 5, 210000, 90000, 10, 1, 1, 1),
(96, 'Moab Jam 30 Medic Kit', '', 4, 210000, 90000, 4, 3, 1, 1),
(97, 'Moab Jam 24 Medic Kit', '', 4, 210000, 90000, 4, 3, 1, 1),
(98, 'Moab Jam 18 Medic Kit', '', 4, 210000, 90000, 4, 3, 1, 1),
(99, 'Mountaineer 36', '', 1, 210000, 90000, 4, 3, 1, 1),
(100, 'Highland TX 60', '', 1, 210000, 90000, 4, 3, 1, 1),
(101, 'Denali 70', '', 1, 210000, 90000, 4, 3, 1, 1),
(102, 'Velocity 12', '', 1, 210000, 90000, 4, 3, 1, 1),
(103, 'CAT Backpacks', '', 1, 210000, 90000, 7, 3, 1, 1),
(104, 'Deuter Futura', '', 1, 210000, 90000, 10, 3, 1, 1),
(105, 'Deuter Futura 42', '', 1, 210000, 90000, 10, 3, 1, 1),
(106, 'Deuter Futura 28', '', 1, 210000, 90000, 10, 3, 1, 1),
(107, 'Deuter Air Contact Lite', '', 1, 210000, 90000, 10, 3, 1, 1),
(108, 'Westfield Outdoor Roller', '', 1, 210000, 90000, 10, 3, 1, 1),
(109, 'Rush 72', '', 1, 210000, 90000, 1, 3, 1, 1),
(110, 'Rush 24', '', 1, 210000, 90000, 1, 3, 1, 1),
(111, 'Rush 12', '', 1, 210000, 90000, 1, 3, 1, 1),
(112, 'All Harzard Nitro', '', 1, 210000, 90000, 1, 3, 1, 1),
(113, 'All Harzard Prime', '', 1, 210000, 90000, 1, 3, 1, 1),
(114, 'Rush Delivery Mike', '', 1, 210000, 90000, 1, 3, 1, 1),
(115, 'Rush Delivery Lima', '', 1, 210000, 90000, 1, 3, 1, 1),
(116, '5.11 Medic Kit', '', 4, 210000, 90000, 1, 3, 1, 1),
(117, 'North Face (Sling) Shoulder Bag', '', 1, 210000, 90000, 3, 3, 1, 1),
(118, 'North Face Camera Bag(B)', '', 1, 210000, 90000, 3, 3, 1, 1),
(119, 'North Face Camera Bag(S)', '', 1, 210000, 90000, 3, 3, 1, 1),
(120, 'CAT Shoulder Bags', '', 4, 210000, 90000, 7, 3, 1, 1),
(121, 'Other Shoulder Bags', '', 1, 210000, 90000, 10, 3, 1, 1),
(122, 'CAT Waist Bags', '', 4, 210000, 90000, 7, 3, 1, 1),
(123, 'Deuter Waist Bags', '', 4, 210000, 90000, 10, 3, 1, 1),
(124, 'Jackwolfeskin Waist Bags', '', 4, 210000, 90000, 4, 3, 1, 1),
(125, 'In-Soles (shoe Carpet)', '', 4, 210000, 90000, 10, 3, 1, 1),
(126, 'North Face Money Belts', '', 4, 210000, 90000, 3, 3, 1, 1),
(127, 'Oakley Glasses', '', 10, 210000, 90000, 10, 3, 1, 1),
(128, 'V-Kool Glasses', '', 10, 210000, 90000, 10, 3, 1, 1),
(129, 'Dingsheng Glasses', '', 10, 210000, 90000, 10, 3, 1, 1),
(130, 'Ray Ban', '', 10, 210000, 90000, 10, 3, 1, 1),
(131, 'M-Pact Gloves (Short)', '', 4, 210000, 90000, 10, 1, 1, 1),
(132, 'M-Pact Gloves (Long)', '', 4, 210000, 90000, 10, 1, 1, 1),
(133, 'Remixon Gloves', '', 4, 210000, 90000, 10, 3, 1, 1),
(134, 'Other Gloves', '', 4, 210000, 90000, 10, 3, 1, 1),
(136, '5.11 Hard Buckle', '', 4, 210000, 90000, 1, 3, 1, 1),
(137, '5.11 TDU Belts', '', 4, 210000, 90000, 1, 3, 1, 1),
(138, 'Tactical Belt', '', 4, 210000, 90000, 1, 3, 1, 1),
(139, 'Leather Belts', '', 4, 210000, 90000, 1, 3, 1, 1),
(140, 'Luggage Belts', '', 4, 210000, 90000, 1, 3, 1, 1),
(141, 'Luggage Padlocks', '', 4, 210000, 90000, 10, 3, 1, 1),
(142, 'Flag Patches', '', 4, 20000, 9000, 10, 3, 1, 1),
(143, 'Flag Stickers', '', 4, 20000, 9000, 10, 3, 1, 1),
(144, 'Socks (Long)', '', 4, 210000, 90000, 10, 3, 1, 1),
(145, 'Socks (Short)', '', 4, 210000, 90000, 10, 3, 1, 1),
(146, '5.11 Wallets', '', 4, 210000, 90000, 1, 3, 1, 1),
(147, 'CAT Wallets', '', 4, 210000, 90000, 7, 3, 1, 1),
(148, 'Leather Wallets', '', 4, 210000, 90000, 10, 3, 1, 1),
(149, 'Passport Holders (B)', '', 4, 95000, 50000, 10, 3, 1, 1),
(150, 'Passport Holders (S)', '', 4, 80000, 5000, 10, 3, 1, 1),
(151, 'CAT Suitcases', '', 1, 210000, 90000, 7, 3, 1, 1),
(152, 'ParaJohn Suitcases', '', 1, 210000, 90000, 10, 3, 1, 1),
(153, 'ParaJohn Towels', '', 4, 210000, 90000, 10, 3, 1, 1),
(155, 'Shoe Lances', '', 4, 210000, 90000, 10, 3, 1, 1),
(156, '5.11 Bottle Pulch', '', 4, 210000, 90000, 1, 3, 1, 1),
(157, 'Bottle Pulch', '', 4, 210000, 90000, 10, 3, 1, 1),
(158, 'CAT Car Carger (Micro)', '', 4, 210000, 90000, 7, 3, 1, 1),
(159, 'CAT Phone (B26)', '', 4, 210000, 90000, 7, 3, 1, 1),
(160, 'Sonada Torches', '', 4, 210000, 90000, 10, 3, 1, 1),
(161, 'GHS Torches', '', 4, 210000, 90000, 10, 3, 1, 1),
(162, 'Police Torches', '', 4, 210000, 90000, 10, 3, 1, 1),
(163, 'Other Torches', '', 4, 210000, 90000, 10, 3, 1, 1),
(164, 'Thuraya Power Banks', '', 4, 210000, 90000, 10, 3, 1, 1),
(165, 'Huawei Power Banks', '', 4, 210000, 90000, 10, 3, 1, 1),
(167, 'Paracode With Compass', '', 4, 210000, 90000, 10, 3, 1, 1),
(168, 'Paracode Without Compass', '', 4, 210000, 90000, 10, 3, 1, 1),
(169, 'Avex Water Bottles', '', 4, 210000, 90000, 10, 3, 1, 1),
(170, 'Reebok Water Bottles', '', 4, 210000, 90000, 10, 3, 1, 1),
(171, 'Other Water Bottles', '', 4, 210000, 90000, 10, 3, 1, 1),
(172, 'Travel Flasks (B)', '', 4, 210000, 90000, 10, 3, 1, 1),
(173, 'Travel Flasks (S)', '', 4, 210000, 90000, 10, 3, 1, 1),
(174, 'X-Blaze Headlamps', '', 4, 210000, 90000, 10, 3, 1, 1),
(175, 'Focus Headlamps', '', 4, 210000, 90000, 10, 3, 1, 1),
(176, 'CAT ATM Card Holders', '', 4, 210000, 90000, 7, 3, 1, 1),
(177, 'ID Holders', '', 4, 210000, 90000, 10, 3, 1, 1),
(178, 'Cash Carriers', '', 4, 210000, 90000, 10, 3, 1, 1),
(179, 'Key Holders', '', 4, 210000, 90000, 10, 3, 1, 1),
(180, 'Swiss Card (Victorianox)', '', 4, 210000, 90000, 10, 3, 1, 1),
(181, 'Swiss Knife', '', 4, 210000, 90000, 10, 3, 1, 1),
(182, 'Swiss Tool (victorinox)', '', 4, 210000, 90000, 10, 3, 1, 1),
(183, 'Picnic Tool (set)', '', 4, 210000, 90000, 10, 3, 1, 1),
(184, 'Travel Selection Packs', '', 4, 210000, 90000, 10, 3, 1, 1),
(185, 'Weighing Scales', '', 4, 210000, 90000, 10, 3, 1, 1),
(186, 'Glass Breaker', '', 4, 210000, 90000, 10, 3, 1, 1),
(187, 'Sports Arm Bands', '', 4, 210000, 90000, 10, 3, 1, 1),
(188, 'Wrist Bands', '', 4, 210000, 90000, 10, 3, 1, 1),
(189, 'Yoga Mats', '', 4, 210000, 90000, 10, 3, 1, 1),
(190, 'ParaJohn Neck Pillows', '', 4, 210000, 90000, 10, 3, 1, 1),
(191, 'Other Neck Pillows', '', 4, 210000, 90000, 10, 3, 1, 1),
(192, 'Puflins Writ Support Band', '', 4, 210000, 90000, 10, 3, 1, 1),
(193, 'Ropes Wrist Support Band', '', 4, 210000, 90000, 10, 3, 1, 1),
(194, 'Gillete Wrist Support Band', '', 4, 210000, 90000, 10, 3, 1, 1),
(195, 'Leatherman Tool Micra', '', 4, 210000, 90000, 9, 3, 1, 1),
(196, 'Cutter', '', 4, 210000, 90000, 10, 3, 1, 1),
(197, 'Whistle', '', 4, 210000, 90000, 10, 3, 1, 1),
(198, 'ParaJohn Case Covers', '', 4, 210000, 90000, 8, 3, 1, 1),
(199, 'Golden Dollar', '', 4, 210000, 90000, 10, 3, 1, 1),
(200, 'Bag Stoppers', '', 4, 210000, 90000, 10, 3, 1, 1),
(201, 'Ranger Perfumes', '', 4, 210000, 90000, 10, 3, 1, 1),
(202, 'Diesel Comourflage Pefumes', '', 4, 210000, 90000, 10, 3, 1, 1),
(203, 'Golden Pefumes (S)', '', 4, 210000, 90000, 10, 3, 1, 1),
(204, 'Golden Pefumes (B)', '', 4, 210000, 90000, 10, 3, 1, 1),
(205, 'Golden Pefumes White', '', 4, 210000, 90000, 10, 3, 1, 1),
(206, 'Naviforce Watches', '', 4, 210000, 90000, 10, 3, 1, 1),
(207, 'USA Flags', '', 4, 210000, 90000, 10, 3, 1, 1),
(208, 'Camp Shower', '', 4, 210000, 90000, 10, 3, 1, 1),
(209, 'Camping Tents', '', 4, 210000, 90000, 10, 3, 1, 1),
(210, 'North Face Caps', '', 11, 210000, 90000, 3, 3, 1, 1),
(211, 'Nike Caps', '', 11, 210000, 90000, 11, 3, 1, 1),
(212, 'Ralph Lauren Cap', '', 11, 210000, 90000, 10, 3, 1, 1),
(213, 'Tommy Hilfiger Caps', '', 11, 210000, 90000, 10, 3, 1, 1),
(214, 'Columbia Caps', '', 11, 210000, 90000, 5, 3, 1, 1),
(215, '5.11 Caps', '', 11, 210000, 90000, 1, 3, 1, 1),
(216, 'Nike Golf Caps', '', 11, 210000, 90000, 11, 3, 1, 1),
(217, 'Fila Caps', '', 11, 210000, 90000, 10, 3, 1, 1),
(218, 'Merelle High Cut Hiking Shoes', '', 12, 210000, 90000, 6, 3, 1, 1),
(219, 'Merelle Low Cut Hiking Shoes', '', 12, 210000, 90000, 6, 3, 1, 1),
(220, 'Jackwolfeskin High Cut Hiking Shoes', '', 12, 210000, 90000, 4, 3, 1, 1),
(221, 'Jackwolfeskin Low Cut Hiking Shoes', '', 12, 210000, 90000, 4, 3, 1, 1),
(222, 'Columbia High Cut Hiking Shoes', '', 12, 210000, 90000, 5, 3, 1, 1),
(223, 'Columbia Low Cut Hiking Shoes', '', 12, 210000, 90000, 5, 3, 1, 1),
(224, 'North Face High Cut Hiking Shoes', '', 12, 210000, 90000, 3, 3, 1, 1),
(225, 'North Face Low Cut Hiking Shoes', '', 12, 210000, 90000, 3, 3, 1, 1),
(226, 'Regatta High Cut Hiking Shoes', '', 12, 210000, 90000, 10, 3, 1, 1),
(227, 'Regatta Low Cut Hiking Shoes', '', 12, 210000, 90000, 10, 3, 1, 1),
(229, 'Dr Scholls Low Cut Hiking Shoe', '', 12, 210000, 90000, 10, 3, 1, 1),
(230, 'Dr Scholls High Cut Hiking Shoe', '', 12, 210000, 90000, 10, 3, 1, 1),
(231, 'Fila Low Cat Hiking Shoe', '', 12, 210000, 90000, 10, 3, 1, 1),
(232, 'Fila High Cat Hiking Shoe', '', 12, 210000, 90000, 10, 3, 1, 1),
(233, 'All Rounder Shoes', '', 12, 210000, 90000, 10, 3, 1, 1),
(234, 'CAT Steel Toe Shoes', '', 11, 210000, 90000, 7, 3, 1, 1),
(235, 'Nike Sneakers', '', 12, 210000, 90000, 11, 3, 1, 1),
(236, 'Salomon Sneakers', '', 12, 210000, 90000, 10, 3, 1, 1),
(237, 'Puma Sneakers', '', 12, 210000, 90000, 10, 3, 1, 1),
(238, 'Rebook', '', 12, 210000, 90000, 10, 3, 1, 1),
(239, 'Adidas Sneakers', '', 12, 210000, 90000, 12, 3, 1, 1),
(240, 'Under Armour Sneakers', '', 12, 210000, 90000, 2, 3, 1, 1),
(241, 'SWAT Boots', '', 12, 210000, 90000, 10, 3, 1, 1),
(242, 'Parashot Boots', '', 12, 210000, 90000, 10, 3, 1, 1),
(243, 'Delta Boots', '', 12, 210000, 90000, 10, 3, 1, 1),
(244, 'Tactical Research Boots', '', 12, 210000, 90000, 10, 3, 1, 1),
(245, 'T.S.F Boots', '', 12, 210000, 90000, 10, 3, 1, 1),
(246, 'Magnum Boots', '', 12, 210000, 90000, 10, 3, 1, 1),
(247, 'Non Branded Scholars', '', 3, 210000, 90000, 10, 3, 1, 1),
(248, 'CAT Shoes (Code Based)', '', 12, 210000, 90000, 7, 3, 1, 1),
(249, 'Wrist Support Bands', '', 4, 210000, 90000, 10, 3, 1, 1),
(251, '  Colombia Shortsleeved Polos', '', 9, 150000, 90000, 5, 3, 1, 1),
(252, 'Colombia Longsleeved Polos', '', 9, 150000, 90000, 5, 1, 1, 1),
(253, 'North Face Shortsleeved Polos', '', 9, 150000, 90000, 3, 3, 1, 1),
(254, 'North Face Longsleeved Polos', '', 9, 150000, 90000, 3, 1, 1, 1),
(255, '5.11 Shortsleeved Polos', '', 9, 150000, 90000, 1, 3, 1, 1),
(256, '5.11 Longsleeved Polos', '', 9, 150000, 90000, 1, 1, 1, 1),
(257, 'Nike Men  Shortsleeved Polos', '', 9, 150000, 90000, 11, 3, 1, 1),
(258, 'Nike Women Longsleeved Polos', '', 9, 150000, 90000, 11, 1, 1, 1),
(259, 'North Face Roundneck Longsleeved T-Shirts', '', 9, 150000, 90000, 3, 3, 1, 1),
(260, '5.11 Roundneck Shortsleeve T-Shirts', '', 9, 150000, 90000, 1, 3, 1, 1),
(261, 'Under Armour Roundneck T-Shirts', '', 9, 150000, 90000, 2, 3, 1, 1),
(262, '5.11 Vests', '', 4, 150000, 90000, 1, 1, 1, 1),
(263, 'North Face Roundneck Women T-Shirts', '', 9, 150000, 80000, 3, 3, 1, 1),
(264, 'Under Amour Roundneck Women T-Shirts', '', 9, 150000, 90000, 2, 3, 1, 1),
(265, 'Caterpillar Caps', '', 11, 150000, 90000, 10, 3, 1, 1),
(266, 'Mactac', '', 1, 150000, 90000, 1, 3, 1, 1),
(268, 'North Face (B) Shoulder Bag', '', 4, 210000, 90000, 3, 3, 1, 1),
(270, 'Camera Shoulder Bags', '', 4, 210000, 90000, 10, 3, 1, 1),
(273, 'Monery Belts', '', 4, 150000, 90000, 10, 3, 1, 1),
(274, 'Card Holders', '', 4, 150000, 90000, 10, 3, 1, 1),
(275, 'Power Style Torches', '', 4, 210000, 90000, 10, 3, 0, 1),
(276, 'Tactical Waist Bags', '', 4, 210000, 90000, 10, 3, 1, 1),
(277, 'Surge Transit', '', 1, 210000, 90000, 3, 3, 1, 1),
(278, 'Recon', '', 1, 210000, 90000, 3, 3, 1, 1),
(279, 'Women Gym Bags', '', 1, 210000, 90000, 3, 3, 1, 1),
(280, 'North Face Duffo', '', 1, 210000, 90000, 3, 3, 1, 1),
(281, 'Jackwolfeskin (Big) Backpark', '', 1, 210000, 90000, 4, 3, 1, 1),
(282, 'Jackwolfeskin Moab Jam', '', 1, 210000, 90000, 4, 3, 1, 1),
(283, 'Columbia Women Shirts Long', '', 5, 210000, 90000, 5, 1, 1, 1),
(284, 'Columbia Women Shirts Short', '', 5, 210000, 90000, 5, 1, 1, 1),
(285, 'Under Armour Longsleeve Polos', '', 9, 150000, 90000, 2, 3, 1, 1),
(286, 'US Shorts', '', 6, 210000, 90000, 1, 2, 1, 1),
(287, 'TDU Ripstop Pants Soft', '', 2, 210000, 90000, 1, 2, 1, 1),
(288, 'Mzuno Pants', '', 2, 210000, 90000, 10, 1, 1, 1),
(289, 'Unhelmed Pants', '', 2, 210000, 90000, 10, 2, 1, 1),
(290, 'Swim Shorts', '', 6, 210000, 90000, 10, 3, 1, 1),
(291, 'Jackwolfeskin Ham Rock 12', '', 1, 230000, 90000, 4, 3, 1, 1),
(292, 'Other Powerbanks', '', 4, 210000, 90000, 10, 3, 1, 1),
(293, 'Nike Women Roundneck T-Shirts', '', 9, 210000, 90000, 11, 3, 1, 1),
(294, 'Columbia Women Roundneck T-Shirts', '', 9, 210000, 90000, 5, 3, 1, 1),
(296, 'Asorted Product', '', 18, 210000, 90000, 10, 3, 1, 1),
(298, 'Tactical Shirt Short ', '', 5, 210000, 90000, 10, 1, 1, 1),
(299, 'Nike Women Shortsleeved Polos', '', 9, 210000, 90000, 11, 3, 1, 1),
(300, 'Headsocks', '', 4, 210000, 90000, 10, 3, 1, 1),
(301, 'Nike Women Longsleeved Polos', '', 9, 210000, 90000, 11, 3, 1, 1),
(302, 'Nike Men Roundneck T-Shirts', '', 9, 210000, 90000, 11, 3, 1, 1),
(303, 'Under Amour Polo Women T-Shirts', '', 9, 210000, 90000, 2, 3, 1, 1),
(306, 'Under Armour Shortsleeve Polos', '', 9, 210000, 90000, 2, 3, 1, 1),
(307, 'Apollo Undershirt', '', 9, 210000, 90000, 10, 3, 1, 1),
(309, 'Adidas T-Shirts', '', 9, 210000, 90000, 12, 3, 1, 1),
(310, 'Pollo Polo T-Shirts', '', 9, 210000, 90000, 10, 3, 1, 1),
(311, 'Columbia Polo T-Shirts', '', 9, 210000, 90000, 5, 3, 1, 1),
(312, 'F.J Polo T-Shirts', '', 9, 210000, 90000, 10, 3, 1, 1),
(313, 'Lacoste Polos T-Shirts', '', 9, 210000, 90000, 10, 3, 1, 1),
(314, 'Under Armour  Vest', '', 4, 210000, 90000, 2, 1, 1, 1),
(315, '5.11 Women Shirts', '', 5, 210000, 90000, 1, 1, 1, 1),
(316, '5.11 Women Shirts Long', '', 5, 210000, 90000, 1, 1, 1, 1),
(317, 'Ralph Lauren', '', 11, 210000, 90000, 10, 3, 1, 1),
(318, 'North Face Roundneck Shortsleeved T-Shirts', '', 9, 150000, 90000, 3, 1, 1, 1),
(320, 'SWAT Caps', '', 11, 80000, 50000, 10, 3, 1, 1),
(321, '5.11 Roundneck Longsleeve T-Shirts', '', 9, 210000, 90000, 1, 3, 1, 1),
(322, 'Under Armour Fish T-Shirt Polo', '', 9, 210000, 90000, 3, 3, 1, 1),
(323, 'Non Branded Caps', '', 11, 210000, 90000, 10, 3, 1, 1),
(324, 'Nikula Binocular Small', '', 4, 325000, 90000, 10, 3, 1, 1),
(325, 'DISRUPT', '', 12, 210000, 90000, 7, 3, 1, 1),
(326, 'CONVERT', '', 12, 210000, 90000, 7, 3, 1, 1),
(327, 'MONITOR', '', 12, 210000, 90000, 7, 3, 1, 1),
(328, 'URBAN TRACKS SPORT LTH', '', 12, 210000, 90000, 7, 3, 1, 1),
(329, 'URBAN TRACKS HI', '', 12, 210000, 90000, 7, 3, 1, 1),
(330, 'CAST', '', 12, 210000, 90000, 7, 3, 1, 1),
(331, 'VAPOR', '', 12, 210000, 90000, 7, 3, 1, 1),
(332, 'TRESPASS', '', 12, 210000, 90000, 7, 3, 1, 1),
(333, 'FUSED SLIP ON', '', 12, 210000, 90000, 7, 3, 1, 1),
(334, 'HIGHLANDER', '', 12, 210000, 90000, 7, 3, 1, 1),
(335, 'BRAWN', '', 12, 210000, 90000, 7, 3, 1, 1),
(336, 'INTRUDER', '', 12, 210000, 90000, 7, 3, 1, 1),
(337, 'INFLUENCE20 LEATHER', '', 12, 210000, 90000, 7, 3, 1, 1),
(338, 'FOUNDER WP TX', '', 12, 210000, 90000, 7, 3, 1, 1),
(339, 'FOUNDER', '', 12, 210000, 90000, 7, 3, 1, 1),
(340, 'MERIDIAN WP', '', 12, 210000, 90000, 7, 3, 1, 1),
(341, 'URBAN TRACKS SPORT', '', 12, 210000, 90000, 7, 3, 1, 1),
(342, 'VENTURA BASE', '', 12, 210000, 90000, 7, 3, 1, 1),
(343, 'PROGRESSOR', '', 12, 210000, 90000, 7, 3, 1, 1),
(344, 'RAIDER SPORT', '', 12, 210000, 90000, 7, 3, 1, 1),
(345, 'FOUST', '', 12, 210000, 90000, 7, 3, 1, 1),
(346, 'TITUS P725013', '', 12, 210000, 90000, 7, 3, 1, 1),
(347, 'REPLETE P725025', '', 12, 210000, 90000, 7, 3, 1, 1),
(348, 'URBAN TRACKS SPORT P724413', '', 12, 210000, 90000, 7, 3, 1, 1),
(349, 'GILES P716654', '', 12, 210000, 90000, 7, 3, 1, 1),
(350, 'GILES P716653', '', 12, 210000, 90000, 7, 3, 1, 1),
(351, 'QUEST RACER MESH P110350', '', 12, 210000, 90000, 7, 3, 1, 1),
(352, 'MICAH P725044', '', 12, 210000, 90000, 7, 3, 1, 1),
(353, 'MICAH P725045', '', 12, 210000, 90000, 7, 3, 1, 1),
(354, 'MOAB 2 LTR MID GTX J033311', '', 12, 210000, 90000, 6, 3, 1, 1),
(355, 'JUNGLE MOC LTR 2 J17199', '', 12, 210000, 90000, 6, 3, 1, 1),
(356, 'MOAB 2 LTR MID GTX J500075', '', 12, 210000, 90000, 6, 3, 1, 1),
(357, 'MOAB ADVENTURE MID WP J91819', '', 13, 210000, 90000, 6, 3, 1, 1),
(358, 'MOAB ADVENTURE MOC J91837', '', 12, 210000, 90000, 6, 3, 1, 1),
(359, 'MOAB ADVENTURE MOC J91833', '', 12, 210000, 90000, 6, 3, 1, 1),
(360, 'CATALYST SUEDE J000091', '', 12, 210000, 90000, 6, 3, 1, 1),
(361, 'MTL LONG SKY J066223', '', 12, 210000, 90000, 6, 3, 1, 1),
(362, 'MTL LONG SKY  J066299', '', 12, 210000, 90000, 6, 3, 1, 1);

-- --------------------------------------------------------

--
-- Table structure for table `shift_tb`
--

CREATE TABLE `shift_tb` (
  `shift_id` int(11) NOT NULL,
  `shift_name` varchar(100) NOT NULL,
  `shift_period` varchar(200) DEFAULT NULL,
  `created_at` timestamp NOT NULL DEFAULT current_timestamp(),
  `modified_at` timestamp NOT NULL DEFAULT current_timestamp()
) ENGINE=InnoDB DEFAULT CHARSET=utf8mb4;

--
-- Dumping data for table `shift_tb`
--

INSERT INTO `shift_tb` (`shift_id`, `shift_name`, `shift_period`, `created_at`, `modified_at`) VALUES
(1, 'Day', '8:00 AM - 6:00 PM', '2022-04-05 02:01:09', '2022-04-05 02:01:09'),
(2, 'Evening', '6:00 PM - 9:00 PM', '2022-04-05 02:01:09', '2022-04-05 02:01:09');

-- --------------------------------------------------------

--
-- Table structure for table `size_Scheme_tb`
--

CREATE TABLE `size_Scheme_tb` (
  `scheme_id` int(11) NOT NULL,
  `scheme_name` varchar(30) NOT NULL,
  `date` timestamp NOT NULL DEFAULT current_timestamp()
) ENGINE=InnoDB DEFAULT CHARSET=utf8mb4;

--
-- Dumping data for table `size_Scheme_tb`
--

INSERT INTO `size_Scheme_tb` (`scheme_id`, `scheme_name`, `date`) VALUES
(1, 'Character eg XL', '2022-04-05 02:02:36'),
(2, 'Number eg. 45', '2022-04-05 02:02:36'),
(3, 'Special Case', '2022-04-05 02:02:36');

-- --------------------------------------------------------

--
-- Table structure for table `size_tb`
--

CREATE TABLE `size_tb` (
  `size_id` int(11) NOT NULL,
  `size_label` varchar(100) NOT NULL,
  `innitual` varchar(30) NOT NULL,
  `size_scheme_id` int(11) NOT NULL DEFAULT 2,
  `created_at` timestamp NOT NULL DEFAULT current_timestamp(),
  `modified_at` timestamp NOT NULL DEFAULT current_timestamp()
) ENGINE=InnoDB DEFAULT CHARSET=utf8mb4;

--
-- Dumping data for table `size_tb`
--

INSERT INTO `size_tb` (`size_id`, `size_label`, `innitual`, `size_scheme_id`, `created_at`, `modified_at`) VALUES
(1, '28', '28', 2, '2022-04-05 02:05:24', '2022-04-05 02:05:24'),
(2, '29', '29', 2, '2022-04-05 02:05:24', '2022-04-05 02:05:24'),
(3, '30', '30', 2, '2022-04-05 02:05:24', '2022-04-05 02:05:24'),
(4, '31', '31', 2, '2022-04-05 02:05:24', '2022-04-05 02:05:24'),
(5, '32', '32', 2, '2022-04-05 02:05:24', '2022-04-05 02:05:24'),
(6, '33', '33', 2, '2022-04-05 02:05:24', '2022-04-05 02:05:24'),
(7, '34', '34', 2, '2022-04-05 02:05:24', '2022-04-05 02:05:24'),
(8, '35', '35', 2, '2022-04-05 02:05:24', '2022-04-05 02:05:24'),
(9, '36', '36', 2, '2022-04-05 02:05:24', '2022-04-05 02:05:24'),
(10, '38', '38', 2, '2022-04-05 02:05:24', '2022-04-05 02:05:24'),
(11, '40', '40', 2, '2022-04-05 02:05:24', '2022-04-05 02:05:24'),
(12, '40.5', '40.5', 2, '2022-04-05 02:05:24', '2022-04-05 02:05:24'),
(13, '41', '41', 2, '2022-04-05 02:05:24', '2022-04-05 02:05:24'),
(14, '41.5', '41.5', 2, '2022-04-05 02:05:24', '2022-04-05 02:05:24'),
(15, '42', '42', 2, '2022-04-05 02:05:24', '2022-04-05 02:05:24'),
(16, '42.5', '42.5', 2, '2022-04-05 02:05:24', '2022-04-05 02:05:24'),
(17, '43', '43', 2, '2022-04-05 02:05:24', '2022-04-05 02:05:24'),
(18, '43.5', '43.5', 2, '2022-04-05 02:05:24', '2022-04-05 02:05:24'),
(19, '44', '44', 2, '2022-04-05 02:05:24', '2022-04-05 02:05:24'),
(20, '44.5', '44.5', 2, '2022-04-05 02:05:24', '2022-04-05 02:05:24'),
(21, '45', '45', 2, '2022-04-05 02:05:24', '2022-04-05 02:05:24'),
(22, '45.5', '45.5', 2, '2022-04-05 02:05:24', '2022-04-05 02:05:24'),
(23, '46', '46', 2, '2022-04-05 02:05:24', '2022-04-05 02:05:24'),
(24, '46.5', '46.5', 2, '2022-04-05 02:05:24', '2022-04-05 02:05:24'),
(25, '47', '47', 2, '2022-04-05 02:05:24', '2022-04-05 02:05:24'),
(26, '47.5', '47.5', 2, '2022-04-05 02:05:24', '2022-04-05 02:05:24'),
(27, '48', '48', 2, '2022-04-05 02:05:24', '2022-04-05 02:05:24'),
(28, '48.5', '48.5', 2, '2022-04-05 02:05:24', '2022-04-05 02:05:24'),
(29, '49', '49', 2, '2022-04-05 02:05:24', '2022-04-05 02:05:24'),
(30, '49.5', '49.5', 2, '2022-04-05 02:05:24', '2022-04-05 02:05:24'),
(31, '50', '50', 2, '2022-04-05 02:05:24', '2022-04-05 02:05:24'),
(32, 'XS', 'XS', 1, '2022-04-05 02:05:24', '2022-04-05 02:05:24'),
(33, 'S', 'SS', 1, '2022-04-05 02:05:24', '2022-04-05 02:05:24'),
(34, 'M', 'MM', 1, '2022-04-05 02:05:24', '2022-04-05 02:05:24'),
(35, 'L', 'LL', 1, '2022-04-05 02:05:24', '2022-04-05 02:05:24'),
(36, 'XL', 'XL', 1, '2022-04-05 02:05:24', '2022-04-05 02:05:24'),
(37, '2XL', '2X', 1, '2022-04-05 02:05:24', '2022-04-05 02:05:24'),
(38, '3XL', '3X', 1, '2022-04-05 02:05:24', '2022-04-05 02:05:24'),
(39, '4XL', '4X', 1, '2022-04-05 02:05:24', '2022-04-05 02:05:24'),
(40, '5XL', '5X', 1, '2022-04-05 02:05:24', '2022-04-05 02:05:24'),
(41, 'Regular', 'RE', 1, '2022-04-05 02:05:24', '2022-04-05 02:05:24'),
(42, '2', '02', 2, '2022-04-05 02:05:24', '2022-04-05 02:05:24'),
(43, '4', '04', 2, '2022-04-05 02:05:24', '2022-04-05 02:05:24'),
(44, '6', '06', 2, '2022-04-05 02:05:24', '2022-04-05 02:05:24'),
(45, '8', '08', 2, '2022-04-05 02:05:24', '2022-04-05 02:05:24'),
(46, '10', '10', 2, '2022-04-05 02:05:24', '2022-04-05 02:05:24'),
(47, '12', '12', 2, '2022-04-05 02:05:24', '2022-04-05 02:05:24'),
(48, '13', '13', 2, '2022-04-05 02:05:24', '2022-04-05 02:05:24'),
(49, '14', '14', 2, '2022-04-05 02:05:24', '2022-04-05 02:05:24'),
(50, '16', '16', 2, '2022-04-05 02:05:24', '2022-04-05 02:05:24'),
(51, '18', '18', 2, '2022-04-05 02:05:24', '2022-04-05 02:05:24'),
(52, '20', '20', 2, '2022-04-05 02:05:24', '2022-04-05 02:05:24'),
(53, '22', '22', 2, '2022-04-05 02:05:24', '2022-04-05 02:05:24'),
(54, '24', '24', 2, '2022-04-05 02:05:24', '2022-04-05 02:05:24'),
(55, '26', '26', 2, '2022-04-05 02:05:24', '2022-04-05 02:05:24'),
(56, '48', '48', 2, '2022-04-05 02:05:24', '2022-04-05 02:05:24'),
(57, '49', '49', 2, '2022-04-05 02:05:24', '2022-04-05 02:05:24'),
(58, '50', '50', 2, '2022-04-05 02:05:24', '2022-04-05 02:05:24'),
(59, '51', '51', 2, '2022-04-05 02:05:24', '2022-04-05 02:05:24'),
(60, '52', '52', 2, '2022-04-05 02:05:24', '2022-04-05 02:05:24'),
(61, '53', '53', 2, '2022-04-05 02:05:24', '2022-04-05 02:05:24'),
(62, '54', '54', 2, '2022-04-05 02:05:24', '2022-04-05 02:05:24'),
(63, '55', '55', 2, '2022-04-05 02:05:24', '2022-04-05 02:05:24'),
(64, '56', '56', 2, '2022-04-05 02:05:24', '2022-04-05 02:05:24'),
(65, '57', '57', 2, '2022-04-05 02:05:24', '2022-04-05 02:05:24'),
(66, '59', '59', 2, '2022-04-05 02:05:24', '2022-04-05 02:05:24'),
(67, '60', '60', 2, '2022-04-05 02:05:24', '2022-04-05 02:05:24'),
(68, '61', '61', 2, '2022-04-05 02:05:24', '2022-04-05 02:05:24'),
(69, '62', '62', 2, '2022-04-05 02:05:24', '2022-04-05 02:05:24'),
(70, 'N/A', 'NA', 1, '2022-04-05 02:05:24', '2022-04-05 02:05:24'),
(71, '37', '37', 2, '2022-06-17 19:37:33', '2022-06-17 19:37:33'),
(72, '58', '58', 2, '2022-06-17 19:42:13', '2022-06-17 19:42:13');

-- --------------------------------------------------------

--
-- Table structure for table `sold_tb`
--

CREATE TABLE `sold_tb` (
  `purchase_id` int(11) NOT NULL,
  `ivid` int(11) NOT NULL,
  `product_id` int(11) NOT NULL,
  `customer_id` int(11) NOT NULL,
  `attendant_id` int(11) NOT NULL,
  `branch_id` int(11) NOT NULL,
  `remarks` text NOT NULL,
  `quantity` int(11) NOT NULL,
  `price` int(11) NOT NULL,
  `currency` varchar(11) NOT NULL,
  `rate` float NOT NULL,
  `purchase_date` varchar(100) NOT NULL,
  `payment_type_id` int(11) NOT NULL,
  `discount_id` int(11) NOT NULL,
  `invoice_no` varchar(225) DEFAULT NULL,
  `modified_at` timestamp NOT NULL DEFAULT current_timestamp(),
  `deleted_at` varchar(100) NOT NULL DEFAULT '0000-00-00 00:00:00',
  `date` varchar(30) NOT NULL DEFAULT '`11-03-2022'
) ENGINE=InnoDB DEFAULT CHARSET=utf8mb4;

--
-- Dumping data for table `sold_tb`
--

INSERT INTO `sold_tb` (`purchase_id`, `ivid`, `product_id`, `customer_id`, `attendant_id`, `branch_id`, `remarks`, `quantity`, `price`, `currency`, `rate`, `purchase_date`, `payment_type_id`, `discount_id`, `invoice_no`, `modified_at`, `deleted_at`, `date`) VALUES
(22, 87, 5, 6, 23, 3, '511 Taclite Pro Pants 32 Kakhi', 1, 250000, '', 0, '04/01/2022', 4, 5, '52', '2022-04-21 06:02:47', '0000-00-00 00:00:00', '04/21/2022'),
(24, 161, 8, 6, 23, 3, 'Under Armour Under Amour Pants 38 Kakhi', 1, 210000, '', 0, '04/01/2022', 4, 5, '54', '2022-04-21 06:24:20', '0000-00-00 00:00:00', '04/21/2022'),
(27, 67, 4, 6, 23, 3, '511 Tactical Convertible Pants MM Kakhi', 1, 230000, '', 0, '04/02/2022', 1, 5, '56', '2022-04-21 09:07:12', '0000-00-00 00:00:00', '04/21/2022'),
(57, 789, 93, 6, 23, 3, 'Columbia Columbia Men Soft Shirt Long LL Blue', 1, 250000, '', 0, '04/02/2022', 1, 5, '84', '2022-04-26 10:12:17', '0000-00-00 00:00:00', '04/26/2022'),
(58, 789, 93, 6, 23, 3, 'Columbia Columbia Men Soft Shirt Long LL Blue', 1, 250000, '', 0, '04/02/2022', 1, 5, '85', '2022-04-26 10:12:17', '0000-00-00 00:00:00', '04/26/2022'),
(78, 875, 15, 6, 23, 3, '511 Taclite Pro Women Pants 20 Kakhi', 1, 270000, '', 0, '04/27/2022', 1, 5, '103', '2022-04-27 05:43:46', '0000-00-00 00:00:00', '04/27/2022'),
(130, 387, 33, 6, 23, 3, 'North Face Rain Jackets Purple', 1, 285000, '', 0, '04/28/2022', 4, 5, '155', '2022-04-28 12:53:38', '0000-00-00 00:00:00', '04/28/2022'),
(139, 951, 142, 6, 23, 3, 'Other Brands Flag Patches UGANDA', 3, 20000, '', 0, '04/29/2022', 1, 5, '160', '2022-04-29 06:17:43', '0000-00-00 00:00:00', '04/29/2022'),
(140, 951, 142, 6, 23, 3, 'Other Brands Flag Patches UGANDA', 3, 20000, '', 0, '04/29/2022', 1, 5, '161', '2022-04-29 06:17:43', '0000-00-00 00:00:00', '04/29/2022'),
(147, 897, 116, 1, 8, 3, '511 5.11 Medic Kit N/A N/A', 1, 50, '', 0, '2022-04-30', 1, 5, '168', '2022-04-30 14:27:22', '0000-00-00 00:00:00', '2022-04-30'),
(149, 952, 143, 6, 23, 3, 'Other Brands Flag Stickers; East Africa', 1, 20000, '', 0, '2022-05-01', 1, 5, '170', '2022-05-02 04:21:35', '0000-00-00 00:00:00', '2022-05-02'),
(150, 388, 33, 6, 23, 3, 'North Face North Face Rain Jackets; Purple 2XL', 1, 285000, '', 0, '2022-05-01', 1, 5, '171', '2022-05-02 04:43:19', '0000-00-00 00:00:00', '2022-05-02'),
(151, 521, 11, 6, 23, 3, 'Other Brands Duluth Woment Pants Black 10', 1, 230000, '', 0, '2022-05-01', 1, 5, '171', '2022-05-02 04:43:19', '0000-00-00 00:00:00', '2022-05-02'),
(152, 948, 139, 6, 23, 3, '511 Leather Belts:Brown', 1, 175000, '', 0, '2022-05-01', 4, 5, '172', '2022-05-02 04:47:00', '0000-00-00 00:00:00', '2022-05-02'),
(153, 151, 7, 6, 23, 3, 'North Face North Face Men Pants MM Grey', 1, 230000, '', 0, '2022-05-01', 4, 5, '173', '2022-05-02 04:49:14', '0000-00-00 00:00:00', '2022-05-02'),
(154, 156, 40, 6, 23, 3, 'North Face North Face Women Pants M Grey', 1, 230000, '', 0, '2022-05-01', 4, 5, '174', '2022-05-02 04:52:01', '0000-00-00 00:00:00', '2022-05-02'),
(155, 954, 64, 6, 23, 3, 'North Face Sunhats; Green XL', 1, 95000, '', 0, '2022-04-30', 1, 5, '175', '2022-05-02 04:58:52', '0000-00-00 00:00:00', '2022-05-02'),
(156, 951, 142, 6, 23, 3, 'Other Brands Flag Patches; Uganda', 2, 20000, '', 0, '2022-04-30', 1, 5, '176', '2022-05-02 05:00:38', '0000-00-00 00:00:00', '2022-05-02'),
(157, 903, 50, 6, 23, 3, 'North Face Waist Bags(B): Blue n White Bigsticker', 1, 150000, '', 0, '2022-04-30', 1, 5, '177', '2022-05-02 05:02:32', '0000-00-00 00:00:00', '2022-05-02'),
(158, 91, 5, 6, 23, 3, '511 Taclite Pro Pants 42 Kakhi', 1, 270000, '', 0, '2022-04-29', 4, 5, '178', '2022-05-02 05:07:43', '0000-00-00 00:00:00', '2022-05-02'),
(159, 958, 145, 6, 23, 3, 'CAT Socks (Short), Navyblue 43-46', 1, 80000, '', 0, '2022-04-29', 1, 5, '179', '2022-05-02 05:09:44', '0000-00-00 00:00:00', '2022-05-02'),
(160, 953, 61, 6, 23, 3, 'Columbia Sun Hat:Black XL', 1, 95000, '', 0, '2022-04-29', 1, 5, '180', '2022-05-02 05:12:45', '0000-00-00 00:00:00', '2022-05-02'),
(161, 957, 67, 6, 23, 3, 'Other Brands Non Branded Hats: Black', 1, 80000, '', 0, '2022-04-28', 1, 5, '181', '2022-05-02 05:15:45', '0000-00-00 00:00:00', '2022-05-02'),
(162, 898, 117, 6, 23, 3, 'North Face (Sling) Shoulder Bag: Maroon', 1, 135000, '', 0, '2022-04-24', 1, 5, '182', '2022-05-02 05:28:48', '0000-00-00 00:00:00', '2022-05-02'),
(163, 956, 66, 6, 23, 3, 'Other Brands Bucket Hats; Red', 1, 70000, '', 0, '2022-04-23', 1, 5, '183', '2022-05-02 05:30:34', '0000-00-00 00:00:00', '2022-05-02'),
(164, 994, 181, 6, 23, 3, 'Other Brands Swiss Knife: Wooden', 1, 150000, '', 0, '2022-04-23', 1, 5, '184', '2022-05-02 05:33:33', '0000-00-00 00:00:00', '2022-05-02'),
(165, 910, 127, 6, 23, 3, 'Other Brands Oakley Glasses; Brown', 1, 270000, '', 0, '2022-04-23', 4, 5, '185', '2022-05-02 05:35:13', '0000-00-00 00:00:00', '2022-05-02'),
(166, 965, 151, 6, 23, 3, 'CAT Suitcases: Black', 1, 1030000, '', 0, '2022-04-23', 1, 5, '186', '2022-05-02 05:37:09', '0000-00-00 00:00:00', '2022-05-02'),
(167, 955, 65, 6, 23, 3, 'Other Brands Tactical Sunhats: Olive green', 1, 80000, '', 0, '2022-04-22', 1, 5, '187', '2022-05-02 05:40:55', '0000-00-00 00:00:00', '2022-05-02'),
(168, 966, 152, 6, 23, 3, 'Other Brands ParaJohn Suitcases; Pink Blue PJTR3148', 1, 535000, '', 0, '2022-04-22', 4, 5, '188', '2022-05-02 05:43:53', '0000-00-00 00:00:00', '2022-05-02'),
(169, 1000, 187, 6, 23, 3, 'Other Brands Sports Arm Bands; Pink', 1, 95000, '', 0, '2022-04-22', 1, 5, '189', '2022-05-02 05:48:19', '0000-00-00 00:00:00', '2022-05-02'),
(170, 951, 142, 6, 23, 3, 'Other Brands Flag Patches: Liberia,Italy,Turkey, Uganda', 4, 20000, '', 0, '2022-04-22', 1, 5, '190', '2022-05-02 05:52:15', '0000-00-00 00:00:00', '2022-05-02'),
(171, 957, 67, 6, 23, 3, 'Other Brands Non Branded Hats: Coffee brown', 1, 70000, '', 0, '2022-04-22', 1, 5, '191', '2022-05-02 05:56:36', '0000-00-00 00:00:00', '2022-05-02'),
(172, 644, 43, 6, 23, 3, '511 5.11 Tactical Cotton Shirt Long LL Brown', 1, 270000, '', 0, '2022-04-20', 4, 5, '192', '2022-05-02 06:06:18', '0000-00-00 00:00:00', '2022-05-02'),
(173, 649, 43, 6, 23, 3, '511 5.11 Tactical Cotton Shirt Long LL Green', 1, 270000, '', 0, '2022-04-20', 4, 5, '192', '2022-05-02 06:06:18', '0000-00-00 00:00:00', '2022-05-02'),
(174, 951, 142, 6, 23, 3, 'Other Brands Flag Patches; Uganda', 1, 20000, '', 0, '2022-04-20', 4, 5, '192', '2022-05-02 06:06:18', '0000-00-00 00:00:00', '2022-05-02'),
(175, 963, 149, 6, 23, 3, 'Other Brands Passport Holders (B), Comouflage', 1, 95000, '', 0, '2022-04-20', 4, 5, '192', '2022-05-02 06:06:18', '0000-00-00 00:00:00', '2022-05-02'),
(176, 803, 93, 6, 23, 3, 'Columbia Columbia Men Soft Shirt Long 2X Sky Blue', 1, 270000, '', 0, '2022-04-20', 4, 5, '193', '2022-05-02 06:10:07', '0000-00-00 00:00:00', '2022-05-02'),
(177, 948, 139, 6, 23, 3, '511 Leather Belts; Coffee Brown', 1, 175000, '', 0, '2022-04-20', 4, 5, '193', '2022-05-02 06:10:07', '0000-00-00 00:00:00', '2022-05-02'),
(178, 892, 111, 6, 23, 3, '511 Rush 12; Black', 1, 440000, '', 0, '2022-04-19', 1, 5, '194', '2022-05-02 06:13:03', '0000-00-00 00:00:00', '2022-05-02'),
(179, 951, 142, 6, 23, 3, 'Other Brands Flag Patches: South Sudan', 2, 20000, '', 0, '2022-04-19', 4, 5, '195', '2022-05-02 06:15:49', '0000-00-00 00:00:00', '2022-05-02'),
(180, 948, 139, 6, 23, 3, '511 Leather Belts; Black', 1, 175000, '', 0, '2022-04-18', 1, 5, '196', '2022-05-02 06:18:20', '0000-00-00 00:00:00', '2022-05-02'),
(181, 957, 67, 6, 23, 3, 'Other Brands Non Branded Hats: Black', 1, 80000, '', 0, '2022-04-18', 1, 5, '197', '2022-05-02 06:22:05', '0000-00-00 00:00:00', '2022-05-02'),
(182, 953, 61, 6, 23, 3, 'Columbia Sun Hat: Green XL', 1, 95000, '', 0, '2022-04-18', 1, 5, '198', '2022-05-02 06:25:01', '0000-00-00 00:00:00', '2022-05-02'),
(183, 962, 148, 6, 23, 3, 'Other Brands Leather Wallets: Diesel Brown', 1, 135000, '', 0, '2022-04-18', 1, 5, '199', '2022-05-02 06:26:41', '0000-00-00 00:00:00', '2022-05-02'),
(184, 909, 126, 6, 23, 3, 'North Face Money Belts: Black n Grey', 1, 95000, '', 0, '2022-04-18', 1, 5, '200', '2022-05-02 06:29:33', '0000-00-00 00:00:00', '2022-05-02'),
(185, 963, 149, 6, 23, 3, 'Other Brands Passport Holders (B): Black', 1, 95000, '', 0, '2022-04-18', 1, 5, '201', '2022-05-02 06:30:49', '0000-00-00 00:00:00', '2022-05-02'),
(186, 948, 139, 6, 23, 3, '511 Leather Belts; Brown', 1, 175000, '', 0, '2022-04-16', 1, 5, '202', '2022-05-02 06:36:39', '0000-00-00 00:00:00', '2022-05-02'),
(187, 903, 50, 6, 23, 3, 'North Face Waist Bags(B), Black', 1, 150000, '', 0, '2022-04-16', 4, 5, '203', '2022-05-02 06:38:03', '0000-00-00 00:00:00', '2022-05-02'),
(188, 956, 66, 6, 23, 3, 'Other Brands Bucket Hats:White n Black', 1, 70000, '', 0, '2022-04-16', 1, 5, '204', '2022-05-02 06:39:35', '0000-00-00 00:00:00', '2022-05-02'),
(189, 905, 122, 6, 23, 3, 'CAT Waist Bags: Black', 1, 175000, '', 0, '2022-04-16', 1, 5, '205', '2022-05-02 06:41:19', '0000-00-00 00:00:00', '2022-05-02'),
(190, 954, 64, 6, 23, 3, 'North Face Sunhats; Green XL', 1, 95000, '', 0, '2022-04-16', 1, 5, '206', '2022-05-02 06:42:53', '0000-00-00 00:00:00', '2022-05-02'),
(191, 900, 119, 6, 23, 3, 'North Face Camera Bag(S), Maroon', 1, 95000, '', 0, '2022-04-16', 1, 5, '207', '2022-05-02 06:44:23', '0000-00-00 00:00:00', '2022-05-02'),
(192, 948, 139, 6, 23, 3, '511 Leather Belts:Brown', 1, 175000, '', 0, '2022-04-16', 1, 5, '208', '2022-05-02 06:46:00', '0000-00-00 00:00:00', '2022-05-02'),
(193, 964, 150, 6, 23, 3, 'Other Brands Passport Holders (S): Black', 1, 80000, '', 0, '2022-04-19', 1, 5, '209', '2022-05-02 06:48:43', '0000-00-00 00:00:00', '2022-05-02'),
(194, 962, 148, 6, 23, 3, 'Other Brands Leather Wallets; Brown', 1, 135000, '', 0, '2022-04-16', 4, 5, '210', '2022-05-02 06:51:20', '0000-00-00 00:00:00', '2022-05-02'),
(195, 957, 67, 6, 23, 3, 'Other Brands Non Branded Hats; Dark Khaki', 1, 80000, '', 0, '2022-04-16', 4, 5, '211', '2022-05-02 06:53:42', '0000-00-00 00:00:00', '2022-05-02'),
(196, 1003, 190, 6, 23, 3, 'Other Brands ParaJohn Neck Pillows:Blue', 1, 135000, '', 0, '2022-04-15', 1, 5, '212', '2022-05-02 07:00:27', '0000-00-00 00:00:00', '2022-05-02'),
(197, 1004, 191, 6, 23, 3, 'Other Brands Other:  Parry Neck Pillows Black', 1, 115000, '', 0, '2022-04-15', 1, 5, '212', '2022-05-02 07:00:27', '0000-00-00 00:00:00', '2022-05-02'),
(198, 398, 42, 6, 23, 3, 'Under Amour Briefs/Under Wears 3X Red', 1, 80000, '', 0, '2022-04-09', 1, 5, '213', '2022-05-02 08:13:32', '0000-00-00 00:00:00', '2022-05-02'),
(199, 609, 68, 6, 23, 3, 'North Face Surge Backpack Black n Red', 1, 535000, '', 0, '2022-04-07', 4, 5, '214', '2022-05-02 08:29:56', '0000-00-00 00:00:00', '2022-05-02'),
(200, 904, 51, 6, 23, 3, 'North Face Waist Bags(S) Black n White', 1, 150000, '', 0, '2022-04-07', 4, 5, '214', '2022-05-02 08:29:56', '0000-00-00 00:00:00', '2022-05-02'),
(201, 1001, 188, 6, 23, 3, 'Other Brands Wrist Bands: I love Uganda Red, Black, Yellow', 3, 20000, '', 0, '2022-04-07', 4, 5, '214', '2022-05-02 08:29:56', '0000-00-00 00:00:00', '2022-05-02'),
(202, 96, 5, 6, 23, 3, '511 Taclite Pro Pants 34 Navy', 1, 270000, '', 0, '2022-05-02', 4, 5, '215', '2022-05-02 08:46:50', '0000-00-00 00:00:00', '2022-05-02'),
(203, 1002, 189, 6, 23, 3, 'Other Brands Yoga Mats; Green', 1, 135000, '', 0, '2022-05-02', 4, 5, '215', '2022-05-02 08:46:50', '0000-00-00 00:00:00', '2022-05-02'),
(243, 1727, 298, 6, 23, 3, 'Other Brands Tactical Shirt Short  XL Kakhi', 1, 150000, '', 0, '2022-04-09', 1, 5, '239', '2022-05-04 07:43:35', '0000-00-00 00:00:00', '2022-05-04'),
(244, 898, 117, 6, 23, 3, 'North Face (Sling) Shoulder Bag; Supreme', 1, 150000, '', 0, '2022-04-01', 1, 5, '240', '2022-05-04 09:13:40', '0000-00-00 00:00:00', '2022-05-04'),
(245, 895, 114, 6, 23, 3, '511 Rush Delivery: Green', 1, 285000, '', 0, '2022-04-02', 1, 5, '241', '2022-05-04 09:18:05', '0000-00-00 00:00:00', '2022-05-04'),
(246, 728, 45, 6, 23, 3, '511 5.11 Tactical Polyster (Soft) Shirt Short 2X Green', 1, 230000, '', 0, '2022-04-01', 1, 5, '242', '2022-05-04 09:21:09', '0000-00-00 00:00:00', '2022-05-04'),
(247, 989, 176, 6, 23, 3, 'CAT ATM Card Holders: Blackn Yellow', 1, 95000, '', 0, '2022-04-03', 4, 5, '243', '2022-05-04 09:42:39', '0000-00-00 00:00:00', '2022-05-04'),
(248, 1689, 291, 6, 23, 3, 'Jack Wolfskin Jackwolfeskin Ham Rock 12: Yellow', 1, 210000, '', 0, '2022-04-03', 4, 5, '244', '2022-05-04 09:49:11', '0000-00-00 00:00:00', '2022-05-04'),
(249, 1721, 19, 6, 23, 3, 'Under Armour Under Armour Soft Shorts L Blue', 1, 210000, '', 0, '2022-04-05', 1, 5, '245', '2022-05-04 09:57:12', '0000-00-00 00:00:00', '2022-05-04'),
(250, 1722, 19, 6, 23, 3, 'Under Armour Under Armour Soft Shorts L Black', 1, 210000, '', 0, '2022-04-05', 1, 5, '245', '2022-05-04 09:57:12', '0000-00-00 00:00:00', '2022-05-04'),
(251, 898, 117, 6, 23, 3, 'North Face (Sling) Shoulder Bag; Charcoal', 1, 50, '', 0, '2022-04-07', 1, 5, '246', '2022-05-04 10:02:00', '0000-00-00 00:00:00', '2022-05-04'),
(252, 8, 1, 6, 23, 3, '511 5.11 Stryke Pants 34 Kakhi', 1, 300000, '', 0, '2022-04-08', 1, 5, '247', '2022-05-04 10:05:25', '0000-00-00 00:00:00', '2022-05-04'),
(253, 953, 61, 6, 23, 3, 'Columbia Sun Hat; Green', 1, 29, '', 0, '2022-04-08', 1, 5, '248', '2022-05-04 10:12:37', '0000-00-00 00:00:00', '2022-05-04'),
(254, 1723, 2, 6, 23, 3, '511 5.11 TDU Pants 30 Kakhi', 1, 300000, '', 0, '2022-04-09', 1, 5, '249', '2022-05-04 10:16:43', '0000-00-00 00:00:00', '2022-05-04'),
(255, 1724, 5, 6, 23, 3, '511 Taclite Pro Pants 42 Coyote', 1, 270000, '', 0, '2022-04-09', 1, 5, '250', '2022-05-04 10:19:30', '0000-00-00 00:00:00', '2022-05-04'),
(256, 1734, 298, 6, 23, 3, 'Other Brands Tactical Shirt Short  XL Kakhi', 1, 150000, '', 0, '2022-04-09', 1, 5, '251', '2022-05-04 10:24:58', '0000-00-00 00:00:00', '2022-05-04'),
(257, 1725, 75, 6, 23, 3, 'Other Brands Jean Pants 34 Blue', 1, 230000, '', 0, '2022-04-09', 1, 5, '252', '2022-05-04 10:26:34', '0000-00-00 00:00:00', '2022-05-04'),
(258, 882, 102, 6, 23, 3, 'Jack Wolfskin Velocity 12; Black', 1, 230000, '', 0, '2022-04-13', 4, 5, '253', '2022-05-04 10:32:07', '0000-00-00 00:00:00', '2022-05-04'),
(260, 1737, 26, 6, 23, 3, '511 Stryke Shorts 36 Black', 1, 230000, '', 0, '2022-04-14', 1, 5, '255', '2022-05-04 10:38:11', '0000-00-00 00:00:00', '2022-05-04'),
(261, 72, 4, 6, 23, 3, '511 Tactical Convertible Pants 2XL Charcoal', 1, 71, '', 0, '2022-04-20', 1, 5, '256', '2022-05-04 10:48:23', '0000-00-00 00:00:00', '2022-05-04'),
(262, 712, 44, 6, 23, 3, '511 5.11 Tactical Cotton Shirt Short XL Charcoal', 1, 71, '', 0, '2022-04-20', 1, 5, '256', '2022-05-04 10:48:23', '0000-00-00 00:00:00', '2022-05-04'),
(263, 1691, 22, 6, 23, 3, 'North Face North Face Shorts XL Green', 1, 230000, '', 0, '2022-04-24', 1, 5, '257', '2022-05-04 10:51:25', '0000-00-00 00:00:00', '2022-05-04'),
(264, 363, 27, 6, 23, 3, 'North Face North Face Jampers(Hoodies) L Grey', 1, 345000, '', 0, '2022-04-26', 4, 5, '258', '2022-05-04 10:54:08', '0000-00-00 00:00:00', '2022-05-04'),
(265, 1738, 20, 6, 23, 3, 'Under Armour Under Armour Casual Shorts 32 Green', 1, 230000, '', 0, '2022-04-28', 1, 5, '259', '2022-05-04 10:56:39', '0000-00-00 00:00:00', '2022-05-04'),
(266, 911, 128, 6, 23, 3, 'Other Brands V-Kool Glasses: Brown', 1, 270000, '', 0, '2022-04-29', 1, 5, '260', '2022-05-04 10:59:00', '0000-00-00 00:00:00', '2022-05-04'),
(267, 146, 7, 6, 23, 3, 'North Face North Face Men Pants 2X Charcoal', 1, 230000, '', 0, '2022-04-30', 1, 5, '261', '2022-05-04 11:01:26', '0000-00-00 00:00:00', '2022-05-04'),
(268, 892, 111, 6, 23, 3, '511 Rush 12; Coyote', 1, 440000, '', 0, '2022-05-03', 4, 5, '262', '2022-05-04 11:18:11', '0000-00-00 00:00:00', '2022-05-04'),
(269, 951, 142, 6, 23, 3, 'Other Brands Flag Patches: Uganda, Phillipine', 2, 20000, '', 0, '2022-05-03', 4, 5, '262', '2022-05-04 11:18:11', '0000-00-00 00:00:00', '2022-05-04'),
(270, 153, 7, 6, 23, 3, 'North Face North Face Men Pants SS Black', 1, 230000, '', 0, '2022-05-04', 1, 5, '263', '2022-05-04 11:27:32', '0000-00-00 00:00:00', '2022-05-04'),
(271, 1706, 293, 6, 23, 3, 'Nike Nike Women V neck T-Shirts  Blue', 1, 135000, '', 0, '2022-05-04', 1, 5, '263', '2022-05-04 11:27:32', '0000-00-00 00:00:00', '2022-05-04'),
(272, 1713, 294, 6, 23, 3, 'Columbia Columbia Women Vneck T-Shirts MM; Blue', 1, 135000, '', 0, '2022-04-30', 4, 5, '264', '2022-05-04 11:34:17', '0000-00-00 00:00:00', '2022-05-04'),
(273, 1719, 264, 6, 23, 3, 'Under Armour Under Amour Vneck Women T-Shirts SS Navyblue', 1, 135000, '', 0, '2022-04-30', 4, 5, '264', '2022-05-04 11:34:17', '0000-00-00 00:00:00', '2022-05-04'),
(274, 958, 145, 6, 23, 3, 'CAT Socks (Short), PE White', 1, 17, '', 0, '2022-04-29', 1, 5, '265', '2022-05-04 11:37:53', '0000-00-00 00:00:00', '2022-05-04'),
(275, 299, 18, 6, 23, 3, 'Under Armour Under Armour Shorts 2X Black', 1, 230000, '', 0, '2022-04-24', 4, 5, '266', '2022-05-04 12:30:33', '0000-00-00 00:00:00', '2022-05-04'),
(276, 345, 26, 6, 23, 3, '511 Stryke Shorts 34 Brown', 1, 230000, '', 0, '2022-04-24', 4, 5, '266', '2022-05-04 12:30:33', '0000-00-00 00:00:00', '2022-05-04'),
(277, 1694, 263, 6, 23, 3, 'North Face North Face Roundneck cotton Women T-Shirts SS White', 1, 135000, '', 0, '2022-04-24', 4, 5, '266', '2022-05-04 12:30:33', '0000-00-00 00:00:00', '2022-05-04'),
(278, 1697, 263, 6, 23, 3, 'North Face North Face Roundneck Women T-Shirts XL: Blue B', 1, 135000, '', 0, '2022-04-24', 4, 5, '266', '2022-05-04 12:30:33', '0000-00-00 00:00:00', '2022-05-04'),
(279, 934, 62, 6, 23, 3, 'Other Brands Oakely Gloves (short) LL Black', 1, 95000, '', 0, '2022-05-05', 1, 5, '267', '2022-05-05 07:07:15', '0000-00-00 00:00:00', '2022-05-05'),
(280, 681, 44, 6, 23, 3, '5.11 Tactical Cotton Shirt Short MM Brown', 1, 230000, '', 0, '2022-04-01', 4, 5, '268', '2022-05-05 08:13:00', '0000-00-00 00:00:00', '2022-05-05'),
(281, 1704, 261, 6, 23, 3, 'Under Armour Under Armour Roundneck T-Shirts MM Navyblue', 1, 150000, '', 0, '2022-04-01', 4, 5, '268', '2022-05-05 08:13:00', '0000-00-00 00:00:00', '2022-05-05'),
(282, 1857, 260, 6, 23, 3, '511 5.11 Roundneck T-Shirts MM Green', 1, 23, '', 0, '2022-04-01', 1, 5, '269', '2022-05-05 08:15:46', '0000-00-00 00:00:00', '2022-05-05'),
(283, 1704, 261, 6, 23, 3, 'Under Armour Under Armour Roundneck T-Shirts MM Light blue', 1, 100000, '', 0, '2022-04-01', 4, 5, '270', '2022-05-05 08:21:37', '0000-00-00 00:00:00', '2022-05-05'),
(284, 1728, 298, 6, 23, 3, 'Other Brands Tactical Shirt Short  LL Green', 1, 150000, '', 0, '2022-04-01', 4, 5, '270', '2022-05-05 08:21:37', '0000-00-00 00:00:00', '2022-05-05'),
(285, 962, 148, 6, 23, 3, 'Other Brands Leather Wallets: Monc Blac Coffee Brown', 1, 135000, '', 0, '2022-04-02', 4, 5, '271', '2022-05-05 08:29:28', '0000-00-00 00:00:00', '2022-05-05'),
(286, 1799, 306, 6, 23, 3, 'Under Armour Under Armour Shortsleeve Polos 3XL Blue designed black', 1, 150000, '', 0, '2022-04-02', 4, 5, '271', '2022-05-05 08:29:28', '0000-00-00 00:00:00', '2022-05-05'),
(287, 1788, 253, 6, 23, 3, 'North Face North Face Shortsleeved Polos MM Red designed Black', 1, 43, '', 0, '2022-04-02', 4, 5, '272', '2022-05-05 08:32:08', '0000-00-00 00:00:00', '2022-05-05'),
(288, 1704, 261, 6, 23, 3, 'Under Armour Under Armour Roundneck T-Shirts MM Black n Yellow', 1, 150000, '', 0, '2022-04-02', 4, 5, '273', '2022-05-05 08:50:43', '0000-00-00 00:00:00', '2022-05-05'),
(289, 1778, 259, 6, 23, 3, 'North Face North Face Roundneck T-Shirts LL Cootton Black Bigsticker', 1, 150000, '', 0, '2022-04-02', 4, 5, '273', '2022-05-05 08:50:43', '0000-00-00 00:00:00', '2022-05-05'),
(290, 1780, 259, 6, 23, 3, 'North Face North Face Roundneck T-Shirts 2X Cotton Black Bigsticker', 1, 150000, '', 0, '2022-04-02', 4, 5, '273', '2022-05-05 08:50:43', '0000-00-00 00:00:00', '2022-05-05'),
(291, 1832, 52, 6, 23, 3, 'Columbia Columbia Roundneck T-Shirts XL Charcoal Bigsticker', 1, 150000, '', 0, '2022-04-02', 4, 5, '273', '2022-05-05 08:50:43', '0000-00-00 00:00:00', '2022-05-05'),
(292, 1834, 52, 6, 23, 3, 'Columbia Columbia Roundneck T-Shirts MM Charcoal Bigticker', 1, 150000, '', 0, '2022-04-02', 4, 5, '273', '2022-05-05 08:50:43', '0000-00-00 00:00:00', '2022-05-05'),
(293, 1835, 52, 6, 23, 3, 'Columbia Columbia Roundneck T-Shirts SS Navyblue Bigsticker', 1, 150000, '', 0, '2022-04-02', 4, 5, '273', '2022-05-05 08:50:43', '0000-00-00 00:00:00', '2022-05-05'),
(294, 1925, 210, 6, 23, 3, 'North Face North Face Caps: Blue with a net', 1, 80000, '', 0, '2022-04-02', 4, 5, '273', '2022-05-05 08:50:43', '0000-00-00 00:00:00', '2022-05-05'),
(295, 1930, 214, 6, 23, 3, 'Columbia Columbia Caps: Dark navy', 1, 80000, '', 0, '2022-04-02', 4, 5, '273', '2022-05-05 08:50:43', '0000-00-00 00:00:00', '2022-05-05'),
(296, 1932, 216, 6, 23, 3, 'Nike Nike Golf Caps Cotton Grey', 1, 80000, '', 0, '2022-04-02', 4, 5, '273', '2022-05-05 08:50:43', '0000-00-00 00:00:00', '2022-05-05'),
(297, 1779, 259, 6, 23, 3, 'North Face North Face Roundneck T-Shirts XL Cotton Black Bigsticker', 1, 43, '', 0, '2022-04-03', 1, 5, '274', '2022-05-05 08:58:02', '0000-00-00 00:00:00', '2022-05-05'),
(298, 1716, 264, 6, 23, 3, 'Under Armour Under Amour Women T-Shirts 2XL V-Neck Grey', 1, 115000, '', 0, '2022-04-03', 1, 5, '275', '2022-05-05 09:00:33', '0000-00-00 00:00:00', '2022-05-05'),
(299, 1779, 259, 6, 23, 3, 'North Face North Face Roundneck T-Shirts XL Cotton navyblue Bigsticker', 1, 150000, '', 0, '2022-04-04', 1, 5, '276', '2022-05-05 09:05:53', '0000-00-00 00:00:00', '2022-05-05'),
(300, 1788, 253, 6, 23, 3, 'North Face North Face Shortsleeved Polos MM Charcoal stripped Black', 1, 150000, '', 0, '2022-04-04', 1, 5, '277', '2022-05-05 09:07:55', '0000-00-00 00:00:00', '2022-05-05'),
(301, 1798, 306, 6, 23, 3, 'Under Armour Under Armour Shortsleeve Polos 2X Grey stripped White', 1, 150000, '', 0, '2022-04-05', 1, 5, '278', '2022-05-05 09:10:46', '0000-00-00 00:00:00', '2022-05-05'),
(302, 598, 21, 6, 23, 3, 'Columbia Shorts LL Red designed', 1, 175000, '', 0, '2022-04-08', 4, 5, '279', '2022-05-05 09:16:01', '0000-00-00 00:00:00', '2022-05-05'),
(303, 953, 61, 6, 23, 3, 'Columbia Sun Hat Green XL', 1, 95000, '', 0, '2022-04-08', 4, 5, '279', '2022-05-05 09:16:01', '0000-00-00 00:00:00', '2022-05-05'),
(304, 1930, 214, 6, 23, 3, 'Columbia Columbia Caps Red Cotton', 1, 80000, '', 0, '2022-04-08', 4, 5, '279', '2022-05-05 09:16:01', '0000-00-00 00:00:00', '2022-05-05'),
(305, 1876, 263, 6, 23, 3, 'North Face North Face Roundneck Women T-Shirts 4XL White Bigsticker', 1, 125000, '', 0, '2022-04-08', 1, 5, '280', '2022-05-05 09:18:24', '0000-00-00 00:00:00', '2022-05-05'),
(306, 1699, 261, 6, 23, 3, 'Under Armour Under Armour Roundneck T-Shirts 2XL Darknavy', 1, 150000, '', 0, '2022-04-08', 4, 5, '281', '2022-05-05 09:49:50', '0000-00-00 00:00:00', '2022-05-05'),
(307, 1781, 259, 6, 23, 3, 'North Face North Face Roundneck T-Shirts 3XL Black Bigsticker', 1, 150000, '', 0, '2022-04-08', 4, 5, '281', '2022-05-05 09:49:50', '0000-00-00 00:00:00', '2022-05-05'),
(308, 1797, 306, 6, 23, 3, 'Under Armour Under Armour Shortsleeve Polos XL Charcoal n White', 1, 150000, '', 0, '2022-04-08', 4, 5, '281', '2022-05-05 09:49:50', '0000-00-00 00:00:00', '2022-05-05'),
(309, 1872, 285, 6, 23, 3, 'Under Armour Under Armour Longsleeve Polos XL Dark navy ', 1, 150000, '', 0, '2022-04-08', 4, 5, '281', '2022-05-05 09:49:50', '0000-00-00 00:00:00', '2022-05-05'),
(310, 1930, 214, 6, 23, 3, 'Columbia Columbia Caps Soft Black', 1, 80000, '', 0, '2022-04-08', 4, 5, '281', '2022-05-05 09:49:50', '0000-00-00 00:00:00', '2022-05-05'),
(311, 1931, 215, 6, 23, 3, '511 5.11 Caps Red Cotton', 1, 80000, '', 0, '2022-04-08', 4, 5, '281', '2022-05-05 09:49:50', '0000-00-00 00:00:00', '2022-05-05'),
(312, 1930, 214, 6, 23, 3, 'Columbia Columbia Caps Green Comouflage', 1, 23, '', 0, '2022-04-08', 1, 5, '282', '2022-05-05 09:53:03', '0000-00-00 00:00:00', '2022-05-05'),
(313, 1930, 214, 6, 23, 3, 'Columbia Columbia Caps Brown Comouflage Bigsticker', 1, 23, '', 0, '2022-04-08', 1, 5, '283', '2022-05-05 09:55:23', '0000-00-00 00:00:00', '2022-05-05'),
(314, 1797, 306, 6, 23, 3, 'Under Armour Under Armour Shortsleeve Polos XL Navyblue stripped White', 1, 150000, '', 0, '2022-04-10', 1, 5, '284', '2022-05-05 10:04:04', '0000-00-00 00:00:00', '2022-05-05'),
(315, 1799, 306, 6, 23, 3, 'Under Armour Under Armour Shortsleeve Polos 3XL Blue designed Black', 1, 43, '', 0, '2022-04-11', 1, 5, '285', '2022-05-05 10:09:43', '0000-00-00 00:00:00', '2022-05-05'),
(316, 1816, 257, 6, 23, 3, 'Nike Nike Men  Shortsleeved Polos 4XL White n Blue', 1, 43, '', 0, '2022-04-11', 1, 5, '285', '2022-05-05 10:09:43', '0000-00-00 00:00:00', '2022-05-05'),
(317, 1817, 257, 6, 23, 3, 'Nike Nike Men  Shortsleeved Polos 3XL Green', 1, 43, '', 0, '2022-04-11', 1, 5, '285', '2022-05-05 10:09:43', '0000-00-00 00:00:00', '2022-05-05'),
(318, 1865, 313, 6, 23, 3, 'Other Brands Lacoste Polos T-Shirts MM White', 1, 120000, '', 0, '2022-04-11', 1, 5, '286', '2022-05-05 10:11:16', '0000-00-00 00:00:00', '2022-05-05'),
(319, 1777, 259, 6, 23, 3, 'North Face North Face Roundneck T-Shirts MM Blue Bigsticker', 1, 150000, '', 0, '2022-04-11', 1, 5, '287', '2022-05-05 10:13:07', '0000-00-00 00:00:00', '2022-05-05'),
(320, 1792, 261, 6, 23, 3, 'Under Armour Under Armour Roundneck T-Shirts LL Pink designed Black', 1, 150000, '', 0, '2022-04-11', 1, 5, '288', '2022-05-05 10:18:53', '0000-00-00 00:00:00', '2022-05-05'),
(321, 1780, 259, 6, 23, 3, 'North Face North Face Roundneck T-Shirts 2XL Grey', 1, 150000, '', 0, '2022-04-13', 1, 5, '289', '2022-05-05 10:44:28', '0000-00-00 00:00:00', '2022-05-05'),
(322, 1931, 215, 6, 23, 3, '511 5.11 Caps Green Comouflage', 1, 80000, '', 0, '2022-04-13', 1, 5, '290', '2022-05-05 10:46:24', '0000-00-00 00:00:00', '2022-05-05'),
(323, 951, 142, 6, 23, 3, 'Other Brands Flag Patches Uganda n Kenya', 2, 20000, '', 0, '2022-04-13', 1, 5, '291', '2022-05-05 10:48:43', '0000-00-00 00:00:00', '2022-05-05'),
(324, 952, 143, 6, 23, 3, 'Other Brands Flag Stickers Uganda', 1, 20000, '', 0, '2022-04-13', 1, 5, '291', '2022-05-05 10:48:43', '0000-00-00 00:00:00', '2022-05-05'),
(325, 1796, 306, 6, 23, 3, 'Under Armour Under Armour Shortsleeve Polos LL Blue designed Black', 1, 150000, '', 0, '2022-04-13', 1, 5, '292', '2022-05-05 10:51:16', '0000-00-00 00:00:00', '2022-05-05'),
(326, 1796, 306, 6, 23, 3, 'Under Armour Under Armour Shortsleeve Polos LL Black designed White', 1, 150000, '', 0, '2022-04-13', 1, 5, '293', '2022-05-05 10:52:51', '0000-00-00 00:00:00', '2022-05-05'),
(328, 1927, 57, 6, 23, 3, 'Under Armour Under Amour Caps Soft Blue White sticker', 1, 80000, '', 0, '2022-04-22', 1, 5, '295', '2022-05-05 11:50:40', '0000-00-00 00:00:00', '2022-05-05'),
(329, 1926, 48, 6, 23, 3, 'CAT Cat Cap Black with a net', 1, 80000, '', 0, '2022-04-23', 1, 5, '296', '2022-05-05 11:56:05', '0000-00-00 00:00:00', '2022-05-05'),
(330, 1779, 259, 6, 23, 3, 'North Face North Face Roundneck T-Shirts XL Red Bigsticker', 1, 150000, '', 0, '2022-04-24', 4, 5, '297', '2022-05-05 11:58:12', '0000-00-00 00:00:00', '2022-05-05'),
(331, 1797, 306, 6, 23, 3, 'Under Armour Under Armour Shortsleeve Polos XL Navy stripped White', 1, 150000, '', 0, '2022-05-02', 4, 5, '298', '2022-05-05 12:06:45', '0000-00-00 00:00:00', '2022-05-05'),
(332, 1928, 211, 6, 23, 3, 'Nike Nike Caps Soft Blue', 1, 80000, '', 0, '2022-05-01', 1, 5, '299', '2022-05-05 12:08:09', '0000-00-00 00:00:00', '2022-05-05'),
(333, 373, 29, 6, 23, 3, 'Columbia Columbia Fliss Jampers(Hoodies) LL Grey', 1, 345000, '', 0, '2022-05-02', 4, 5, '300', '2022-05-05 12:12:51', '0000-00-00 00:00:00', '2022-05-05'),
(334, 946, 137, 6, 23, 3, '5.11 TDU Belts Black n Brown', 2, 115000, '', 0, '2022-05-02', 4, 5, '300', '2022-05-05 12:12:51', '0000-00-00 00:00:00', '2022-05-05'),
(335, 1897, 284, 6, 23, 3, 'Columbia Columbia Women Shirts Short LL Kakhi', 1, 250000, '', 0, '2022-05-02', 4, 5, '300', '2022-05-05 12:12:51', '0000-00-00 00:00:00', '2022-05-05'),
(336, 1901, 284, 6, 23, 3, 'Columbia Columbia Women Shirts Short LL Green', 1, 250000, '', 0, '2022-05-02', 4, 5, '300', '2022-05-05 12:12:51', '0000-00-00 00:00:00', '2022-05-05'),
(337, 1766, 303, 6, 23, 3, 'Under Armour Under Amour Polo Women T-Shirts LL Pink n White', 2, 135000, '', 0, '2022-05-03', 1, 5, '301', '2022-05-05 12:16:25', '0000-00-00 00:00:00', '2022-05-05'),
(338, 1918, 283, 6, 23, 3, 'Columbia Columbia Women Shirts Long LL Green', 1, 270000, '', 0, '2022-05-03', 1, 5, '301', '2022-05-05 12:16:25', '0000-00-00 00:00:00', '2022-05-05'),
(339, 1930, 214, 6, 23, 3, 'Columbia Columbia Caps Cotton Brown bigsticker', 1, 80000, '', 0, '2022-05-01', 4, 5, '302', '2022-05-05 12:19:02', '0000-00-00 00:00:00', '2022-05-05'),
(340, 1927, 57, 6, 23, 3, 'Under Armour Under Amour Caps Cotton White bigsticker', 1, 80000, '', 0, '2022-05-01', 1, 5, '303', '2022-05-05 12:20:29', '0000-00-00 00:00:00', '2022-05-05'),
(341, 1925, 210, 6, 23, 3, 'North Face North Face Caps Soft Blue', 1, 80000, '', 0, '2022-04-30', 1, 5, '304', '2022-05-05 12:22:00', '0000-00-00 00:00:00', '2022-05-05'),
(342, 1928, 211, 6, 23, 3, 'Nike Nike Caps Soft Light blue', 1, 80000, '', 0, '2022-04-30', 1, 5, '305', '2022-05-05 12:23:19', '0000-00-00 00:00:00', '2022-05-05'),
(343, 1926, 48, 6, 23, 3, 'CAT Cat Cap Cotton Black with a net', 1, 80000, '', 0, '2022-04-30', 1, 5, '306', '2022-05-05 12:24:44', '0000-00-00 00:00:00', '2022-05-05'),
(344, 1799, 306, 6, 23, 3, 'Under Armour Under Armour Shortsleeve Polos 3XL Charcoal designed White', 1, 150000, '', 0, '2022-04-30', 1, 5, '307', '2022-05-05 12:28:16', '0000-00-00 00:00:00', '2022-05-05'),
(345, 1784, 253, 6, 23, 3, 'North Face North Face Shortsleeved Polos 3XL Black designed White', 1, 150000, '', 0, '2022-04-30', 1, 5, '308', '2022-05-05 12:30:11', '0000-00-00 00:00:00', '2022-05-05'),
(348, 883, 103, 6, 23, 3, 'CAT Backpacks black', 1, 325000, '', 0, '2022-05-06', 4, 5, '311', '2022-05-06 06:39:01', '0000-00-00 00:00:00', '2022-05-06'),
(349, 920, 131, 6, 23, 3, 'Other Brands M-Pact Gloves (Short) m Black', 1, 95000, '', 0, '2022-05-06', 1, 5, '312', '2022-05-06 10:21:38', '0000-00-00 00:00:00', '2022-05-06'),
(350, 149, 7, 6, 6, 3, 'North Face North Face Men Pants LL Navy', 1, 230000, '', 0, '2022-05-06', 1, 5, '313', '2022-05-06 10:31:52', '0000-00-00 00:00:00', '2022-05-06'),
(351, 213, 10, 6, 6, 3, 'Columbia Columbia Hiking Pants 34 Black', 1, 230000, '', 0, '2022-05-06', 1, 5, '314', '2022-05-06 10:38:57', '0000-00-00 00:00:00', '2022-05-06'),
(352, 1844, 255, 6, 23, 3, '511 5.11 Shortsleeved Polos MM Dark navy', 1, 120000, '', 0, '2022-05-06', 1, 5, '315', '2022-05-07 05:01:48', '0000-00-00 00:00:00', '2022-05-07'),
(353, 1699, 261, 6, 23, 3, 'Under Armour Under Armour Roundneck T-Shirts 2XL Grey', 1, 150000, '', 0, '2022-05-06', 1, 5, '316', '2022-05-07 05:04:01', '0000-00-00 00:00:00', '2022-05-07'),
(354, 933, 62, 6, 23, 3, 'Other Brands Oakly Gloves (short) MM Black', 1, 95000, '', 0, '2022-05-07', 1, 5, '317', '2022-05-07 06:35:36', '0000-00-00 00:00:00', '2022-05-07'),
(355, 1926, 48, 6, 23, 3, 'CAT Cat Cap Green with a Brown logo', 1, 23, '', 0, '2022-04-29', 1, 5, '318', '2022-05-07 06:42:45', '0000-00-00 00:00:00', '2022-05-07'),
(356, 1780, 259, 6, 23, 3, 'North Face North Face Roundneck T-Shirts 2XL White', 1, 150000, '', 0, '2022-05-06', 1, 5, '319', '2022-05-07 06:57:40', '0000-00-00 00:00:00', '2022-05-07'),
(357, 36, 1, 6, 23, 3, '511 5.11 Stryke Pants 34 Coyote', 2, 300000, '', 0, '2022-05-07', 4, 5, '320', '2022-05-07 07:24:12', '0000-00-00 00:00:00', '2022-05-07'),
(358, 954, 64, 6, 23, 3, 'North Face Sunhats; Khaki XL', 1, 95000, '', 0, '2022-05-07', 1, 5, '321', '2022-05-07 07:26:08', '0000-00-00 00:00:00', '2022-05-07'),
(359, 1785, 253, 6, 23, 3, 'North Face North Face Shortsleeved Polos 2XL Charcoal', 1, 150000, '', 0, '2022-04-02', 1, 5, '322', '2022-05-07 08:05:12', '0000-00-00 00:00:00', '2022-05-07'),
(360, 1716, 264, 6, 23, 3, 'Under Armour Under Amour Roundneck Women T-Shirts 2XL Soft Black Bigstcker', 1, 115000, '', 0, '2022-04-02', 4, 5, '323', '2022-05-07 08:12:03', '0000-00-00 00:00:00', '2022-05-07'),
(361, 1931, 215, 6, 23, 3, '511 5.11 Caps: cotton Green comoflage', 1, 80000, '', 0, '2022-04-02', 4, 5, '323', '2022-05-07 08:12:03', '0000-00-00 00:00:00', '2022-05-07'),
(362, 1927, 57, 6, 23, 3, 'Under Armour Under Amour Caps; Soft Pink', 1, 80000, '', 0, '2022-04-14', 4, 5, '324', '2022-05-07 08:42:27', '0000-00-00 00:00:00', '2022-05-07'),
(363, 1928, 211, 6, 23, 3, 'Nike Nike Caps: Half Orange n Black', 1, 80000, '', 0, '2022-04-14', 4, 5, '325', '2022-05-07 08:46:05', '0000-00-00 00:00:00', '2022-05-07'),
(364, 1795, 306, 6, 23, 3, 'Under Armour Under Armour Shortsleeve Polos MM; Charcoal stripped White', 1, 150000, '', 0, '2022-04-14', 1, 5, '326', '2022-05-07 08:48:53', '0000-00-00 00:00:00', '2022-05-07'),
(365, 62, 3, 6, 23, 3, '511 5.11 US Pants 34 Black', 1, 300000, '', 0, '2022-04-15', 4, 5, '327', '2022-05-07 08:56:26', '0000-00-00 00:00:00', '2022-05-07'),
(366, 1795, 306, 6, 23, 3, 'Under Armour Under Armour Shortsleeve Polos MM:Turquoise, Charcoal strpped White, Charcoal n Black', 3, 150000, '', 0, '2022-04-15', 4, 5, '327', '2022-05-07 08:56:26', '0000-00-00 00:00:00', '2022-05-07'),
(367, 1930, 214, 6, 23, 3, 'Columbia Columbia Caps;Soft Brown', 1, 80000, '', 0, '2022-04-16', 1, 5, '328', '2022-05-07 09:00:14', '0000-00-00 00:00:00', '2022-05-07'),
(368, 1931, 215, 6, 23, 3, '511 5.11 Caps; Green comouflage', 1, 80000, '', 0, '2022-04-16', 1, 5, '328', '2022-05-07 09:00:14', '0000-00-00 00:00:00', '2022-05-07'),
(369, 1926, 48, 6, 23, 3, 'CAT Cat Cap; Black', 1, 80000, '', 0, '2022-04-16', 1, 5, '329', '2022-05-07 09:02:15', '0000-00-00 00:00:00', '2022-05-07'),
(370, 149, 7, 6, 23, 3, 'North Face North Face Men Pants LL Navy', 1, 65, '', 0, '2022-04-18', 1, 5, '330', '2022-05-07 09:42:06', '0000-00-00 00:00:00', '2022-05-07'),
(371, 1796, 306, 6, 23, 3, 'Under Armour Under Armour Shortsleeve Polos LL; Charcoal', 1, 43, '', 0, '2022-04-18', 1, 5, '330', '2022-05-07 09:42:06', '0000-00-00 00:00:00', '2022-05-07'),
(372, 1796, 306, 6, 23, 3, 'Under Armour Under Armour Shortsleeve Polos LL: Charcoal Comouflage', 1, 150000, '', 0, '2022-04-18', 1, 5, '331', '2022-05-07 09:45:59', '0000-00-00 00:00:00', '2022-05-07'),
(373, 1796, 306, 6, 23, 3, 'Under Armour Under Armour Shortsleeve Polos LL; Green stripped White', 1, 150000, '', 0, '2022-04-19', 4, 5, '332', '2022-05-07 09:48:20', '0000-00-00 00:00:00', '2022-05-07'),
(374, 143, 7, 6, 23, 3, 'North Face North Face Men Pants 2XL Kakhi', 1, 230000, '', 0, '2022-04-19', 4, 5, '333', '2022-05-07 10:01:50', '0000-00-00 00:00:00', '2022-05-07'),
(375, 958, 145, 6, 23, 3, 'CAT Socks (Short), White cotton 39-42', 2, 80000, '', 0, '2022-04-19', 4, 5, '333', '2022-05-07 10:01:50', '0000-00-00 00:00:00', '2022-05-07'),
(376, 968, 155, 6, 23, 3, 'Other Brands Shoe Lances; Black', 1, 20000, '', 0, '2022-04-19', 4, 5, '333', '2022-05-07 10:01:50', '0000-00-00 00:00:00', '2022-05-07'),
(377, 1877, 263, 6, 23, 3, 'North Face North Face Roundneck Women T-Shirts 3XL Blue Bigsticker', 1, 125000, '', 0, '2022-04-19', 4, 5, '333', '2022-05-07 10:01:50', '0000-00-00 00:00:00', '2022-05-07'),
(378, 1930, 214, 6, 23, 3, 'Columbia Columbia Caps; cotton Brown Comouflage', 1, 80000, '', 0, '2022-04-19', 1, 5, '334', '2022-05-07 10:03:46', '0000-00-00 00:00:00', '2022-05-07'),
(379, 1925, 210, 6, 23, 3, 'North Face North Face Caps:Soft with a net Red', 1, 80000, '', 0, '2022-04-21', 1, 5, '335', '2022-05-07 10:07:48', '0000-00-00 00:00:00', '2022-05-07'),
(380, 1926, 48, 6, 23, 3, 'CAT Cat Cap: cotton Grey with a brown logo', 1, 80000, '', 0, '2022-04-22', 1, 5, '336', '2022-05-07 10:21:19', '0000-00-00 00:00:00', '2022-05-07'),
(381, 1796, 306, 6, 23, 3, 'Under Armour Under Armour Shortsleeve Polos LL: Grey stripped', 1, 150000, '', 0, '2022-04-25', 1, 5, '337', '2022-05-07 10:26:53', '0000-00-00 00:00:00', '2022-05-07'),
(382, 1763, 60, 6, 23, 3, 'Nike Nike Roundneck T-Shirts 3XL NavyBLUE', 1, 150000, '', 0, '2022-05-25', 1, 5, '338', '2022-05-07 10:29:16', '0000-00-00 00:00:00', '2022-05-07'),
(383, 1763, 60, 6, 23, 3, 'Nike Nike Roundneck T-Shirts 3XL Black designed Green', 1, 150000, '', 0, '2022-04-25', 1, 5, '339', '2022-05-07 10:31:41', '0000-00-00 00:00:00', '2022-05-07'),
(384, 1796, 306, 6, 23, 3, 'Under Armour Under Armour Shortsleeve Polos LL Green', 1, 150000, '', 0, '2022-04-27', 1, 5, '340', '2022-05-07 10:34:10', '0000-00-00 00:00:00', '2022-05-07'),
(385, 1780, 259, 6, 23, 3, 'North Face North Face Roundneck T-Shirts 2XL White', 1, 150000, '', 0, '2022-05-06', 1, 5, '341', '2022-05-07 10:44:13', '0000-00-00 00:00:00', '2022-05-07'),
(389, 955, 65, 6, 23, 3, 'Other Brands Tactical Sunhats Black', 1, 80000, '/=', 3561.09, '2022-05-05', 1, 5, '344', '2022-05-08 07:59:14', '0000-00-00 00:00:00', '2022-05-08'),
(390, 1857, 260, 6, 23, 3, '511 5.11 Roundneck T-Shirts MM Green', 1, 80000, '/=', 3561.09, '2022-04-01', 4, 5, '345', '2022-05-08 09:42:21', '0000-00-00 00:00:00', '2022-05-08'),
(391, 1953, 44, 6, 23, 3, '511 5.11 Tactical Cotton Shirt Short LL Navy', 1, 230000, '/=', 3561.09, '2022-04-01', 4, 5, '345', '2022-05-08 09:42:21', '0000-00-00 00:00:00', '2022-05-08'),
(392, 1703, 261, 6, 23, 3, 'Under Armour Under Armour Roundneck T-Shirts MM Grey', 1, 100000, '/=', 3561.09, '2022-04-02', 4, 5, '346', '2022-05-08 09:52:52', '0000-00-00 00:00:00', '2022-05-08'),
(393, 1857, 260, 6, 23, 3, '511 5.11 Roundneck T-Shirts MM Black, Blue', 2, 50000, '/=', 3561.09, '2022-04-02', 4, 5, '346', '2022-05-08 09:52:52', '0000-00-00 00:00:00', '2022-05-08'),
(394, 1858, 260, 6, 23, 3, '511 5.11 Roundneck T-Shirts SS Green', 1, 50000, '/=', 3561.09, '2022-04-02', 4, 5, '346', '2022-05-08 09:52:52', '0000-00-00 00:00:00', '2022-05-08'),
(395, 901, 120, 6, 23, 3, 'CAT Shoulder Bags Black', 1, 190000, '/=', 3561.09, '2022-05-08', 1, 5, '347', '2022-05-08 10:06:11', '0000-00-00 00:00:00', '2022-05-08'),
(396, 1778, 259, 6, 23, 3, 'North Face North Face Roundneck T-Shirts LL Black', 1, 150000, '/=', 3561.09, '2022-05-08', 4, 5, '348', '2022-05-08 10:21:53', '0000-00-00 00:00:00', '2022-05-08'),
(397, 1926, 48, 6, 23, 3, 'CAT Caterpillar Cap cotton dark navy', 1, 80000, '/=', 3561.09, '2022-05-08', 4, 5, '348', '2022-05-08 10:21:53', '0000-00-00 00:00:00', '2022-05-08'),
(398, 1796, 306, 6, 23, 3, 'Under Armour Under Armour Shortsleeve Polos LL White stripped Black, Navy stripped White', 2, 150000, '/=', 3561.09, '2022-05-08', 1, 5, '349', '2022-05-08 10:45:07', '0000-00-00 00:00:00', '2022-05-08'),
(399, 963, 149, 6, 23, 3, 'Other Brands Passport Holders (B) Comouflage', 1, 95000, '/=', 3561.09, '2022-05-08', 4, 5, '350', '2022-05-08 10:46:38', '0000-00-00 00:00:00', '2022-05-08'),
(400, 1697, 263, 6, 23, 3, 'North Face North Face Roundneck Women T-Shirts XL Blue Bigsticker', 1, 135000, '/=', 3561.09, '2022-05-08', 1, 5, '351', '2022-05-08 10:53:17', '0000-00-00 00:00:00', '2022-05-08'),
(401, 1977, 321, 6, 23, 3, '511 5.11 Roundneck Longsleeve T-Shirts MM Black n White', 1, 120000, '/=', 3561.09, '2022-05-05', 1, 5, '352', '2022-05-08 10:56:32', '0000-00-00 00:00:00', '2022-05-08'),
(402, 953, 61, 6, 23, 3, 'Columbia Sun Hat Coyote, Olive green XL', 2, 95000, '/=', 3561.09, '2022-05-04', 4, 5, '353', '2022-05-08 11:06:22', '0000-00-00 00:00:00', '2022-05-08'),
(403, 1797, 306, 6, 23, 3, 'Under Armour Under Armour Shortsleeve Polos XL Green', 1, 150000, '/=', 3561.09, '2022-05-04', 4, 5, '353', '2022-05-08 11:06:22', '0000-00-00 00:00:00', '2022-05-08'),
(404, 1927, 57, 6, 23, 3, 'Under Armour Under Amour Caps Soft Light blue Bigsticker', 1, 80000, '/=', 3561.09, '2022-05-04', 4, 5, '353', '2022-05-08 11:06:22', '0000-00-00 00:00:00', '2022-05-08'),
(405, 1930, 214, 6, 23, 3, 'Columbia Columbia Caps khaki, Green, Black, Maroon Bigsticker', 4, 80000, '/=', 3561.09, '2022-05-04', 4, 5, '353', '2022-05-08 11:06:22', '0000-00-00 00:00:00', '2022-05-08'),
(406, 1823, 310, 6, 23, 3, 'Other Brands POllo Polo T-Shirts MM White', 1, 80000, '/=', 3561.09, '2022-05-04', 4, 5, '354', '2022-05-08 11:11:36', '0000-00-00 00:00:00', '2022-05-08'),
(407, 1778, 259, 6, 23, 3, 'North Face North Face Roundneck T-Shirts LL Blue Bigsticker', 1, 150000, '/=', 3561.09, '2022-04-04', 4, 5, '355', '2022-05-08 11:17:39', '0000-00-00 00:00:00', '2022-05-08'),
(408, 1845, 255, 6, 23, 3, '511 5.11 Shortsleeved Polos LL Navyblue', 1, 120000, '/=', 3561.09, '2022-04-04', 4, 5, '355', '2022-05-08 11:17:39', '0000-00-00 00:00:00', '2022-05-08'),
(409, 1973, 300, 6, 23, 3, 'Other Brands Headsocks; New York Grey', 1, 60000, '/=', 3561.09, '2022-04-05', 4, 5, '356', '2022-05-08 11:19:54', '0000-00-00 00:00:00', '2022-05-08'),
(410, 396, 42, 6, 23, 3, 'Under Amour Briefs/Under Wears XL Red, Darknavy', 3, 81905, '$', 3561.09, '2022-04-08', 1, 5, '357', '2022-05-08 11:28:45', '0000-00-00 00:00:00', '2022-05-08'),
(411, 727, 45, 6, 23, 3, '511 5.11 Tactical Polyster (Soft) Shirt Short XL Green', 1, 252837, ' $', 3561.09, '2022-04-08', 1, 5, '357', '2022-05-08 11:28:45', '0000-00-00 00:00:00', '2022-05-08'),
(412, 1884, 314, 6, 23, 3, 'Under Armour Under Armour  Vest 3XL Darknavy', 1, 135321, '$', 3561.09, '2022-04-08', 1, 5, '357', '2022-05-08 11:28:45', '0000-00-00 00:00:00', '2022-05-08'),
(413, 506, 54, 6, 23, 3, 'Columbia Columbia Men Shirt Short MM White', 1, 240000, '/=', 3561.09, '2022-04-08', 4, 5, '358', '2022-05-08 11:30:37', '0000-00-00 00:00:00', '2022-05-08'),
(414, 957, 67, 6, 23, 3, 'Other Brands Non Branded Hats Brown', 1, 80000, '/=', 3561.09, '2022-04-08', 4, 5, '359', '2022-05-08 11:39:14', '0000-00-00 00:00:00', '2022-05-08'),
(415, 1795, 306, 6, 23, 3, 'Under Armour Under Armour Shortsleeve Polos MM Charcoal stripped', 1, 150000, '/=', 3561.09, '2022-04-08', 4, 5, '359', '2022-05-08 11:39:14', '0000-00-00 00:00:00', '2022-05-08'),
(416, 1839, 311, 6, 23, 3, 'Columbia Columbia Polo T-Shirts XL Light blue designed', 1, 150000, '/=', 3561.09, '2022-04-08', 4, 5, '359', '2022-05-08 11:39:14', '0000-00-00 00:00:00', '2022-05-08'),
(417, 1841, 311, 6, 23, 3, 'Columbia Columbia Polo T-Shirts MM  Green stripped', 1, 150000, '/=', 3561.09, '2022-04-08', 4, 5, '359', '2022-05-08 11:39:14', '0000-00-00 00:00:00', '2022-05-08'),
(418, 1975, 323, 6, 23, 3, 'Other Brands Non Branded Caps Cotton White', 1, 80000, '/=', 3561.09, '2022-04-08', 4, 5, '359', '2022-05-08 11:39:14', '0000-00-00 00:00:00', '2022-05-08'),
(419, 1939, 318, 6, 23, 3, 'North Face North Face Roundneck Shortsleeved T-Shirts 2XL Charcoal n Black Bigsticker', 1, 150000, '/=', 3561.09, '2022-04-09', 1, 5, '360', '2022-05-08 11:44:09', '0000-00-00 00:00:00', '2022-05-08'),
(420, 1972, 83, 6, 23, 3, 'Nike Nike Sweaters XL Cream n Orange', 1, 178054, ' $', 3561.09, '2022-04-11', 1, 5, '361', '2022-05-08 11:50:31', '0000-00-00 00:00:00', '2022-05-08'),
(421, 145, 7, 6, 23, 3, 'North Face North Face Men Pants XL Charcoal', 1, 230000, '/=', 3561.09, '2022-05-08', 4, 5, '362', '2022-05-08 12:16:23', '0000-00-00 00:00:00', '2022-05-08'),
(422, 150, 7, 6, 23, 3, 'North Face North Face Men Pants 2XL NavyBlue', 1, 230000, '/=', 3561.09, '2022-05-08', 4, 5, '362', '2022-05-08 12:16:23', '0000-00-00 00:00:00', '2022-05-08'),
(423, 653, 43, 6, 23, 3, '511 5.11 Tactical Cotton Shirt Long XL Charcoal', 1, 270000, '/=', 3561.09, '2022-05-08', 4, 5, '362', '2022-05-08 12:16:23', '0000-00-00 00:00:00', '2022-05-08'),
(424, 948, 139, 6, 23, 3, '511 Leather Belts: Black', 1, 175000, '/=', 3561.09, '2022-05-08', 4, 5, '362', '2022-05-08 12:16:23', '0000-00-00 00:00:00', '2022-05-08'),
(425, 1704, 261, 6, 23, 3, 'Under Armour Under Armour Roundneck T-Shirts MM Blue Bigsticker', 1, 150000, '/=', 3561.09, '2022-05-08', 4, 5, '362', '2022-05-08 12:16:23', '0000-00-00 00:00:00', '2022-05-08'),
(428, 145, 7, 6, 23, 3, 'North Face North Face Men Pants XL Charcoal', 1, 230000, '/=', 0, '2022-05-08', 4, 5, '365', '2022-05-09 05:49:20', '0000-00-00 00:00:00', '2022-05-09'),
(429, 559, 73, 6, 23, 3, 'Other Brands Women Soft Pants LL Mzuno Grey', 1, 230000, '/=', 0, '2022-05-08', 4, 5, '365', '2022-05-09 05:49:20', '0000-00-00 00:00:00', '2022-05-09'),
(430, 951, 142, 6, 23, 3, 'Other Brands Flag Patches Uganda', 1, 20000, '/=', 0, '2022-05-08', 4, 5, '365', '2022-05-09 05:49:20', '0000-00-00 00:00:00', '2022-05-09'),
(431, 952, 143, 6, 23, 3, 'Other Brands Flag Stickers East Arican', 1, 20000, '/=', 0, '2022-05-08', 4, 5, '365', '2022-05-09 05:49:20', '0000-00-00 00:00:00', '2022-05-09'),
(432, 1910, 283, 6, 23, 3, 'Columbia Columbia Women Shirts Long LL Pink', 1, 270000, '/=', 0, '2022-05-08', 4, 5, '365', '2022-05-09 05:49:20', '0000-00-00 00:00:00', '2022-05-09'),
(433, 1012, 198, 6, 23, 3, 'ParaJohn Case Covers: L Floral Green', 1, 95000, '/=', 0, '2022-05-08', 1, 5, '366', '2022-05-09 06:00:26', '0000-00-00 00:00:00', '2022-05-09'),
(434, 1702, 261, 6, 23, 3, 'Under Armour Under Armour Roundneck T-Shirts LL Charcoal n Grey', 1, 120000, '/=', 0, '2022-04-09', 1, 5, '367', '2022-05-09 07:47:05', '0000-00-00 00:00:00', '2022-05-09'),
(435, 1984, 322, 6, 23, 3, ' Under Armour Fish T-Shirt Polo LL Red, Charcoal', 2, 150000, '/=', 0, '2022-04-09', 1, 5, '367', '2022-05-09 07:47:05', '0000-00-00 00:00:00', '2022-05-09'),
(436, 1973, 300, 6, 23, 3, 'Other Brands Headsocks Brown', 1, 40000, '/=', 0, '2022-04-14', 1, 5, '368', '2022-05-09 07:49:22', '0000-00-00 00:00:00', '2022-05-09'),
(437, 995, 182, 6, 23, 3, 'Other Brands Swiss Tool (victorinox) ', 1, 760000, '/=', 0, '2022-04-15', 4, 5, '369', '2022-05-09 07:55:49', '0000-00-00 00:00:00', '2022-05-09'),
(438, 1974, 320, 6, 23, 3, 'Other Brands SWAT Caps Black', 1, 80000, '/=', 0, '2022-04-15', 4, 5, '369', '2022-05-09 07:55:49', '0000-00-00 00:00:00', '2022-05-09'),
(439, 1707, 293, 6, 23, 3, 'Nike Nike Women Vneck T-Shirts LL Black', 1, 135000, '/=', 0, '2022-04-23', 4, 5, '370', '2022-05-09 08:02:03', '0000-00-00 00:00:00', '2022-05-09'),
(440, 1970, 39, 6, 23, 3, 'Nike Nike Gym Pants MM Black designed', 1, 125000, '/=', 0, '2022-04-23', 4, 5, '370', '2022-05-09 08:02:03', '0000-00-00 00:00:00', '2022-05-09'),
(441, 1973, 300, 6, 23, 3, 'Other Brands Headsocks: Boss Navyblue', 1, 20000, '/=', 0, '2022-04-29', 1, 5, '371', '2022-05-09 08:04:56', '0000-00-00 00:00:00', '2022-05-09'),
(442, 883, 103, 6, 23, 3, 'CAT Backpacks; Atacama Black', 1, 535000, '/=', 0, '2022-05-09', 4, 5, '372', '2022-05-09 08:11:34', '0000-00-00 00:00:00', '2022-05-09'),
(443, 365, 27, 6, 23, 3, 'North Face North Face Jampers(Hoodies) 2XL Green Comouflage', 1, 345000, '/=', 0, '2022-05-09', 4, 5, '373', '2022-05-09 10:02:33', '0000-00-00 00:00:00', '2022-05-09'),
(444, 150, 7, 6, 23, 3, 'North Face North Face Men Pants 2XL Navy', 1, 66, '$', 0, '2022-05-09', 1, 5, '374', '2022-05-09 10:17:36', '0000-00-00 00:00:00', '2022-05-09'),
(445, 1726, 296, 6, 23, 3, 'Other Brands Asorted Product: USA Wallet Black', 1, 23, ' $', 0, '2022-05-09', 1, 5, '374', '2022-05-09 10:17:36', '0000-00-00 00:00:00', '2022-05-09'),
(446, 27, 1, 6, 23, 3, '511 5.11 Stryke Stealth Pants 40/36  Charcoal', 1, 300000, '/=', 0, '2022-05-09', 1, 5, '375', '2022-05-09 11:10:19', '0000-00-00 00:00:00', '2022-05-09'),
(447, 152, 7, 6, 23, 3, 'North Face North Face Men Pants 2XL Grey', 1, 230000, '/=', 0, '2022-05-09', 1, 5, '375', '2022-05-09 11:10:19', '0000-00-00 00:00:00', '2022-05-09'),
(448, 1994, 221, 6, 23, 3, 'Jack Wolfskin Jackwolfeskin Low Cut Hiking Shoes: Green Size 41', 1, 420000, '/=', 3561.09, '2022-05-08', 1, 5, '376', '2022-05-10 09:10:04', '0000-00-00 00:00:00', '2022-05-10'),
(449, 2004, 225, 6, 23, 3, 'North Face North Face Low Cut Hiking Shoes: Grey Size 38.5', 1, 420000, '/=', 3561.09, '2022-05-06', 4, 5, '377', '2022-05-10 09:15:15', '0000-00-00 00:00:00', '2022-05-10'),
(450, 145, 7, 6, 23, 3, 'North Face North Face Men Pants XL Charcoal', 1, 230000, '/=', 3561.09, '2022-05-09', 4, 5, '378', '2022-05-10 09:24:52', '0000-00-00 00:00:00', '2022-05-10'),
(451, 383, 32, 6, 23, 3, 'Columbia Rain Jackets MM; Maroon n Black', 1, 285000, '/=', 3561.09, '2022-05-09', 4, 5, '378', '2022-05-10 09:24:52', '0000-00-00 00:00:00', '2022-05-10'),
(452, 887, 106, 6, 23, 3, 'Other Brands Deuter Futura 28; Black n Grey', 1, 400000, '/=', 3561.09, '2022-05-09', 4, 5, '378', '2022-05-10 09:24:52', '0000-00-00 00:00:00', '2022-05-10'),
(453, 1999, 220, 6, 23, 3, 'Jack Wolfskin Jackwolfeskin High Cut Hiking Shoes; Grey n Pink Size 42', 1, 495000, '/=', 3561.09, '2022-05-09', 4, 5, '378', '2022-05-10 09:24:52', '0000-00-00 00:00:00', '2022-05-10'),
(454, 959, 144, 6, 23, 3, 'CAT Socks (Long) Thick 39-42 Black, Grey', 2, 80000, '/=', 3561.09, '2022-05-07', 4, 5, '379', '2022-05-10 09:30:45', '0000-00-00 00:00:00', '2022-05-10'),
(455, 1999, 220, 6, 23, 3, 'Jack Wolfskin Jackwolfeskin High Cut Hiking Shoes; Black Size 42', 1, 495000, '/=', 3561.09, '2022-05-07', 4, 5, '379', '2022-05-10 09:30:45', '0000-00-00 00:00:00', '2022-05-10'),
(456, 959, 144, 6, 23, 3, 'CAT Socks (Long) Black 39-42', 1, 80000, '/=', 3561.09, '2022-05-07', 4, 5, '380', '2022-05-10 09:33:32', '0000-00-00 00:00:00', '2022-05-10'),
(457, 2000, 224, 6, 23, 3, 'North Face North Face HIGH Cut Hiking Shoes; Black Size 42.5', 1, 495000, '/=', 3561.09, '2022-05-07', 4, 5, '380', '2022-05-10 09:33:32', '0000-00-00 00:00:00', '2022-05-10'),
(458, 388, 33, 6, 23, 3, 'North Face North Face Rain Jackets XL Purple', 1, 285000, '/=', 3561.09, '2022-05-07', 1, 5, '381', '2022-05-10 09:36:47', '0000-00-00 00:00:00', '2022-05-10'),
(459, 2000, 224, 6, 23, 3, 'North Face North Face HIGH Cut Hiking Shoes; Grey n Black Size 41', 1, 495000, '/=', 3561.09, '2022-05-07', 1, 5, '381', '2022-05-10 09:36:47', '0000-00-00 00:00:00', '2022-05-10'),
(460, 950, 141, 6, 23, 3, 'Other Brands Luggage Padlocks: Black', 1, 60000, '/=', 3561.09, '2022-05-03', 4, 5, '382', '2022-05-10 09:46:11', '0000-00-00 00:00:00', '2022-05-10'),
(461, 951, 142, 6, 23, 3, 'Other Brands Flag Patches: Uganda', 1, 20000, '/=', 3561.09, '2022-05-03', 4, 5, '382', '2022-05-10 09:46:11', '0000-00-00 00:00:00', '2022-05-10'),
(462, 959, 144, 6, 23, 3, 'CAT Socks (Long) Navy blue 39-42', 1, 80000, '/=', 3561.09, '2022-05-03', 4, 5, '382', '2022-05-10 09:46:11', '0000-00-00 00:00:00', '2022-05-10'),
(463, 1788, 253, 6, 23, 3, 'North Face North Face Shortsleeved Polos MM Charcoal', 1, 150000, '/=', 3561.09, '2022-05-03', 4, 5, '382', '2022-05-10 09:46:11', '0000-00-00 00:00:00', '2022-05-10'),
(464, 1927, 57, 6, 23, 3, 'Under Armour Under Amour Caps; Cotton Red', 1, 80000, '/=', 3561.09, '2022-05-03', 4, 5, '382', '2022-05-10 09:46:11', '0000-00-00 00:00:00', '2022-05-10');
INSERT INTO `sold_tb` (`purchase_id`, `ivid`, `product_id`, `customer_id`, `attendant_id`, `branch_id`, `remarks`, `quantity`, `price`, `currency`, `rate`, `purchase_date`, `payment_type_id`, `discount_id`, `invoice_no`, `modified_at`, `deleted_at`, `date`) VALUES
(465, 2031, 233, 6, 23, 3, 'Other Brands All Rounder Shoes NA Navy Size 11.5', 1, 200000, '/=', 3561.09, '2022-05-03', 4, 5, '382', '2022-05-10 09:46:11', '0000-00-00 00:00:00', '2022-05-10'),
(466, 2004, 225, 6, 23, 3, 'North Face North Face Low Cut Hiking Shoes: Black n Grey Size 45.5', 1, 427330, ' $', 3561.09, '2022-04-29', 1, 5, '383', '2022-05-10 09:52:10', '0000-00-00 00:00:00', '2022-05-10'),
(467, 2025, 231, 6, 23, 3, 'Other Brands Fila Low Cat Hiking Shoe; Black n Red Size 44', 1, 309814, ' $', 3561.09, '2022-04-28', 1, 5, '384', '2022-05-10 09:59:42', '0000-00-00 00:00:00', '2022-05-10'),
(468, 1777, 259, 6, 23, 3, 'North Face North Face Roundneck T-Shirts MM Aqua blue ', 1, 150000, '/=', 3561.09, '2022-04-27', 1, 5, '385', '2022-05-10 10:03:00', '0000-00-00 00:00:00', '2022-05-10'),
(469, 2039, 235, 6, 23, 3, 'Nike Nike Sneakers; Blue Size 45', 1, 420000, '/=', 3561.09, '2022-04-27', 4, 5, '386', '2022-05-10 10:04:48', '0000-00-00 00:00:00', '2022-05-10'),
(470, 2047, 239, 6, 23, 3, 'Addidas Adidas Sneakers; Black n Grey Size 42', 1, 420000, '/=', 3561.09, '2022-04-25', 1, 5, '387', '2022-05-10 10:08:00', '0000-00-00 00:00:00', '2022-05-10'),
(471, 2039, 235, 6, 23, 3, 'Nike Nike Sneakers; Black Size 45', 1, 420000, '/=', 3561.09, '2022-04-24', 1, 5, '388', '2022-05-10 10:25:39', '0000-00-00 00:00:00', '2022-05-10'),
(472, 1940, 318, 6, 23, 3, 'North Face North Face Roundneck Shortsleeved T-Shirts 3X Light blue', 1, 153126, ' $', 3561.09, '2022-05-10', 1, 5, '389', '2022-05-10 10:30:57', '0000-00-00 00:00:00', '2022-05-10'),
(473, 958, 145, 6, 23, 3, 'CAT Socks (Short), 3 Whites, 1 Black 39-42', 4, 80000, '/=', 3561.09, '2022-04-24', 4, 5, '390', '2022-05-10 10:46:58', '0000-00-00 00:00:00', '2022-05-10'),
(474, 1700, 261, 6, 23, 3, 'Under Armour Under Armour Roundneck T-Shirts 3X Red Bigsticker', 1, 150000, '/=', 3561.09, '2022-04-24', 4, 5, '390', '2022-05-10 10:46:58', '0000-00-00 00:00:00', '2022-05-10'),
(475, 1993, 219, 6, 23, 3, 'Merrell Merelle Low Cut Hiking Shoes; Blue n Yellow Size 45.5', 1, 420000, '/=', 3561.09, '2022-04-24', 4, 5, '390', '2022-05-10 10:46:58', '0000-00-00 00:00:00', '2022-05-10'),
(476, 2010, 222, 6, 23, 3, 'Columbia Columbia High Cut Hiking Shoes:Brown Size 43.5', 1, 495000, '/=', 3561.09, '2022-04-15', 4, 5, '391', '2022-05-10 10:54:53', '0000-00-00 00:00:00', '2022-05-10'),
(477, 1797, 306, 6, 23, 3, 'Under Armour Under Armour Shortsleeve Polos XL Navyblue stripped White', 1, 150000, '/=', 3561.09, '2022-05-10', 1, 5, '392', '2022-05-10 11:06:59', '0000-00-00 00:00:00', '2022-05-10'),
(478, 2000, 224, 6, 23, 3, 'North Face North Face HIGH Cut Hiking Shoes: Black n Charcoal Size 43', 1, 495000, '/=', 3561.09, '2022-04-10', 1, 5, '393', '2022-05-10 11:20:33', '0000-00-00 00:00:00', '2022-05-10'),
(479, 2073, 247, 6, 23, 3, 'Other Brands Non Branded Scholars: Vento Green n Black Size 40', 1, 150000, '/=', 3561.09, '2022-05-10', 4, 5, '394', '2022-05-10 11:22:57', '0000-00-00 00:00:00', '2022'),
(480, 2050, 240, 6, 23, 3, 'Under Armour Under Armour Sneakers: Green Size 42', 1, 420000, '/=', 3561.09, '2022-04-04', 1, 5, '395', '2022-05-10 11:26:42', '0000-00-00 00:00:00', '2022-05-10'),
(481, 910, 127, 6, 23, 3, 'Other Brands Oakley Glasses Polarized: Brown', 1, 270000, '/=', 3561.09, '2022-05-10', 1, 5, '396', '2022-05-10 11:38:54', '0000-00-00 00:00:00', '2022-05-10'),
(482, 371, 29, 6, 23, 3, 'Columbia Columbia Fliss Jampers(Hoodies) SS Grey', 1, 345000, '/=', 3561.09, '2022-05-10', 1, 5, '397', '2022-05-10 12:04:49', '0000-00-00 00:00:00', '2022-05-10'),
(483, 1858, 260, 6, 23, 3, '511 5.11 Roundneck T-Shirts SS Green', 1, 80000, '/=', 3561.09, '2022-05-10', 1, 5, '397', '2022-05-10 12:04:49', '0000-00-00 00:00:00', '2022-05-10'),
(484, 366, 28, 6, 23, 3, '511 5.11 Jampers(Hoodies) 2XL Green', 1, 345000, '/=', 3561.09, '2022-05-10', 1, 5, '398', '2022-05-10 12:11:00', '0000-00-00 00:00:00', '2022-05-10'),
(485, 1858, 260, 6, 23, 3, '511 5.11 Roundneck T-Shirts SS Black', 1, 80000, '/=', 3561.09, '2022-05-10', 1, 5, '398', '2022-05-10 12:11:00', '0000-00-00 00:00:00', '2022-05-10'),
(486, 2004, 225, 6, 23, 3, 'North Face North Face Low Cut Hiking Shoes: Black n Grey Size 40.5', 1, 420000, '/=', 3561.09, '2022-04-21', 1, 5, '399', '2022-05-10 12:15:52', '0000-00-00 00:00:00', '2022-05-10'),
(488, 4, 1, 6, 23, 3, '511 5.11 Stryke Pants 36 Brown', 1, 300000, '/=', 3561.09, '2022-05-11', 1, 5, '401', '2022-05-11 06:25:04', '0000-00-00 00:00:00', '2022-05-11'),
(489, 644, 43, 6, 23, 3, '511 5.11 Tactical Cotton Shirt Long LL Brown', 1, 270000, '/=', 3561.09, '2022-05-11', 1, 5, '401', '2022-05-11 06:25:04', '0000-00-00 00:00:00', '2022-05-11'),
(490, 2000, 224, 6, 23, 3, 'North Face North Face HIGH Cut Hiking Shoes; Black Size 40', 1, 495000, '/=', 3561.09, '2022-05-11', 1, 5, '401', '2022-05-11 06:25:04', '0000-00-00 00:00:00', '2022-05-11');

-- --------------------------------------------------------

--
-- Table structure for table `status_tb`
--

CREATE TABLE `status_tb` (
  `status_id` int(11) NOT NULL,
  `status_name` varchar(30) NOT NULL
) ENGINE=InnoDB DEFAULT CHARSET=utf8mb4;

--
-- Dumping data for table `status_tb`
--

INSERT INTO `status_tb` (`status_id`, `status_name`) VALUES
(1, 'Completed'),
(2, 'Pending'),
(3, 'Activated'),
(4, 'Deactivated'),
(5, 'Canceled');

-- --------------------------------------------------------

--
-- Table structure for table `supplier_tb`
--

CREATE TABLE `supplier_tb` (
  `supplier_id` int(11) NOT NULL,
  `fname` varchar(100) NOT NULL,
  `lname` varchar(100) NOT NULL,
  `address` text NOT NULL,
  `telephone` int(11) NOT NULL,
  `email` varchar(200) NOT NULL,
  `created_at` timestamp NOT NULL DEFAULT current_timestamp(),
  `modified_at` varchar(200) NOT NULL DEFAULT current_timestamp(),
  `deleted_at` varchar(100) NOT NULL DEFAULT '0000-00-00 00:00:00'
) ENGINE=InnoDB DEFAULT CHARSET=utf8mb4;

--
-- Dumping data for table `supplier_tb`
--

INSERT INTO `supplier_tb` (`supplier_id`, `fname`, `lname`, `address`, `telephone`, `email`, `created_at`, `modified_at`, `deleted_at`) VALUES
(1, 'Hana', 'Viet', 'HMC', 754244838, 'tactical.ug@gmail.com', '2022-04-05 02:10:03', '2022-04-05 05:10:03', '0000-00-00 00:00:00'),
(2, 'Dennis', 'Viet', 'HMC', 754244838, 'tactical.ug@gmail.com', '2022-04-05 02:10:03', '2022-04-05 05:10:03', '0000-00-00 00:00:00'),
(3, 'Luna', 'Viet', 'HMC', 754244838, 'tactucal.ug@gmail.com', '2022-04-05 02:10:03', '2022-04-05 05:10:03', '0000-00-00 00:00:00'),
(4, 'Mai', 'Viet', 'HMC', 754244838, 'tactical.ug@gmail.com', '2022-04-05 02:10:03', '2022-04-05 05:10:03', '0000-00-00 00:00:00'),
(5, 'Under', 'Armour', 'HMC', 754244838, 'tactical.ug@gmail.com', '2022-04-05 02:10:03', '2022-04-05 05:10:03', '0000-00-00 00:00:00'),
(6, 'Violet', 'Viet', 'HMC', 754244838, 'tactical.ug@gmail.com', '2022-04-05 02:10:03', '2022-04-05 05:10:03', '0000-00-00 00:00:00'),
(7, 'NF', 'Pants', 'HMC', 754244838, 'tactical.ug@gmail.com', '2022-04-05 02:10:03', '2022-04-05 05:10:03', '0000-00-00 00:00:00'),
(8, 'Military', 'Market', 'HMC', 754244838, 'tactical.ug@gmail.com', '2022-04-05 02:10:03', '2022-04-05 05:10:03', '0000-00-00 00:00:00'),
(9, 'DXB', 'Purchases', 'DXB', 754244838, 'tactical.ug@gmail.com', '2022-04-05 02:10:03', '2022-04-05 05:10:03', '0000-00-00 00:00:00'),
(10, 'Local', 'Purchases', 'KLA', 754244838, 'tactical.ug@gmail.com', '2022-04-05 02:10:03', '2022-04-05 05:10:03', '0000-00-00 00:00:00'),
(11, 'Leatherex', 'Cyprus', 'CYP', 754244838, 'tactical.ug@gmail.com', '2022-04-05 02:10:03', '2022-04-05 05:10:03', '0000-00-00 00:00:00');

-- --------------------------------------------------------

--
-- Table structure for table `user_profile_image_tb`
--

CREATE TABLE `user_profile_image_tb` (
  `image_id` int(11) NOT NULL,
  `user_id` int(11) NOT NULL,
  `status_id` int(11) NOT NULL,
  `image` varchar(100) NOT NULL,
  `created_at` timestamp NOT NULL DEFAULT current_timestamp(),
  `Modified_at` timestamp NOT NULL DEFAULT current_timestamp()
) ENGINE=InnoDB DEFAULT CHARSET=utf8mb4;

--
-- Dumping data for table `user_profile_image_tb`
--

INSERT INTO `user_profile_image_tb` (`image_id`, `user_id`, `status_id`, `image`, `created_at`, `Modified_at`) VALUES
(1, 13, 3, 'default.png', '2022-04-05 02:12:02', '2022-04-05 02:12:02'),
(2, 17, 3, 'default.png', '2022-04-05 02:12:02', '2022-04-05 02:12:02'),
(3, 1, 3, 'default.png', '2022-04-05 02:12:02', '2022-04-05 02:12:02'),
(4, 2, 3, 'default.png', '2022-04-05 02:12:02', '2022-04-05 02:12:02'),
(5, 3, 3, 'default.png', '2022-04-05 02:12:02', '2022-04-05 02:12:02'),
(6, 4, 3, 'default.png', '2022-04-05 02:12:02', '2022-04-05 02:12:02'),
(7, 5, 3, 'default.png', '2022-04-05 02:12:02', '2022-04-05 02:12:02'),
(8, 6, 3, 'default.png', '2022-04-05 02:12:02', '2022-04-05 02:12:02'),
(9, 7, 3, 'default.png', '2022-04-05 02:12:02', '2022-04-05 02:12:02'),
(10, 8, 3, 'default.png', '2022-04-05 02:12:02', '2022-04-05 02:12:02'),
(11, 9, 3, 'default.png', '2022-04-05 02:12:02', '2022-04-05 02:12:02'),
(12, 10, 3, 'default.png', '2022-04-05 02:12:02', '2022-04-05 02:12:02'),
(13, 11, 3, 'default.png', '2022-04-05 02:12:02', '2022-04-05 02:12:02'),
(14, 12, 3, 'default.png', '2022-04-05 02:12:02', '2022-04-05 02:12:02'),
(15, 14, 3, 'default.png', '2022-04-05 02:12:02', '2022-04-05 02:12:02'),
(16, 15, 3, 'default.png', '2022-04-05 02:12:02', '2022-04-05 02:12:02'),
(17, 16, 3, 'default.png', '2022-04-05 02:12:02', '2022-04-05 02:12:02'),
(18, 18, 3, 'default.png', '2022-04-13 08:36:03', '2022-04-13 08:36:03'),
(19, 19, 3, 'default.png', '2022-04-13 08:40:34', '2022-04-13 08:40:34'),
(20, 20, 3, 'default.png', '2022-04-13 08:42:49', '2022-04-13 08:42:49'),
(21, 21, 3, 'default.png', '2022-04-13 08:46:11', '2022-04-13 08:46:11'),
(22, 22, 3, 'default.png', '2022-04-13 09:25:22', '2022-04-13 09:25:22'),
(23, 23, 3, 'default.png', '2022-04-27 08:37:51', '2022-04-27 08:37:51');

-- --------------------------------------------------------

--
-- Table structure for table `user_tb`
--

CREATE TABLE `user_tb` (
  `user_id` int(11) NOT NULL,
  `username` varchar(100) NOT NULL,
  `password` text NOT NULL,
  `first_name` varchar(100) NOT NULL,
  `last_name` varchar(100) NOT NULL,
  `telephone` int(11) DEFAULT NULL,
  `email` varchar(100) DEFAULT NULL,
  `address` text NOT NULL,
  `user_type_id` int(11) NOT NULL,
  `status_id` int(11) NOT NULL DEFAULT 1,
  `branch_id` int(11) NOT NULL DEFAULT 0,
  `created_at` timestamp NOT NULL DEFAULT current_timestamp(),
  `modified_at` timestamp NOT NULL DEFAULT current_timestamp(),
  `deleted_at` varchar(100) NOT NULL DEFAULT '0000-00-00 00:00:00'
) ENGINE=InnoDB DEFAULT CHARSET=utf8mb4;

--
-- Dumping data for table `user_tb`
--

INSERT INTO `user_tb` (`user_id`, `username`, `password`, `first_name`, `last_name`, `telephone`, `email`, `address`, `user_type_id`, `status_id`, `branch_id`, `created_at`, `modified_at`, `deleted_at`) VALUES
(2, 'Nabulime', '$2y$10$GKpuHMpTZUnIXBJbuPsq4OrGHDdga94ItKZ4ac5q58dcsjaAodUU6', 'Sarah', 'Nabulime', 706597763, 'attendant@lifestyle-tactical.com', 'Entebbe', 2, 3, 1, '2022-04-05 02:14:35', '2022-04-05 02:14:35', '0000-00-00 00:00:00'),
(3, 'Akello', '$2y$10$TZaf0q1WgW0Cbeykb3f9yudkzQgyDx67MrHT.nYh6RKGHcfUesLu.', 'Hilder', 'Akello', 706048561, 'attendant@lifestyle-tactical.com', 'Entebbe', 2, 3, 1, '2022-04-05 02:14:35', '2022-04-05 02:14:35', '0000-00-00 00:00:00'),
(4, 'Pikwo', '$2y$10$5AjAA0f.V7UmYzy.Je0ElOGWCHKdHnvtijkttg8cCtsUJXX6o0U7i', 'Tracy', 'Pikwo', 772837640, 'attendant@lifestyle-tactical.com', 'Entebbe', 2, 3, 1, '2022-04-05 02:14:35', '2022-04-05 02:14:35', '0000-00-00 00:00:00'),
(5, 'Awor', '$2y$10$.NqsnqDPJ4TGKhYdDf6aVO3tt3XCr68UgKuettJWufPXskeakudWe', 'Janet', 'Awor', 752798248, 'attendant@lifestyle-tactical.com', 'Entebbe', 2, 3, 1, '2022-04-05 02:14:35', '2022-04-05 02:14:35', '0000-00-00 00:00:00'),
(6, 'Birungi', '$2y$10$AgV8kfw0a2fXmo/A8BApTu7kU3ZH89PuQqcH5FqmU7PuqhSNveg3O', 'Queen', 'Birungi', 706330459, 'attendant@lifestyle-tactical.com', 'Entebbe', 2, 3, 1, '2022-04-05 02:14:35', '2022-04-05 02:14:35', '0000-00-00 00:00:00'),
(7, 'Kisembo', '$2y$10$hQ3EIt7KQgHGMYuBjiKEqO4teKbUPqdYPIKO5/ov0goDut2wp6ICG', 'Joan', 'Kisembo', 701069769, 'attendant@lifestyle-tactical.com', 'Entebbe', 2, 3, 1, '2022-04-05 02:14:35', '2022-04-05 02:14:35', '0000-00-00 00:00:00'),
(8, 'Ntulume', '$2y$10$8WmPL5tHqp4huB.SQZF/2.SOlPugtOg9H7Kl/1lb12DZFk7lpA1KK', 'Tom', 'Ntulume', 772822254, 'admin@lifestyle-tactical.com', 'Entebbe', 1, 3, 5, '2022-04-05 02:14:35', '2022-04-05 02:14:35', '0000-00-00 00:00:00'),
(9, 'Kiwuka', '$2y$10$23PHF3sTPKnPuOu1Yh2g5edr1gia865yOX5YWYlAoMMR9n9ngh5k.', 'Peace', 'Kiwuka', 773358133, 'admin@lifestyle-tactical.com', 'Entebbe', 1, 3, 5, '2022-04-05 02:14:35', '2022-04-05 02:14:35', '0000-00-00 00:00:00'),
(10, 'Namigadde', '$2y$10$CrVRZpIQ6xIXlOVDeXR80ebGC598OagfKg/jLzK.vDsXXXkXeRA5S', 'Olivia', 'Namigadde', 772822254, 'admin@lifestyle-tactical.com', 'Entebbe', 1, 3, 5, '2022-04-05 02:14:35', '2022-04-05 02:14:35', '0000-00-00 00:00:00'),
(11, 'Victor', '$2y$10$QHthTaY7BtisFf2wwTo2cehTPZ1jxGJpvhMvyJ5PDOz27TUvHccP2', 'Victor', 'Ntulumee', 701739324, 'admin@lifestyle-tactical.com', 'Entebbe', 1, 3, 5, '2022-04-05 02:14:35', '2022-04-05 02:14:35', '0000-00-00 00:00:00'),
(12, 'Nsamba', '$2y$10$N4twXCWBinD7R39pmBh88O58fVJzOzpAGkS7QDu2yO17d1Zuj4HRq', 'Andrew', 'Nsamba', 705314188, 'nsambaandrew@gmail.com', 'Entebbe', 3, 3, 3, '2022-04-05 02:14:35', '2022-04-05 02:14:35', '0000-00-00 00:00:00'),
(13, 'Agaba', '$2y$10$GESfQrj3PCz5x/SCLZIdzuiFBloWZdyE/nlvvc79MAtWXphC7ka26', 'Abel', 'Agaba', 705314188, 'popotiabel@gmail.com', 'Entebbe', 2, 3, 1, '2022-04-05 02:14:35', '2022-04-05 02:14:35', '0000-00-00 00:00:00'),
(14, 'rogers', '$2y$10$DW4jZ/SDqigKupVwtmrHMuux0kI8Lj/Hk7UejR1fMO.B53Mkrwmnu', 'Rogers', 'Mwambala', 705314188, 'rogers.owner@7cs.com', 'this is how we do it', 1, 3, 5, '2022-04-05 02:14:35', '2022-04-05 02:14:35', '0000-00-00 00:00:00'),
(17, 'Achen', '$2y$10$sNWz1Da7OzJaw6FREiUWS.tP4VaBj.wPdKJ3hpQGQWDrGOJ0tjiva', 'Everose', 'Achen', 750057190, 'attendant@lifestyle-tactical.com', 'Entebbe', 2, 3, 1, '2022-04-05 02:14:35', '2022-04-05 02:14:35', '0000-00-00 00:00:00'),
(18, 'jyn', '$2y$10$JMu3GXbtx9Mptyg5gPpHvuk3gr9snZ3RngAGBIUntF0Zv8dFB8XSe', 'jyn', 'alonso', 705314188, 'al@gmail.com', 'this is hoq we do it', 2, 3, 1, '2022-04-13 08:36:03', '2022-04-13 08:36:03', '0000-00-00 00:00:00'),
(23, 'Naluyange', '$2y$10$vjgxyIagnZREHuYrfuk8GupcSgroIV9gUSsqHWeWqtluG4EPmDEBy', 'Jackline', 'Naluyange', 700134961, 'attendant@lifestyle-tactical.com', 'Entebbe', 2, 3, 1, '2022-04-27 08:37:51', '2022-04-27 08:37:51', '0000-00-00 00:00:00'),
(24, 'hh', 'hh', 'hh', 'hh', 99, 'hh', 'hh', 1, 3, 1, '2022-05-31 05:20:30', '2022-05-31 05:20:30', '0000-00-00 00:00:00');

-- --------------------------------------------------------

--
-- Table structure for table `user_type_tb`
--

CREATE TABLE `user_type_tb` (
  `user_type_id` int(11) NOT NULL,
  `user_type` varchar(50) NOT NULL,
  `permissions` varchar(100) NOT NULL,
  `created_at` timestamp NOT NULL DEFAULT current_timestamp(),
  `modified_at` timestamp NOT NULL DEFAULT curtime(),
  `deleted_at` varchar(100) NOT NULL DEFAULT '0000-00-00 00:00:00'
) ENGINE=InnoDB DEFAULT CHARSET=utf8mb4;

--
-- Dumping data for table `user_type_tb`
--

INSERT INTO `user_type_tb` (`user_type_id`, `user_type`, `permissions`, `created_at`, `modified_at`, `deleted_at`) VALUES
(1, 'Admin', 'Save, Update, Delete, View', '2022-04-05 02:16:12', '2022-04-05 02:16:12', '0000-00-00 00:00:00'),
(2, 'Attendant', 'Save, View, Update', '2022-04-05 02:16:12', '2022-04-05 02:16:12', '0000-00-00 00:00:00'),
(3, 'Customer', 'View', '2022-04-05 02:16:12', '2022-04-05 02:16:12', '0000-00-00 00:00:00');

-- --------------------------------------------------------

--
-- Table structure for table `warehouseInventory_tb`
--

CREATE TABLE `warehouseInventory_tb` (
  `inventory_id` int(11) NOT NULL,
  `product_id` int(11) NOT NULL,
  `colour_id` int(11) NOT NULL,
  `size_id` int(11) NOT NULL,
  `code` varchar(120) NOT NULL,
  `quantity` int(11) NOT NULL,
  `description` text NOT NULL,
  `date` timestamp NOT NULL DEFAULT current_timestamp()
) ENGINE=InnoDB DEFAULT CHARSET=utf8mb4;

--
-- Dumping data for table `warehouseInventory_tb`
--

INSERT INTO `warehouseInventory_tb` (`inventory_id`, `product_id`, `colour_id`, `size_id`, `code`, `quantity`, `description`, `date`) VALUES
(1, 1, 4, 3, 'STPT30BR', 2, '511 5.11 Stryke Pants 30 Brown', '2022-04-19 04:05:59'),
(2, 1, 4, 5, 'STPT32BR', 2, '511 5.11 Stryke Pants 32 Brown', '2022-04-19 04:06:21'),
(3, 1, 4, 7, 'STPT34BR', 3, '511 5.11 Stryke Pants 34 Brown', '2022-04-19 04:06:44'),
(4, 1, 4, 9, 'STPT36BR', 0, '511 5.11 Stryke Pants 36 Brown', '2022-04-19 04:06:55'),
(5, 1, 4, 10, 'STPT38BR', 3, '511 5.11 Stryke Pants 38 Brown', '2022-04-19 04:07:12'),
(6, 1, 10, 3, 'STPT30KH', 5, '511 5.11 Stryke Pants 30 Kakhi', '2022-04-19 04:16:27'),
(7, 1, 10, 5, 'STPT32KH', 2, '511 5.11 Stryke Pants 32 Kakhi', '2022-04-19 04:16:54'),
(8, 1, 10, 7, 'STPT34KH', 80, '511 5.11 Stryke Pants 34 Kakhi', '2022-04-19 04:17:06'),
(9, 1, 10, 9, 'STPT36KH', 1, '511 5.11 Stryke Pants 36 Kakhi', '2022-04-19 04:17:15'),
(10, 1, 10, 10, 'STPT38KH', 3, '511 5.11 Stryke Pants 38 Kakhi', '2022-04-19 04:17:29'),
(11, 1, 10, 11, 'STPT40KH', 2, '511 5.11 Stryke Pants 40 Kakhi', '2022-04-19 04:17:47'),
(12, 1, 10, 19, 'STPT44KH', 2, '511 5.11 Stryke Pants 44 Kakhi', '2022-04-19 04:18:08'),
(13, 1, 10, 23, 'STPT46KH', 3, '511 5.11 Stryke Pants 46 Kakhi', '2022-04-19 04:18:36'),
(14, 1, 8, 3, 'STPT30GN', 1, '511 5.11 Stryke Pants 30 Green', '2022-04-19 04:20:07'),
(15, 1, 8, 5, 'STPT32GN', 3, '511 5.11 Stryke Pants 32 Green', '2022-04-19 04:20:33'),
(16, 1, 8, 19, 'STPT44GN', 1, '511 5.11 Stryke Pants 44 Green', '2022-04-19 04:21:38'),
(17, 1, 2, 9, 'STPT36BL', 1, '511 5.11 Stryke Pants 36 Black', '2022-04-19 04:22:20'),
(18, 1, 2, 10, 'STPT38BL', 4, '511 5.11 Stryke Pants 38 Black', '2022-04-19 04:22:38'),
(19, 1, 2, 11, 'STPT40BL', 2, '511 5.11 Stryke Pants 40 Black', '2022-04-19 04:22:58'),
(20, 1, 2, 15, 'STPT42BL', 2, '511 5.11 Stryke Pants 42 Black', '2022-04-19 04:23:13'),
(21, 1, 2, 19, 'STPT44BL', 2, '511 5.11 Stryke Pants 44 Black', '2022-04-19 04:23:21'),
(22, 1, 6, 3, 'STPT30CH', 4, '511 5.11 Stryke Pants 30 Charcoal', '2022-04-19 04:24:33'),
(23, 1, 6, 5, 'STPT32CH', 3, '5.11 Stryke Pants 32 Charcoal', '2022-04-19 04:25:21'),
(24, 1, 6, 7, 'STPT34CH', 1, '511 5.11 Stryke Pants 34 Charcoal', '2022-04-19 04:25:42'),
(25, 1, 6, 9, 'STPT36CH', 3, '511 5.11 Stryke Pants 36 Charcoal', '2022-04-19 04:25:58'),
(26, 1, 6, 10, 'STPT38CH', 3, '511 5.11 Stryke Pants 38 Charcoal', '2022-04-19 04:26:10'),
(27, 1, 6, 11, 'STPT40CH', 1, '511 5.11 Stryke Pants 40 Charcoal', '2022-04-19 04:26:26'),
(28, 1, 6, 15, 'STPT42CH', 2, '511 5.11 Stryke Pants 42 Charcoal', '2022-04-19 04:26:43'),
(29, 1, 6, 19, 'STPT44CH', 5, '511 5.11 Stryke Pants 44 Charcoal', '2022-04-19 04:26:58'),
(30, 1, 6, 23, 'STPT46CH', 2, '511 5.11 Stryke Pants 46 Charcoal', '2022-04-19 04:27:12'),
(31, 1, 13, 3, 'STPT30NY', 1, '511 5.11 Stryke Pants 30 Navy', '2022-04-19 04:27:46'),
(32, 1, 13, 7, 'STPT34NY', 3, '511 5.11 Stryke Pants 34 Navy', '2022-04-19 04:28:13'),
(33, 1, 13, 11, 'STPT40NY', 1, '511 5.11 Stryke Pants 40 Navy', '2022-04-19 04:28:30'),
(34, 1, 13, 19, 'STPT44NY', 4, '511 5.11 Stryke Pants 44 Navy', '2022-04-19 04:28:50'),
(35, 1, 13, 23, 'STPT46NY', 1, '511 5.11 Stryke Pants 46 Navy', '2022-04-19 04:29:02'),
(36, 1, 26, 7, 'STPT34CY', 80, '511 5.11 Stryke Pants 34 Coyote', '2022-04-19 04:29:36'),
(37, 1, 26, 11, 'STPT40CY', 6, '511 5.11 Stryke Pants 40 Coyote', '2022-04-19 04:29:52'),
(38, 2, 2, 3, 'PTTD30BL', 3, '511 5.11 TDU Pants 30 Black', '2022-04-19 04:35:46'),
(39, 2, 2, 7, 'PTTD34BL', 1, '511 5.11 TDU Pants 34 Black', '2022-04-19 04:36:19'),
(40, 2, 2, 9, 'PTTD36BL', 70, '511 5.11 TDU Pants 36 Black', '2022-04-19 04:36:29'),
(41, 2, 2, 11, 'PTTD40BL', 1, '511 5.11 TDU Pants 40 Black', '2022-04-19 04:36:41'),
(42, 2, 6, 3, 'PTTD30CH', 4, '511 5.11 TDU Pants 30 Charcoal', '2022-04-19 04:37:24'),
(43, 2, 6, 5, 'PTTD32CH', 2, '511 5.11 TDU Pants 32 Charcoal', '2022-04-19 04:37:39'),
(44, 2, 6, 7, 'PTTD34CH', 2, '511 5.11 TDU Pants 34 Charcoal', '2022-04-19 04:37:49'),
(45, 2, 6, 10, 'PTTD38CH', 1, '511 5.11 TDU Pants 38 Charcoal', '2022-04-19 04:38:02'),
(46, 2, 6, 11, 'PTTD40CH', 1, '511 5.11 TDU Pants 40 Charcoal', '2022-04-19 04:38:14'),
(47, 2, 13, 3, 'PTTD30NY', 1, '511 5.11 TDU Pants 30 Navy', '2022-04-19 04:38:52'),
(48, 2, 13, 5, 'PTTD32NY', 1, '511 5.11 TDU Pants 32 Navy', '2022-04-19 04:39:00'),
(49, 2, 13, 7, 'PTTD34NY', 2, '511 5.11 TDU Pants 34 Navy', '2022-04-19 04:39:13'),
(50, 2, 13, 11, 'PTTD40NY', 3, '511 5.11 TDU Pants 40 Navy', '2022-04-19 04:39:30'),
(51, 2, 9, 3, 'PTTD30GY', 3, '511 5.11 TDU Pants 30 Grey', '2022-04-19 04:39:56'),
(52, 2, 9, 5, 'PTTD32GY', 1, '511 5.11 TDU Pants 32 Grey', '2022-04-19 04:40:10'),
(53, 2, 8, 3, 'PTTD30GN', 1, '511 5.11 TDU Pants 30 Green', '2022-04-19 04:40:32'),
(54, 3, 13, 3, 'PTUS30NY', 2, '511 5.11 US Pants 30 Navy', '2022-04-19 04:42:46'),
(55, 3, 13, 5, 'PTUS32NY', 4, '511 5.11 US Pants 32 Navy', '2022-04-19 04:43:04'),
(56, 3, 13, 7, 'PTUS34NY', 2, '511 5.11 US Pants 34 Navy', '2022-04-19 04:43:16'),
(57, 3, 13, 11, 'PTUS40NY', 2, '511 5.11 US Pants 40 Navy', '2022-04-19 04:43:26'),
(58, 3, 13, 15, 'PTUS42NY', 3, '511 5.11 US Pants 42 Navy', '2022-04-19 04:43:38'),
(59, 3, 13, 19, 'PTUS44NY', 2, '511 5.11 US Pants 44 Navy', '2022-04-19 04:43:52'),
(60, 3, 2, 3, 'PTUS30BL', 1, '511 5.11 US Pants 30 Black', '2022-04-19 04:44:28'),
(61, 3, 2, 5, 'PTUS32BL', 7, '511 5.11 US Pants 32 Black', '2022-04-19 04:44:42'),
(62, 3, 2, 7, 'PTUS34BL', 80, '511 5.11 US Pants 34 Black', '2022-04-19 04:44:54'),
(63, 3, 2, 9, 'PTUS36BL', 5, '511 5.11 US Pants 36 Black', '2022-04-19 04:45:14'),
(64, 3, 2, 11, 'PTUS40BL', 2, '511 5.11 US Pants 40 Black', '2022-04-19 04:45:29'),
(65, 3, 2, 19, 'PTUS44BL', 1, '511 5.11 US Pants 44 Black', '2022-04-19 04:45:40'),
(66, 3, 6, 19, 'PTUS44CH', 1, '511 5.11 US Pants 44 Charcoal', '2022-04-19 04:45:59'),
(67, 4, 10, 34, 'PTCVMMKH', 2, '511 Tactical Convertible Pants MM Kakhi', '2022-04-19 04:51:29'),
(68, 4, 10, 36, 'PTCVXLKH', 2, '511 Tactical Convertible Pants XL Kakhi', '2022-04-19 04:51:46'),
(69, 4, 8, 35, 'PTCVLLGN', 1, '511 Tactical Convertible Pants LL Green', '2022-04-19 04:52:11'),
(70, 4, 8, 36, 'PTCVXLGN', 2, '511 Tactical Convertible Pants XL Green', '2022-04-19 04:52:27'),
(71, 4, 8, 37, 'PTCV2XGN', 3, '511 Tactical Convertible Pants 2X Green', '2022-04-19 04:52:46'),
(72, 4, 6, 37, 'PTCV2XCH', 80, '511 Tactical Convertible Pants 2XL Charcoal', '2022-04-19 04:53:22'),
(73, 4, 6, 36, 'PTCVXLCH', 2, '511 Tactical Convertible Pants XL Charcoal', '2022-04-19 04:53:30'),
(74, 4, 6, 35, 'PTCVLLCH', 1, '511 Tactical Convertible Pants LL Charcoal', '2022-04-19 04:53:39'),
(75, 17, 9, 33, 'PTCKSSGY', 1, 'Calvin Klein Gym Pants (Calvin Klein Sweat Pant) SS Grey', '2022-04-19 04:56:22'),
(76, 17, 9, 34, 'PTCKMMGY', 1, 'Calvin Klein Gym Pants (Calvin Klein Sweat Pant) MM Grey', '2022-04-19 04:56:43'),
(77, 17, 9, 35, 'PTCKLLGY', 2, 'Calvin Klein Gym Pants (Calvin Klein Sweat Pant) LL Grey', '2022-04-19 04:57:04'),
(78, 17, 9, 36, 'PTCKXLGY', 2, 'Calvin Klein Gym Pants (Calvin Klein Sweat Pant) XL Grey', '2022-04-19 04:57:23'),
(79, 17, 9, 37, 'PTCK2XGY', 1, 'Calvin Klein Gym Pants (Calvin Klein Sweat Pant) 2X Grey', '2022-04-19 04:58:04'),
(80, 17, 2, 33, 'PTCKSSBL', 1, 'Calvin Klein Gym Pants (Calvin Klein Sweat Pant) SS Black', '2022-04-19 04:58:39'),
(81, 17, 2, 34, 'PTCKMMBL', 2, 'Calvin Klein Gym Pants (Calvin Klein Sweat Pant) MM Black', '2022-04-19 04:59:03'),
(82, 17, 2, 35, 'PTCKLLBL', 2, 'Calvin Klein Gym Pants (Calvin Klein Sweat Pant) LL Black', '2022-04-19 04:59:19'),
(83, 17, 2, 36, 'PTCKXLBL', 1, 'Calvin Klein Gym Pants (Calvin Klein Sweat Pant) XL Black', '2022-04-19 04:59:39'),
(84, 17, 2, 37, 'PTCK2XBL', 2, 'Calvin Klein Gym Pants (Calvin Klein Sweat Pant) 2X Black', '2022-04-19 05:00:07'),
(85, 17, 2, 38, 'PTCK3XBL', 1, 'Calvin Klein Gym Pants (Calvin Klein Sweat Pant) 3X Black', '2022-04-19 05:00:25'),
(86, 5, 10, 3, 'PTTM30KH', 8, '511 Taclite Pro Pants 30 Kakhi', '2022-04-19 05:36:22'),
(87, 5, 10, 5, 'PTTM32KH', 5, '511 Taclite Pro Pants 32 Kakhi', '2022-04-19 05:37:22'),
(88, 5, 10, 7, 'PTTM34KH', 2, '511 Taclite Pro Pants 34 Kakhi', '2022-04-19 05:37:51'),
(89, 5, 10, 9, 'PTTM36KH', 4, '511 Taclite Pro Pants 36 Kakhi', '2022-04-19 05:38:18'),
(90, 5, 10, 10, 'PTTM38KH', 4, '511 Taclite Pro Pants 38 Kakhi', '2022-04-19 05:38:32'),
(91, 5, 10, 15, 'PTTM42KH', 70, '511 Taclite Pro Pants 42 Kakhi', '2022-04-19 05:38:48'),
(92, 5, 10, 23, 'PTTM46KH', 1, '511 Taclite Pro Pants 46 Kakhi', '2022-04-19 05:39:05'),
(93, 5, 13, 1, 'PTTM28NY', 1, '511 Taclite Pro Pants 28 Navy', '2022-04-19 05:39:52'),
(94, 5, 13, 3, 'PTTM30NY', 1, '511 Taclite Pro Pants 30 Navy', '2022-04-19 05:40:02'),
(95, 5, 13, 5, 'PTTM32NY', 7, '511 Taclite Pro Pants 32 Navy', '2022-04-19 05:40:18'),
(96, 5, 13, 7, 'PTTM34NY', 90, '511 Taclite Pro Pants 34 Navy', '2022-04-19 05:40:38'),
(97, 5, 13, 10, 'PTTM38NY', 1, '511 Taclite Pro Pants 38 Navy', '2022-04-19 05:40:58'),
(98, 5, 13, 11, 'PTTM40NY', 1, '511 Taclite Pro Pants 40 Navy', '2022-04-19 05:41:08'),
(99, 5, 13, 19, 'PTTM44NY', 1, '511 Taclite Pro Pants 44 Navy', '2022-04-19 05:41:22'),
(100, 5, 13, 67, 'PTTM60NY', 1, '511 Taclite Pro Pants 60 Navy', '2022-04-19 05:41:32'),
(101, 5, 8, 3, 'PTTM30GN', 4, '511 Taclite Pro Pants 30 Green', '2022-04-19 05:42:01'),
(102, 5, 8, 5, 'PTTM32GN', 5, '511 Taclite Pro Pants 32 Green', '2022-04-19 05:42:18'),
(103, 5, 8, 7, 'PTTM34GN', 1, '511 Taclite Pro Pants 34 Green', '2022-04-19 05:42:26'),
(104, 5, 8, 10, 'PTTM38GN', 3, '511 Taclite Pro Pants 38 Green', '2022-04-19 05:42:49'),
(105, 5, 8, 19, 'PTTM44GN', 1, '511 Taclite Pro Pants 44 Green', '2022-04-19 05:43:01'),
(106, 5, 8, 23, 'PTTM46GN', 2, '511 Taclite Pro Pants 46 Green', '2022-04-19 05:43:10'),
(107, 5, 4, 15, 'PTTM42BR', 1, '511 Taclite Pro Pants 42 Brown', '2022-04-19 05:43:52'),
(108, 5, 4, 19, 'PTTM44BR', 1, '511 Taclite Pro Pants 44 Brown', '2022-04-19 05:44:00'),
(109, 5, 6, 3, 'PTTM30CH', 1, '511 Taclite Pro Pants 30 Charcoal', '2022-04-19 05:44:37'),
(110, 5, 6, 5, 'PTTM32CH', 2, '511 Taclite Pro Pants 32 Charcoal', '2022-04-19 05:44:47'),
(111, 5, 6, 7, 'PTTM34CH', 2, '511 Taclite Pro Pants 34 Charcoal', '2022-04-19 05:44:54'),
(112, 5, 6, 15, 'PTTM42CH', 1, '511 Taclite Pro Pants 42 Charcoal', '2022-04-19 05:45:09'),
(113, 5, 6, 19, 'PTTM44CH', 1, '511 Taclite Pro Pants 44 Charcoal', '2022-04-19 05:45:16'),
(114, 5, 26, 9, 'PTTM36CY', 2, '511 Taclite Pro Pants 36 Coyote', '2022-04-19 05:45:46'),
(115, 5, 26, 19, 'PTTM44CY', 1, '511 Taclite Pro Pants 44 Coyote', '2022-04-19 05:45:55'),
(116, 5, 26, 23, 'PTTM46CY', 1, '511 Taclite Pro Pants 46 Coyote', '2022-04-19 05:46:01'),
(117, 5, 2, 3, 'PTTM30BL', 5, '511 Taclite Pro Pants 30 Black', '2022-04-19 05:46:19'),
(118, 5, 2, 5, 'PTTM32BL', 8, '511 Taclite Pro Pants 32 Black', '2022-04-19 05:46:30'),
(119, 5, 2, 7, 'PTTM34BL', 3, '511 Taclite Pro Pants 34 Black', '2022-04-19 05:46:38'),
(120, 5, 2, 9, 'PTTM36BL', 2, '511 Taclite Pro Pants 36 Black', '2022-04-19 05:46:48'),
(121, 5, 2, 10, 'PTTM38BL', 9, '511 Taclite Pro Pants 38 Black', '2022-04-19 05:46:57'),
(122, 5, 2, 11, 'PTTM40BL', 3, '511 Taclite Pro Pants 40 Black', '2022-04-19 05:47:14'),
(123, 5, 2, 15, 'PTTM42BL', 5, '511 Taclite Pro Pants 42 Black', '2022-04-19 05:47:24'),
(124, 5, 2, 19, 'PTTM44BL', 7, '511 Taclite Pro Pants 44 Black', '2022-04-19 05:47:36'),
(125, 5, 2, 23, 'PTTM46BL', 3, '511 Taclite Pro Pants 46 Black', '2022-04-19 05:47:45'),
(126, 5, 2, 27, 'PTTM48BL', 2, '511 Taclite Pro Pants 48 Black', '2022-04-19 05:47:57'),
(127, 5, 2, 31, 'PTTM50BL', 2, '511 Taclite Pro Pants 50 Black', '2022-04-19 05:48:03'),
(128, 6, 4, 34, 'PTTRMMBR', 1, '511 5.11 TDU Ripstop Pants MM Brown', '2022-04-19 05:52:10'),
(129, 6, 2, 33, 'PTTRSSBL', 2, '511 5.11 TDU Ripstop Pants SS Black', '2022-04-19 05:52:47'),
(130, 6, 2, 35, 'PTTRLLBL', 1, '511 5.11 TDU Ripstop Pants LL Black', '2022-04-19 05:53:05'),
(131, 6, 2, 36, 'PTTRXLBL', 1, '511 5.11 TDU Ripstop Pants XL Black', '2022-04-19 05:53:16'),
(132, 6, 2, 37, 'PTTR2XBL', 1, '511 5.11 TDU Ripstop Pants 2X Black', '2022-04-19 05:53:27'),
(133, 6, 13, 33, 'PTTRSSNY', 3, '511 5.11 TDU Ripstop Pants SS Navy', '2022-04-19 05:54:13'),
(134, 6, 13, 34, 'PTTRMMNY', 3, '511 5.11 TDU Ripstop Pants MM Navy', '2022-04-19 05:54:26'),
(135, 6, 13, 35, 'PTTRLLNY', 2, '511 5.11 TDU Ripstop Pants LL Navy', '2022-04-19 05:54:37'),
(136, 6, 13, 36, 'PTTRXLNY', 2, '511 5.11 TDU Ripstop Pants XL Navy', '2022-04-19 05:54:46'),
(137, 6, 13, 37, 'PTTR2XNY', 1, '511 5.11 TDU Ripstop Pants 2X Navy', '2022-04-19 05:54:56'),
(138, 6, 8, 33, 'PTTRSSGN', 2, '511 5.11 TDU Ripstop Pants SS Green', '2022-04-19 05:55:18'),
(139, 6, 8, 37, 'PTTR2XGN', 1, '511 5.11 TDU Ripstop Pants 2X Green', '2022-04-19 05:55:31'),
(140, 7, 10, 33, 'PTNMSSKH', 5, 'North Face North Face Men Pants SS Kakhi', '2022-04-19 05:59:04'),
(141, 7, 10, 34, 'PTNMMMKH', 80, 'North Face North Face Men Pants MM Kakhi', '2022-04-19 05:59:25'),
(142, 7, 10, 36, 'PTNMXLKH', 70, 'North Face North Face Men Pants XL Kakhi', '2022-04-19 05:59:33'),
(143, 7, 10, 37, 'PTNM2XKH', 80, 'North Face North Face Men Pants 2X Kakhi', '2022-04-19 05:59:44'),
(144, 7, 6, 33, 'PTNMSSCH', 2, 'North Face North Face Men Pants SS Charcoal', '2022-04-19 06:00:16'),
(145, 7, 6, 36, 'PTNMXLCH', 80, 'North Face North Face Men Pants XL Charcoal', '2022-04-19 06:00:34'),
(146, 7, 6, 37, 'PTNM2XCH', 80, 'North Face North Face Men Pants 2X Charcoal', '2022-04-19 06:00:47'),
(147, 7, 13, 33, 'PTNMSSNY', 5, 'North Face North Face Men Pants SS Navy', '2022-04-19 06:01:48'),
(148, 7, 13, 34, 'PTNMMMNY', 2, 'North Face North Face Men Pants MM Navy', '2022-04-19 06:02:10'),
(149, 7, 13, 35, 'PTNMLLNY', 80, 'North Face North Face Men Pants LL Navy', '2022-04-19 06:02:35'),
(150, 7, 13, 37, 'PTNM2XNY', 79, 'North Face North Face Men Pants 2X Navy', '2022-04-19 06:02:52'),
(151, 7, 9, 34, 'PTNMMMGY', 80, 'North Face North Face Men Pants MM Grey', '2022-04-19 06:03:28'),
(152, 7, 9, 37, 'PTNM2XGY', 80, 'North Face North Face Men Pants 2X Grey', '2022-04-19 06:03:45'),
(153, 7, 2, 33, 'PTNMSSBL', 80, 'North Face North Face Men Pants SS Black', '2022-04-19 06:04:07'),
(154, 7, 2, 34, 'PTNMMMBL', 1, 'North Face North Face Men Pants MM Black', '2022-04-19 06:04:19'),
(155, 40, 2, 34, 'PTNWMMBL', 1, 'North Face North Face Women Pants M Black', '2022-04-19 06:05:10'),
(156, 40, 9, 34, 'PTNWMMGY', 80, 'North Face North Face Women Pants M Grey', '2022-04-19 06:05:27'),
(157, 40, 9, 35, 'PTNWLLGY', 2, 'North Face North Face Women Pants LL Grey', '2022-04-19 06:05:38'),
(158, 8, 10, 6, 'PTUA33KH', 2, 'Under Armour Under Amour Pants 33 Kakhi', '2022-04-19 06:07:56'),
(159, 8, 10, 7, 'PTUA34KH', 1, 'Under Armour Under Amour Pants 34 Kakhi', '2022-04-19 06:08:07'),
(160, 8, 10, 9, 'PTUA36KH', 5, 'Under Armour Under Amour Pants 36 Kakhi', '2022-04-19 06:08:20'),
(161, 8, 10, 10, 'PTUA38KH', 3, 'Under Armour Under Amour Pants 38 Kakhi', '2022-04-19 06:08:30'),
(162, 8, 9, 5, 'PTUA32GY', 1, 'Under Armour Under Amour Pants 32 Grey', '2022-04-19 06:10:53'),
(163, 8, 9, 5, 'PTUA32GY', 1, 'Under Armour Under Amour Pants 32 Grey', '2022-04-19 06:10:53'),
(164, 8, 9, 6, 'PTUA33GY', 3, 'Under Armour Under Amour Pants 33 Grey', '2022-04-19 06:11:06'),
(165, 8, 9, 6, 'PTUA33GY', 3, 'Under Armour Under Amour Pants 33 Grey', '2022-04-19 06:11:06'),
(166, 8, 9, 9, 'PTUA36GY', 1, 'Under Armour Under Amour Pants 36 Grey', '2022-04-19 06:11:27'),
(167, 9, 10, 5, 'PTPD32KH', 2, '511 PDU Pants 32 Kakhi', '2022-04-19 06:14:35'),
(168, 9, 10, 5, 'PTPD32KH', 2, '511 PDU Pants 32 Kakhi', '2022-04-19 06:14:35'),
(169, 9, 10, 7, 'PTPD34KH', 2, '511 PDU Pants 34 Kakhi', '2022-04-19 06:14:48'),
(170, 9, 10, 7, 'PTPD34KH', 2, '511 PDU Pants 34 Kakhi', '2022-04-19 06:14:48'),
(171, 9, 10, 9, 'PTPD36KH', 2, '511 PDU Pants 36 Kakhi', '2022-04-19 06:14:58'),
(172, 9, 10, 10, 'PTPD38KH', 3, '511 PDU Pants 38 Kakhi', '2022-04-19 06:15:09'),
(173, 9, 10, 10, 'PTPD38KH', 3, '511 PDU Pants 38 Kakhi', '2022-04-19 06:15:09'),
(174, 9, 10, 11, 'PTPD40KH', 1, '511 PDU Pants 40 Kakhi', '2022-04-19 06:15:20'),
(175, 9, 10, 11, 'PTPD40KH', 1, '511 PDU Pants 40 Kakhi', '2022-04-19 06:15:20'),
(176, 9, 10, 19, 'PTPD44KH', 1, '511 PDU Pants 44 Kakhi', '2022-04-19 06:15:30'),
(177, 9, 10, 19, 'PTPD44KH', 1, '511 PDU Pants 44 Kakhi', '2022-04-19 06:15:30'),
(178, 9, 2, 51, 'PTPD15BL', 1, '511 PDU Pants 15 Black', '2022-04-19 06:16:26'),
(179, 9, 2, 51, 'PTPD15BL', 1, '511 PDU Pants 15 Black', '2022-04-19 06:16:26'),
(180, 9, 2, 3, 'PTPD30BL', 2, '511 PDU Pants 30 Black', '2022-04-19 06:16:41'),
(181, 9, 2, 4, 'PTPD31BL', 1, '511 PDU Pants 31 Black', '2022-04-19 06:16:52'),
(182, 9, 2, 4, 'PTPD31BL', 1, '511 PDU Pants 31 Black', '2022-04-19 06:16:52'),
(183, 9, 2, 5, 'PTPD32BL', 3, '511 PDU Pants 32 Black', '2022-04-19 06:17:03'),
(184, 9, 2, 5, 'PTPD32BL', 3, '511 PDU Pants 32 Black', '2022-04-19 06:17:03'),
(185, 9, 2, 7, 'PTPD34BL', 3, '511 PDU Pants 34 Black', '2022-04-19 06:17:15'),
(186, 9, 2, 9, 'PTPD36BL', 1, '511 PDU Pants 36 Black', '2022-04-19 06:17:27'),
(187, 9, 2, 10, 'PTPD38BL', 2, '511 PDU Pants 38 Black', '2022-04-19 06:17:43'),
(188, 9, 2, 11, 'PTPD40BL', 4, '511 PDU Pants 40 Black', '2022-04-19 06:17:53'),
(189, 9, 2, 19, 'PTPD44BL', 1, '511 PDU Pants 44 Black', '2022-04-19 06:19:08'),
(190, 9, 2, 23, 'PTPD46BL', 1, '511 PDU Pants 46 Black', '2022-04-19 06:19:15'),
(191, 9, 13, 46, 'PTPD10NY', 1, '511 PDU Pants 10 Navy', '2022-04-19 06:20:01'),
(192, 9, 13, 47, 'PTPD11NY', 1, '511 PDU Pants 11 Navy', '2022-04-19 06:20:11'),
(193, 9, 13, 49, 'PTPD14NY', 1, '511 PDU Pants 14 Navy', '2022-04-19 06:20:16'),
(194, 9, 13, 1, 'PTPD28NY', 1, '511 PDU Pants 28 Navy', '2022-04-19 06:20:27'),
(195, 9, 13, 3, 'PTPD30NY', 3, '511 PDU Pants 30 Navy', '2022-04-19 06:20:42'),
(196, 9, 13, 4, 'PTPD31NY', 1, '511 PDU Pants 31 Navy', '2022-04-19 06:20:48'),
(197, 9, 13, 5, 'PTPD32NY', 6, '511 PDU Pants 32 Navy', '2022-04-19 06:23:38'),
(198, 9, 13, 6, 'PTPD33NY', 2, '511 PDU Pants 33 Navy', '2022-04-19 06:23:50'),
(199, 9, 13, 7, 'PTPD34NY', 11, '511 PDU Pants 34 Navy', '2022-04-19 06:27:12'),
(200, 9, 13, 8, 'PTPD35NY', 2, '511 PDU Pants 35 Navy', '2022-04-19 06:27:30'),
(201, 9, 13, 9, 'PTPD36NY', 8, '511 PDU Pants 36 Navy', '2022-04-19 06:27:40'),
(202, 9, 13, 10, 'PTPD38NY', 15, '511 PDU Pants 38 Navy', '2022-04-19 06:27:59'),
(203, 9, 13, 11, 'PTPD40NY', 6, '511 PDU Pants 40 Navy', '2022-04-19 06:28:12'),
(204, 9, 13, 19, 'PTPD44NY', 1, '511 PDU Pants 44 Navy', '2022-04-19 06:28:23'),
(205, 9, 13, 23, 'PTPD46NY', 1, '511 PDU Pants 46 Navy', '2022-04-19 06:28:38'),
(206, 9, 13, 27, 'PTPD48NY', 2, '511 PDU Pants 48 Navy', '2022-04-19 06:28:50'),
(207, 12, 13, 34, 'PTGSMMNY', 80, '511 Globe Spirit Hiking Pants MM Navy', '2022-04-19 06:30:51'),
(208, 12, 6, 35, 'PTGSLLCH', 30, '511 Globe Spirit Hiking Pants LL Charcoal', '2022-04-19 06:31:10'),
(209, 12, 9, 33, 'PTGSSSGY', 1, '511 Globe Spirit Hiking Pants SS Grey', '2022-04-19 06:31:43'),
(210, 12, 8, 34, 'PTGSMMGN', 1, 'Globe Spirit Hiking Pants MM Green', '2022-04-19 06:32:03'),
(211, 10, 2, 1, 'PTCL28BL', 1, 'Columbia Columbia Hiking Pants 28 Black', '2022-04-19 06:33:33'),
(212, 10, 2, 5, 'PTCL32BL', 1, 'Columbia Columbia Hiking Pants 32 Black', '2022-04-19 06:43:25'),
(213, 10, 2, 7, 'PTCL34BL', 90, 'Columbia Columbia Hiking Pants 34 Black', '2022-04-19 06:43:37'),
(214, 10, 2, 9, 'PTCL36BL', 2, 'Columbia Columbia Hiking Pants 36 Black', '2022-04-19 06:43:48'),
(215, 10, 2, 10, 'PTCL38BL', 1, 'Columbia Columbia Hiking Pants 38 Black', '2022-04-19 06:43:58'),
(216, 10, 26, 1, 'PTCL28CY', 2, 'Columbia Columbia Hiking Pants 28 Coyote', '2022-04-19 06:44:27'),
(217, 10, 26, 3, 'PTCL30CY', 2, 'Columbia Columbia Hiking Pants 30 Coyote', '2022-04-19 06:44:40'),
(218, 10, 26, 7, 'PTCL34CY', 2, 'Columbia Columbia Hiking Pants 34 Coyote', '2022-04-19 06:44:51'),
(219, 10, 26, 9, 'PTCL36CY', 2, 'Columbia Columbia Hiking Pants 36 Coyote', '2022-04-19 06:45:00'),
(220, 10, 26, 11, 'PTCL40CY', 2, 'Columbia Columbia Hiking Pants 40 Coyote', '2022-04-19 06:45:15'),
(221, 10, 26, 15, 'PTCL42CY', 2, 'Columbia Columbia Hiking Pants 42 Coyote', '2022-04-19 06:45:24'),
(222, 10, 10, 1, 'PTCL28KH', 2, 'Columbia Columbia Hiking Pants 28 Kakhi', '2022-04-19 06:45:48'),
(223, 10, 10, 3, 'PTCL30KH', 2, 'Columbia Columbia Hiking Pants 30 Kakhi', '2022-04-19 06:45:59'),
(224, 10, 10, 5, 'PTCL32KH', 2, 'Columbia Columbia Hiking Pants 32 Kakhi', '2022-04-19 06:46:05'),
(225, 10, 10, 7, 'PTCL34KH', 1, 'Columbia Columbia Hiking Pants 34 Kakhi', '2022-04-19 06:46:15'),
(226, 10, 10, 10, 'PTCL38KH', 1, 'Columbia Columbia Hiking Pants 38 Kakhi', '2022-04-19 06:46:24'),
(227, 10, 10, 11, 'PTCL40KH', 2, 'Columbia Columbia Hiking Pants 40 Kakhi', '2022-04-19 06:46:34'),
(228, 10, 10, 15, 'PTCL42KH', 2, 'Columbia Columbia Hiking Pants 42 Kakhi', '2022-04-19 06:46:44'),
(229, 10, 6, 1, 'PTCL28CH', 3, 'Columbia Columbia Hiking Pants 28 Charcoal', '2022-04-19 06:47:34'),
(230, 10, 6, 3, 'PTCL30CH', 4, 'Columbia Columbia Hiking Pants 30 Charcoal', '2022-04-19 06:47:58'),
(231, 10, 6, 5, 'PTCL32CH', 3, 'Columbia Columbia Hiking Pants 32 Charcoal', '2022-04-19 06:48:15'),
(232, 10, 6, 7, 'PTCL34CH', 3, 'Columbia Columbia Hiking Pants 34 Charcoal', '2022-04-19 06:48:24'),
(233, 10, 6, 9, 'PTCL36CH', 3, 'Columbia Columbia Hiking Pants 36 Charcoal', '2022-04-19 06:48:40'),
(234, 10, 6, 10, 'PTCL38CH', 4, 'Columbia Columbia Hiking Pants 38 Charcoal', '2022-04-19 06:48:51'),
(235, 10, 6, 11, 'PTCL40CH', 3, 'Columbia Columbia Hiking Pants 40 Charcoal', '2022-04-19 06:49:05'),
(236, 10, 6, 15, 'PTCL42CH', 3, 'Columbia Columbia Hiking Pants 42 Charcoal', '2022-04-19 06:49:13'),
(237, 10, 4, 3, 'PTCL30BR', 2, 'Columbia Columbia Hiking Pants 30 Brown', '2022-04-19 06:49:49'),
(238, 10, 4, 5, 'PTCL32BR', 2, 'Columbia Columbia Hiking Pants 32 Brown', '2022-04-19 06:50:00'),
(239, 10, 4, 7, 'PTCL34BR', 2, 'Columbia Columbia Hiking Pants 34 Brown', '2022-04-19 06:50:10'),
(240, 10, 4, 9, 'PTCL36BR', 2, 'Columbia Columbia Hiking Pants 36 Brown', '2022-04-19 06:50:23'),
(241, 10, 4, 10, 'PTCL38BR', 2, 'Columbia Columbia Hiking Pants 38 Brown', '2022-04-19 06:50:34'),
(242, 10, 4, 11, 'PTCL40BR', 2, 'Columbia Columbia Hiking Pants 40 Brown', '2022-04-19 06:50:42'),
(243, 10, 4, 15, 'PTCL42BR', 2, 'Columbia Columbia Hiking Pants 42 Brown', '2022-04-19 06:50:53'),
(244, 14, 2, 3, 'PTLP30BL', 3, '511 May/Lite Pro Pants 30 Black', '2022-04-19 07:04:33'),
(245, 14, 2, 9, 'PTLP36BL', 1, '511 May/Lite Pro Pants 36 Black', '2022-04-19 07:04:48'),
(246, 14, 2, 10, 'PTLP38BL', 3, '511 May/Lite Pro Pants 38 Black', '2022-04-19 07:05:00'),
(247, 14, 8, 3, 'PTLP30GN', 1, '511 May/Lite Pro Pants 30 Green', '2022-04-19 07:05:20'),
(248, 14, 8, 5, 'PTLP32GN', 1, '511 May/Lite Pro Pants 32 Green', '2022-04-19 07:05:30'),
(249, 14, 8, 10, 'PTLP38GN', 1, '511 May/Lite Pro Pants 38 Green', '2022-04-19 07:05:39'),
(250, 14, 8, 11, 'PTLP40GN', 1, '511 May/Lite Pro Pants 40 Green', '2022-04-19 07:05:50'),
(251, 14, 10, 3, 'PTLP30KH', 3, '511 May/Lite Pro Pants 30 Kakhi', '2022-04-19 07:06:19'),
(252, 14, 10, 5, 'PTLP32KH', 6, '511 May/Lite Pro Pants 32 Kakhi', '2022-04-19 07:06:29'),
(253, 14, 10, 7, 'PTLP34KH', 1, '511 May/Lite Pro Pants 34 Kakhi', '2022-04-19 07:06:40'),
(254, 14, 10, 10, 'PTLP38KH', 2, '511 May/Lite Pro Pants 38 Kakhi', '2022-04-19 07:06:50'),
(255, 14, 10, 9, 'PTLP36KH', 4, '511 May/Lite Pro Pants 36 Kakhi', '2022-04-19 07:10:01'),
(256, 14, 4, 10, 'PTLP38BR', 1, '511 May/Lite Pro Pants 38 Brown', '2022-04-19 07:10:55'),
(257, 14, 4, 11, 'PTLP40BR', 2, '511 May/Lite Pro Pants 40 Brown', '2022-04-19 07:11:10'),
(258, 15, 2, 42, 'PTTW02BL', 3, '511 Taclite Pro Women Pants 02 Black', '2022-04-19 07:13:00'),
(259, 15, 2, 43, 'PTTW04BL', 1, '511 Taclite Pro Women Pants 04 Black', '2022-04-19 07:13:21'),
(260, 15, 2, 44, 'PTTW06BL', 3, '511 Taclite Pro Women Pants 06 Black', '2022-04-19 07:13:34'),
(261, 15, 2, 45, 'PTTW08BL', 2, '511 Taclite Pro Women Pants 08 Black', '2022-04-19 07:13:46'),
(262, 15, 2, 46, 'PTTW10BL', 1, '511 Taclite Pro Women Pants 10 Black', '2022-04-19 07:14:02'),
(263, 15, 2, 47, 'PTTW11BL', 3, '511 Taclite Pro Women Pants 11 Black', '2022-04-19 07:14:16'),
(264, 15, 2, 49, 'PTTW14BL', 3, '511 Taclite Pro Women Pants 14 Black', '2022-04-19 07:14:27'),
(265, 15, 2, 50, 'PTTW15BL', 3, '511 Taclite Pro Women Pants 15 Black', '2022-04-19 07:14:38'),
(266, 15, 10, 42, 'PTTW02KH', 2, '511 Taclite Pro Women Pants 02 Kakhi', '2022-04-19 07:15:08'),
(267, 15, 10, 43, 'PTTW04KH', 2, '511 Taclite Pro Women Pants 04 Kakhi', '2022-04-19 07:15:19'),
(268, 15, 10, 44, 'PTTW06KH', 2, '511 Taclite Pro Women Pants 06 Kakhi', '2022-04-19 07:15:27'),
(269, 15, 10, 45, 'PTTW08KH', 1, '511 Taclite Pro Women Pants 08 Kakhi', '2022-04-19 07:15:52'),
(270, 15, 10, 46, 'PTTW10KH', 1, '511 Taclite Pro Women Pants 10 Kakhi', '2022-04-19 07:15:59'),
(271, 15, 10, 47, 'PTTW11KH', 1, '511 Taclite Pro Women Pants 11 Kakhi', '2022-04-19 07:16:07'),
(272, 15, 10, 49, 'PTTW14KH', 1, '511 Taclite Pro Women Pants 14 Kakhi', '2022-04-19 07:16:16'),
(273, 15, 8, 42, 'PTTW02GN', 2, '511 Taclite Pro Women Pants 02 Green', '2022-04-19 07:18:28'),
(274, 15, 8, 43, 'PTTW04GN', 2, '511 Taclite Pro Women Pants 04 Green', '2022-04-19 07:18:39'),
(275, 15, 8, 44, 'PTTW06GN', 2, '511 Taclite Pro Women Pants 06 Green', '2022-04-19 07:18:51'),
(276, 15, 8, 45, 'PTTW08GN', 1, '511 Taclite Pro Women Pants 08 Green', '2022-04-19 07:19:03'),
(277, 15, 8, 46, 'PTTW10GN', 3, '511 Taclite Pro Women Pants 10 Green', '2022-04-19 07:19:17'),
(278, 15, 8, 47, 'PTTW11GN', 1, '511 Taclite Pro Women Pants 11 Green', '2022-04-19 07:19:30'),
(279, 15, 13, 42, 'PTTW02NY', 3, '511 Taclite Pro Women Pants 02 Navy', '2022-04-19 07:20:18'),
(280, 15, 13, 43, 'PTTW04NY', 1, '511 Taclite Pro Women Pants 04 Navy', '2022-04-19 07:22:54'),
(281, 15, 13, 44, 'PTTW06NY', 2, '511 Taclite Pro Women Pants 06 Navy', '2022-04-19 07:23:05'),
(282, 15, 13, 47, 'PTTW11NY', 1, '511 Taclite Pro Women Pants 11 Navy', '2022-04-19 07:23:29'),
(283, 15, 6, 43, 'PTTW04CH', 1, '511 Taclite Pro Women Pants 04 Charcoal', '2022-04-19 07:27:28'),
(284, 15, 6, 44, 'PTTW06CH', 2, '511 Taclite Pro Women Pants 06 Charcoal', '2022-04-19 07:27:42'),
(285, 15, 6, 45, 'PTTW08CH', 2, '511 Taclite Pro Women Pants 08 Charcoal', '2022-04-19 07:27:56'),
(286, 15, 6, 46, 'PTTW10CH', 1, '511 Taclite Pro Women Pants 10 Charcoal', '2022-04-19 07:28:09'),
(287, 15, 6, 47, 'PTTW11CH', 1, '511 Taclite Pro Women Pants 11 Charcoal', '2022-04-19 07:28:27'),
(288, 18, 6, 33, 'SHUASSCH', 8, 'Under Armour Under Armour Shorts SS Charcoal', '2022-04-19 07:31:55'),
(289, 18, 6, 34, 'SHUAMMCH', 3, 'Under Armour Under Armour Shorts MM Charcoal', '2022-04-19 07:32:09'),
(290, 18, 6, 35, 'SHUALLCH', 4, 'Under Armour Under Armour Shorts LL Charcoal', '2022-04-19 07:32:38'),
(291, 18, 6, 36, 'SHUAXLCH', 1, 'Under Armour Under Armour Shorts XL Charcoal', '2022-04-19 07:32:48'),
(292, 18, 6, 37, 'SHUA2XCH', 3, 'Under Armour Under Armour Shorts 2X Charcoal', '2022-04-19 07:33:03'),
(293, 18, 6, 38, 'SHUA3XCH', 1, 'Under Armour Under Armour Shorts 3X Charcoal', '2022-04-19 07:33:12'),
(294, 18, 6, 39, 'SHUA4XCH', 1, 'Under Armour Under Armour Shorts 4X Charcoal', '2022-04-19 07:33:23'),
(295, 18, 2, 33, 'SHUASSBL', 5, 'Under Armour Under Armour Shorts SS Black', '2022-04-19 07:33:58'),
(296, 18, 2, 34, 'SHUAMMBL', 5, 'Under Armour Under Armour Shorts MM Black', '2022-04-19 07:34:12'),
(297, 18, 2, 35, 'SHUALLBL', 2, 'Under Armour Under Armour Shorts LL Black', '2022-04-19 07:34:24'),
(298, 18, 2, 36, 'SHUAXLBL', 5, 'Under Armour Under Armour Shorts XL Black', '2022-04-19 07:34:34'),
(299, 18, 2, 37, 'SHUA2XBL', 80, 'Under Armour Under Armour Shorts 2X Black', '2022-04-19 07:34:48'),
(300, 18, 2, 38, 'SHUA3XBL', 3, 'Under Armour Under Armour Shorts 3X Black', '2022-04-19 07:34:57'),
(301, 18, 2, 39, 'SHUA4XBL', 4, 'Under Armour Under Armour Shorts 4X Black', '2022-04-19 07:35:07'),
(302, 18, 13, 33, 'SHUASSNY', 4, 'Under Armour Under Armour Shorts SS Navy', '2022-04-19 07:35:30'),
(303, 18, 13, 34, 'SHUAMMNY', 6, 'Under Armour Under Armour Shorts MM Navy', '2022-04-19 07:35:46'),
(304, 18, 13, 35, 'SHUALLNY', 2, 'Under Armour Under Armour Shorts LL Navy', '2022-04-19 07:36:25'),
(305, 18, 13, 36, 'SHUAXLNY', 4, 'Under Armour Under Armour Shorts XL Navy', '2022-04-19 07:36:38'),
(306, 18, 13, 37, 'SHUA2XNY', 6, 'Under Armour Under Armour Shorts 2X Navy', '2022-04-19 07:36:57'),
(307, 18, 13, 38, 'SHUA3XNY', 3, 'Under Armour Under Armour Shorts 3X Navy', '2022-04-19 07:39:51'),
(308, 18, 13, 39, 'SHUA4XNY', 6, 'Under Armour Under Armour Shorts 4X Navy', '2022-04-19 07:40:01'),
(309, 19, 15, 33, 'SHSUSSOR', 4, 'Under Armour Under Armour Soft Shorts SS Orange', '2022-04-19 07:42:51'),
(310, 19, 15, 34, 'SHSUMMOR', 2, 'Under Armour Under Armour Soft Shorts MM Orange', '2022-04-19 07:43:05'),
(311, 19, 15, 35, 'SHSULLOR', 1, 'Under Armour Under Armour Soft Shorts LL Orange', '2022-04-19 07:43:37'),
(312, 19, 3, 33, 'SHSUSSBU', 1, 'Under Armour Under Armour Soft Shorts SS Blue', '2022-04-19 07:44:04'),
(313, 19, 3, 34, 'SHSUMMBU', 1, 'Under Armour Under Armour Soft Shorts MM Blue', '2022-04-19 07:44:12'),
(314, 19, 8, 34, 'SHSUMMGN', 4, 'Under Armour Under Armour Soft Shorts M Green', '2022-04-19 07:44:39'),
(315, 20, 9, 3, 'SHCU30GY', 1, 'Under Armour Under Armour Casual Shorts 30 Grey', '2022-04-19 07:48:15'),
(316, 20, 9, 5, 'SHCU32GY', 1, 'Under Armour Under Armour Casual Shorts 32 Grey', '2022-04-19 07:48:22'),
(317, 20, 9, 6, 'SHCU33GY', 1, 'Under Armour Under Armour Casual Shorts 33 Grey', '2022-04-19 07:48:42'),
(318, 20, 9, 10, 'SHCU38GY', 2, 'Under Armour Under Armour Casual Shorts 38 Grey', '2022-04-19 07:48:57'),
(319, 20, 6, 7, 'SHCU34CH', 2, 'Under Armour Under Armour Casual Shorts 34 Charcoal', '2022-04-19 07:50:01'),
(320, 20, 6, 5, 'SHCU32CH', 2, 'Under Armour Under Armour Casual Shorts 32 Charcoal', '2022-04-19 07:50:11'),
(321, 20, 2, 5, 'SHCU32BL', 1, 'Under Armour Under Armour Casual Shorts 32 Black', '2022-04-19 07:50:28'),
(322, 20, 8, 6, 'SHCU33GN', 1, 'Under Armour Under Armour Casual Shorts 33 Green', '2022-04-19 07:50:47'),
(323, 22, 4, 35, 'SHNFLLBR', 3, 'North Face North Face Shorts LL Brown', '2022-04-19 07:53:06'),
(324, 22, 4, 36, 'SHNFXLBR', 4, 'North Face North Face Shorts XL Brown', '2022-04-19 07:53:29'),
(325, 23, 4, 34, 'SHMLMMBR', 2, '511 May/Lite Pro Shorts MM Brown', '2022-04-19 07:55:14'),
(326, 23, 4, 36, 'SHMLXLBR', 1, '511 May/Lite Pro Shorts XL Brown', '2022-04-19 07:55:30'),
(327, 23, 4, 37, 'SHML2XBR', 1, '511 May/Lite Pro Shorts 2X Brown', '2022-04-19 07:55:43'),
(328, 23, 8, 37, 'SHML2XGN', 2, '511 May/Lite Pro Shorts 2XL Green', '2022-04-19 07:56:42'),
(329, 23, 8, 34, 'SHMLMMGN', 2, '511 May/Lite Pro Shorts MM Green', '2022-04-19 07:57:06'),
(330, 23, 10, 34, 'SHMLMMKH', 2, '511 May/Lite Pro Shorts M Kakhi', '2022-04-19 07:57:28'),
(331, 23, 10, 35, 'SHMLLLKH', 2, '511 May/Lite Pro Shorts LL Kakhi', '2022-04-19 07:57:44'),
(332, 23, 10, 36, 'SHMLXLKH', 2, '511 May/Lite Pro Shorts XL Kakhi', '2022-04-19 07:58:05'),
(333, 25, 26, 3, 'SHUS30CY', 1, '511 U.S Shorts 30 Coyote', '2022-04-19 07:59:21'),
(334, 25, 26, 10, 'SHUS38CY', 2, '511 U.S Shorts 38 Coyote', '2022-04-19 07:59:34'),
(335, 25, 8, 9, 'SHUS36GN', 2, '511 U.S Shorts 36 Green', '2022-04-19 08:00:00'),
(336, 25, 13, 9, 'SHUS36NY', 2, '511 U.S Shorts 36 Navy', '2022-04-19 08:00:15'),
(337, 26, 13, 9, 'SHST36NY', 2, '511 Stryke Shorts 36 Navy', '2022-04-19 08:01:15'),
(338, 26, 13, 11, 'SHST40NY', 2, '511 Stryke Shorts 40 Navy', '2022-04-19 08:01:28'),
(339, 26, 2, 19, 'SHST44BL', 2, '511 Stryke Shorts 44 Black', '2022-04-19 08:01:46'),
(340, 26, 2, 23, 'SHST46BL', 4, '511 Stryke Shorts 46 Black', '2022-04-19 08:02:01'),
(341, 26, 2, 27, 'SHST48BL', 4, '511 Stryke Shorts 48 Black', '2022-04-19 08:02:09'),
(342, 26, 2, 11, 'SHST40BL', 2, '511 Stryke Shorts 40 Black', '2022-04-19 08:02:26'),
(343, 26, 8, 11, 'SHST40GN', 6, '511 Stryke Shorts 40 Green', '2022-04-19 08:02:46'),
(344, 26, 8, 9, 'SHST36GN', 1, '511 Stryke Shorts 36 Green', '2022-04-19 08:03:05'),
(345, 26, 4, 7, 'SHST34BR', 80, '511 Stryke Shorts 34 Brown', '2022-04-19 08:03:27'),
(346, 26, 4, 9, 'SHST36BR', 1, '511 Stryke Shorts 36 Brown', '2022-04-19 08:03:41'),
(347, 26, 4, 11, 'SHST40BR', 4, '511 Stryke Shorts 40 Brown', '2022-04-19 08:03:53'),
(348, 24, 13, 3, 'SHTP30NY', 4, '511 Taclite Pro Shorts 30 Navy', '2022-04-19 08:08:03'),
(349, 24, 13, 9, 'SHTP36NY', 4, '511 Taclite Pro Shorts 36 Navy', '2022-04-19 08:08:14'),
(350, 24, 13, 10, 'SHTP38NY', 1, '511 Taclite Pro Shorts 38 Navy', '2022-04-19 08:08:25'),
(351, 24, 2, 3, 'SHTP30BL', 2, '511 Taclite Pro Shorts 30 Black', '2022-04-19 08:09:01'),
(352, 24, 2, 5, 'SHTP32BL', 1, '511 Taclite Pro Shorts 32 Black', '2022-04-19 08:09:09'),
(353, 24, 2, 10, 'SHTP38BL', 1, '511 Taclite Pro Shorts 38 Black', '2022-04-19 08:09:19'),
(354, 24, 6, 10, 'SHTP38CH', 3, '511 Taclite Pro Shorts 38 Charcoal', '2022-04-19 08:09:54'),
(355, 24, 8, 7, 'SHTP34GN', 1, '511 Taclite Pro Shorts 34 Green', '2022-04-19 08:10:18'),
(356, 24, 8, 9, 'SHTP36GN', 1, '511 Taclite Pro Shorts 36 Green', '2022-04-19 08:10:30'),
(357, 24, 8, 10, 'SHTP38GN', 3, '511 Taclite Pro Shorts 38 Green', '2022-04-19 08:10:43'),
(358, 24, 10, 3, 'SHTP30KH', 1, '511 Taclite Pro Shorts 30 Kakhi', '2022-04-19 08:11:13'),
(359, 24, 10, 9, 'SHTP36KH', 4, '511 Taclite Pro Shorts 36 Kakhi', '2022-04-19 08:11:34'),
(360, 27, 27, 32, 'JPNFXSNA', 2, 'North Face North Face Jampers(Hoodies) XS N/A', '2022-04-19 08:14:18'),
(361, 27, 27, 33, 'JPNFSSNA', 4, 'North Face North Face Jampers(Hoodies) S N/A', '2022-04-19 08:14:33'),
(362, 27, 27, 34, 'JPNFMMNA', 14, 'North Face North Face Jampers(Hoodies) M N/A', '2022-04-19 08:14:58'),
(363, 27, 27, 35, 'JPNFLLNA', 80, 'North Face North Face Jampers(Hoodies) L N/A', '2022-04-19 08:15:25'),
(364, 27, 27, 36, 'JPNFXLNA', 13, 'North Face North Face Jampers(Hoodies) XL N/A', '2022-04-19 08:15:35'),
(365, 27, 27, 37, 'JPNF2XNA', 18, 'North Face North Face Jampers(Hoodies) 2XL N/A', '2022-04-19 08:15:50'),
(366, 28, 27, 37, 'JP512XNA', 80, '511 5.11 Jampers(Hoodies) 2XL N/A', '2022-04-19 08:17:03'),
(367, 28, 27, 36, 'JP51XLNA', 2, '511 5.11 Jampers(Hoodies) XL N/A', '2022-04-19 08:17:24'),
(368, 28, 27, 38, 'JP513XNA', 3, '511 5.11 Jampers(Hoodies) 3X N/A', '2022-04-19 08:17:41'),
(369, 28, 27, 39, 'JP514XNA', 3, '511 5.11 Jampers(Hoodies) 4X N/A', '2022-04-19 08:17:49'),
(370, 28, 27, 40, 'JP515XNA', 2, '511 5.11 Jampers(Hoodies) 5X N/A', '2022-04-19 08:17:59'),
(371, 29, 27, 33, 'JPFLSSNA', 1, 'Columbia Columbia Fliss Jampers(Hoodies) SS N/A', '2022-04-19 08:19:40'),
(372, 29, 27, 34, 'JPFLMMNA', 2, 'Columbia Columbia Fliss Jampers(Hoodies) MM N/A', '2022-04-19 08:19:52'),
(373, 29, 27, 35, 'JPFLLLNA', 80, 'Columbia Columbia Fliss Jampers(Hoodies) LL N/A', '2022-04-19 08:20:05'),
(374, 29, 27, 36, 'JPFLXLNA', 4, 'Columbia Columbia Fliss Jampers(Hoodies) XL N/A', '2022-04-19 08:20:18'),
(375, 30, 27, 33, 'JPADSSNA', 1, 'Addidas Adidas Jampers(Hoodies) SS N/A', '2022-04-19 08:21:03'),
(376, 30, 27, 34, 'JPADMMNA', 2, 'Addidas Adidas Jampers(Hoodies) MM N/A', '2022-04-19 08:21:20'),
(377, 30, 27, 36, 'JPADXLNA', 1, 'Addidas Adidas Jampers(Hoodies) XL N/A', '2022-04-19 08:21:40'),
(378, 30, 27, 37, 'JPAD2XNA', 1, 'Addidas Adidas Jampers(Hoodies) 2X N/A', '2022-04-19 08:21:50'),
(379, 31, 27, 33, 'JPUASSNA', 1, 'Under Armour Under Armour Jampers(Hoodies) SS N/A', '2022-04-19 08:22:30'),
(380, 31, 27, 34, 'JPUAMMNA', 14, 'Under Armour Under Armour Jampers(Hoodies) MM N/A', '2022-04-19 08:22:52'),
(381, 31, 27, 35, 'JPUALLNA', 6, 'Under Armour Under Armour Jampers(Hoodies) LL N/A', '2022-04-19 08:23:13'),
(382, 31, 27, 36, 'JPUAXLNA', 4, 'Under Armour Under Armour Jampers(Hoodies) XL N/A', '2022-04-19 08:23:28'),
(383, 32, 27, 34, 'JKCRMMNA', 4, 'Columbia Rain Jackets MM N/A', '2022-04-19 08:26:31'),
(384, 32, 27, 35, 'JKCRLLNA', 12, 'Columbia Rain Jackets LL N/A', '2022-04-19 08:26:50'),
(385, 32, 27, 36, 'JKCRXLNA', 10, 'Columbia Rain Jackets XL N/A', '2022-04-19 08:27:46'),
(386, 32, 27, 37, 'JKCR2XNA', 4, 'Columbia Rain Jackets 2X N/A', '2022-04-19 08:28:00'),
(387, 33, 27, 35, 'JKRFLLNA', 60, 'North Face Rain Jackets LL N/A', '2022-04-19 08:29:11'),
(388, 33, 27, 36, 'JKNFXLNA', 79, 'North Face North Face Rain Jackets XL N/A', '2022-04-19 08:29:26'),
(389, 33, 27, 37, 'JKNF2XNA', 1, 'North Face Rain Jackets 2X N/A', '2022-04-19 08:29:42'),
(390, 41, 27, 34, 'BRCAMMNA', 2, 'CAT Cat Briefs (Under Wears) MM N/A', '2022-04-19 08:40:03'),
(391, 41, 27, 35, 'BRCALLNA', 2, 'CAT Cat Briefs (Under Wears) LL N/A', '2022-04-19 08:40:16'),
(392, 41, 27, 36, 'BRCAXLNA', 4, 'CAT Cat Briefs (Under Wears) XL N/A', '2022-04-19 08:40:29'),
(393, 41, 27, 37, 'BRCA2XNA', 2, 'CAT Cat Briefs (Under Wears) 2X N/A', '2022-04-19 08:40:41'),
(394, 42, 27, 34, 'BRUAMMNA', 11, 'Under Amour Briefs/Under Wears MM N/A', '2022-04-19 08:43:38'),
(395, 42, 27, 35, 'BRUALLNA', 2, 'Under Amour Briefs/Under Wears LL N/A', '2022-04-19 08:44:07'),
(396, 42, 27, 36, 'BRUAXLNA', 12, 'Under Amour Briefs/Under Wears XL N/A', '2022-04-19 08:44:27'),
(397, 42, 27, 37, 'BRUA2XNA', 3, 'Under Amour Briefs/Under Wears 2X N/A', '2022-04-19 08:45:01'),
(398, 42, 27, 38, 'BRUA3XNA', 80, 'Under Amour Briefs/Under Wears 3X N/A', '2022-04-19 08:45:29'),
(506, 54, 23, 34, 'SHCSMMWH', 59, 'Columbia Columbia Men Shirt Short MM White', '2022-04-21 08:12:08'),
(507, 44, 8, 37, 'STLC2XGN', 4, '5.11 Tactical Cotton Shirt Short 2XL Green', '2022-04-21 08:15:40'),
(508, 52, 27, 34, 'TSHUAMMNA', 6, 'Under Amour T-Shirts MM N/A', '2022-04-21 08:27:41'),
(521, 11, 10, 52, 'PTDL20KH', 90, 'Other Brands Duluth Woment Pants 20 Kakhi', '2022-04-23 12:04:14'),
(522, 11, 10, 52, 'PTDL20KH', 1, 'Other Brands Duluth Woment Pants 20 Kakhi', '2022-04-23 12:04:14'),
(523, 11, 10, 47, 'PTDL11KH', 1, 'Other Brands Duluth Woment Pants 11 Kakhi', '2022-04-23 12:05:38'),
(524, 11, 10, 49, 'PTDL14KH', 1, 'Other Brands Duluth Woment Pants 14 Kakhi', '2022-04-23 12:05:55'),
(525, 11, 26, 51, 'PTDL15CY', 1, 'Other Brands Duluth Woment Pants 15 Coyote', '2022-04-23 12:07:14'),
(526, 11, 26, 44, 'PTDL06CY', 1, 'Other Brands Duluth Woment Pants 06 Coyote', '2022-04-23 12:07:30'),
(527, 11, 26, 43, 'PTDL04CY', 1, 'Other Brands Duluth Woment Pants 04 Coyote', '2022-04-23 12:07:45'),
(528, 11, 9, 47, 'PTDL11GY', 1, 'Other Brands Duluth Woment Pants 11 Grey', '2022-04-23 12:08:27'),
(529, 11, 9, 49, 'PTDL14GY', 1, 'Other Brands Duluth Woment Pants 14 Grey', '2022-04-23 12:08:37'),
(530, 11, 9, 43, 'PTDL04GY', 1, 'Other Brands Duluth Woment Pants 04 Grey', '2022-04-23 12:08:48'),
(531, 11, 9, 44, 'PTDL06GY', 1, 'Other Brands Duluth Woment Pants 06 Grey', '2022-04-23 12:09:03'),
(532, 11, 9, 50, 'PTDL15GY', 1, 'Other Brands Duluth Woment Pants 15 Grey', '2022-04-23 12:09:18'),
(533, 11, 9, 52, 'PTDL20GY', 1, 'Other Brands Duluth Woment Pants 20 Grey', '2022-04-23 12:12:02'),
(534, 11, 2, 46, 'PTDL10BL', 1, 'Other Brands Duluth Woment Pants 10 Black', '2022-04-23 12:12:47'),
(535, 11, 2, 49, 'PTDL14BL', 2, 'Other Brands Duluth Woment Pants 14 Black', '2022-04-23 12:13:08'),
(536, 11, 2, 50, 'PTDL15BL', 1, 'Other Brands Duluth Woment Pants 15 Black', '2022-04-23 12:13:38'),
(537, 11, 2, 44, 'PTDL06BL', 1, 'Other Brands Duluth Woment Pants 06 Black', '2022-04-23 12:14:57'),
(538, 11, 2, 43, 'PTDL04BL', 1, 'Other Brands Duluth Woment Pants 04 Black', '2022-04-23 12:15:13'),
(539, 72, 2, 1, 'PTPF28BL', 1, 'Other Brands Police Force Pants 28 Black', '2022-04-25 08:11:13'),
(540, 72, 2, 3, 'PTPF30BL', 1, 'Other Brands Police Force Pants 30 Black', '2022-04-25 08:11:34'),
(541, 72, 2, 5, 'PTPF32BL', 1, 'Other Brands Police Force Pants 32 Black', '2022-04-25 08:11:47'),
(542, 72, 2, 7, 'PTPF34BL', 1, 'Other Brands Police Force Pants 34 Black', '2022-04-25 08:12:02'),
(543, 72, 2, 9, 'PTPF36BL', 1, 'Other Brands Police Force Pants 36 Black', '2022-04-25 08:12:17'),
(544, 72, 2, 10, 'PTPF38BL', 2, 'Other Brands Police Force Pants 38 Black', '2022-04-25 08:12:35'),
(545, 72, 2, 15, 'PTPF42BL', 2, 'Other Brands Police Force Pants 42 Black', '2022-04-25 08:12:47'),
(546, 72, 13, 7, 'PTPF34NY', 2, 'Other Brands Police Force Pants 34 Navy', '2022-04-25 08:23:37'),
(547, 72, 13, 9, 'PTPF36NY', 2, 'Other Brands Police Force Pants 36 Navy', '2022-04-25 08:23:59'),
(548, 72, 13, 11, 'PTPF04NY', 1, 'Other Brands Police Force Pants 04 Navy', '2022-04-25 08:24:22'),
(549, 72, 13, 11, 'PTPF04NY', 1, 'Other Brands Police Force Pants 04 Navy', '2022-04-25 08:24:22'),
(550, 72, 13, 15, 'PTPF42NY', 1, 'Other Brands Police Force Pants 42 Navy', '2022-04-25 08:25:04'),
(551, 72, 13, 62, 'PTPF54NY', 1, 'Other Brands Police Force Pants 54 Navy', '2022-04-25 08:25:19'),
(552, 72, 8, 3, 'PTPF30GN', 1, 'Other Brands Police Force Pants 30 Green', '2022-04-25 08:25:50'),
(553, 39, 9, 34, 'PTNKMMGY', 1, 'Nike Gym Pants MM Grey', '2022-04-25 08:28:05'),
(554, 39, 9, 33, 'PTNKSSGY', 1, 'Nike Gym Pants SS Grey', '2022-04-25 08:28:29'),
(555, 39, 6, 33, 'PTNKSSCH', 2, 'Nike Gym Pants S Charcoal', '2022-04-25 08:28:50'),
(556, 39, 6, 34, 'PTNKMMCH', 2, 'Nike Gym Pants MM Charcoal', '2022-04-25 08:29:29'),
(557, 39, 2, 33, 'PTNKSSBL', 1, 'Nike Gym Pants SS Black', '2022-04-25 08:30:03'),
(558, 73, 27, 34, 'PTWSMMNA', 3, 'Other Brands Women Soft Pants MM N/A', '2022-04-25 08:34:14'),
(559, 73, 27, 35, 'PTWSLLNA', 4, 'Other Brands Women Soft Pants LL N/A', '2022-04-25 08:34:42'),
(560, 74, 2, 37, 'PTMS2XBL', 1, 'Other Brands Men Soft Pants 2X Black', '2022-04-25 08:41:47'),
(561, 74, 10, 37, 'PTMS2XKH', 2, 'Other Brands Men Soft Pants 2XL Kakhi', '2022-04-25 08:42:10'),
(562, 75, 3, 5, 'PTGN32BU', 4, 'Other Brands Jean Pants 32 Blue', '2022-04-25 08:44:50'),
(563, 75, 3, 9, 'PTGN36BU', 2, 'Other Brands Jean Pants 36 Blue', '2022-04-25 08:45:07'),
(564, 75, 3, 11, 'PTGN40BU', 1, 'Other Brands Jean Pants 40 Blue', '2022-04-25 08:46:15'),
(565, 75, 2, 5, 'PTGN32BL', 1, 'Other Brands Jean Pants 32 Black', '2022-04-25 08:47:12'),
(566, 75, 2, 7, 'PTGN34BL', 3, 'Other Brands Jean Pants 34 Black', '2022-04-25 08:47:38'),
(567, 75, 2, 9, 'PTGN36BL', 3, 'Other Brands Jean Pants 36 Black', '2022-04-25 08:47:44'),
(568, 76, 3, 34, 'PTSPMMBU', 2, 'Under Armour Sweat Pants MM Blue', '2022-04-25 08:52:15'),
(569, 77, 27, 33, 'PTUWSSNA', 1, 'Under Armour Women Gym Wear Full SS N/A', '2022-04-25 08:55:10'),
(570, 78, 27, 34, 'PTWGNANA', 10, 'Other Brands Women Gym Pants MM N/A', '2022-04-25 08:57:40'),
(572, 79, 4, 2, 'PTGZ29BR', 1, 'Other Brands G-Zero Pants 29 Brown', '2022-04-25 09:03:07'),
(573, 79, 4, 4, 'PTGZ31BR', 1, 'Other Brands G-Zero Pants 31 Brown', '2022-04-25 09:03:45'),
(574, 79, 4, 3, 'PTGZ30BR', 1, 'Other Brands G-Zero Pants 30 Brown', '2022-04-25 09:03:57'),
(575, 79, 4, 5, 'PTGZ32BR', 1, 'Other Brands G-Zero Pants 32 Brown', '2022-04-25 09:04:10'),
(576, 79, 4, 7, 'PTGZ34BR', 1, 'Other Brands G-Zero Pants 34 Brown', '2022-04-25 09:04:22'),
(577, 79, 13, 2, 'PTGZ29NY', 1, 'Other Brands G-Zero Pants 29 Navy', '2022-04-25 09:04:52'),
(578, 79, 13, 3, 'PTGZ30NY', 1, 'Other Brands G-Zero Pants 30 Navy', '2022-04-25 09:05:03'),
(579, 79, 13, 5, 'PTGZ32NY', 1, 'Other Brands G-Zero Pants 32 Navy', '2022-04-25 09:05:10'),
(580, 79, 13, 6, 'PTGZ33NY', 1, 'Other Brands G-Zero Pants 33 Navy', '2022-04-25 09:05:25'),
(581, 79, 2, 4, 'PTGZ31BL', 31, 'Other Brands G-Zero Pants 31 Black', '2022-04-25 09:06:30'),
(582, 79, 2, 3, 'PTGZ30BL', 1, 'Other Brands G-Zero Pants 30 Black', '2022-04-25 09:06:48'),
(583, 79, 2, 5, 'PTGZ32BL', 1, 'Other Brands G-Zero Pants 32 Black', '2022-04-25 09:07:05'),
(584, 79, 2, 7, 'PTGZ34BL', 1, 'Other Brands G-Zero Pants 34 Black', '2022-04-25 09:07:15'),
(585, 79, 8, 2, 'PTGZ29GN', 1, 'Other Brands G-Zero Pants 29 Green', '2022-04-25 09:07:37'),
(586, 79, 8, 5, 'PTGZ32GN', 1, 'Other Brands G-Zero Pants 32 Green', '2022-04-25 09:07:49'),
(587, 79, 8, 7, 'PTGZ34GN', 1, 'Other Brands G-Zero Pants 34 Green', '2022-04-25 09:07:56'),
(588, 79, 10, 2, 'PTGZ29KH', 2, 'Other Brands G-Zero Pants 29 Kakhi', '2022-04-25 09:08:19'),
(589, 79, 10, 4, 'PTGZ31KH', 2, 'Other Brands G-Zero Pants 31 Kakhi', '2022-04-25 09:08:34'),
(590, 79, 10, 3, 'PTGZ30KH', 2, 'Other Brands G-Zero Pants 30 Kakhi', '2022-04-25 09:08:44'),
(591, 79, 10, 7, 'PTGZ34KH', 2, 'Other Brands G-Zero Pants 34 Kakhi', '2022-04-25 09:08:57'),
(592, 80, 27, 34, 'PTFTNANA', 3, 'Other Brands Full Track Suit MM N/A', '2022-04-25 09:11:36'),
(593, 81, 27, 34, 'PTTPNANA', 9, 'Other Brands Track Pants MM N/A', '2022-04-25 09:14:38'),
(594, 82, 2, 19, 'PTHP44BL', 1, 'Other Brands Hard Pants 44 Black', '2022-04-25 09:16:57'),
(595, 82, 4, 7, 'PTHP34BR', 1, 'Other Brands Hard Pants 34 Brown', '2022-04-25 09:17:22'),
(596, 82, 10, 7, 'PTHP34KH', 2, 'Other Brands Hard Pants 34 Kakhi', '2022-04-25 09:17:41'),
(597, 21, 27, 34, 'SHCLMMNA', 1, 'Columbia Shorts MM N/A', '2022-04-25 09:20:11'),
(598, 21, 27, 35, 'SHCLLLNA', 80, 'Columbia Shorts LL N/A', '2022-04-25 09:20:45'),
(599, 21, 27, 36, 'SHCLXLNA', 10, 'Columbia Shorts XL N/A', '2022-04-25 09:21:08'),
(600, 21, 27, 37, 'SHCL2XNA', 9, 'Clumbia Shorts 2X N/A', '2022-04-25 09:21:30'),
(601, 34, 10, 39, 'JKHJ4XKH', 1, 'Other Brands Tactical Half Jackets 4XL Kakhi', '2022-04-25 09:24:41'),
(602, 34, 8, 35, 'JKHJLLgn', 2, 'Other Brands Tactical Half Jackets LL Green', '2022-04-25 09:25:26'),
(603, 34, 8, 36, 'JKHJXLGN', 1, 'Other Brands Tactical Half Jackets XL Green', '2022-04-25 09:26:08'),
(604, 83, 27, 35, 'SWNKLLNA', 5, 'Nike Sweaters LL N/A', '2022-04-25 09:31:53'),
(605, 83, 27, 37, 'SWNK2XNA', 2, 'Nike Sweaters 2X N/A', '2022-04-25 09:32:44'),
(606, 36, 27, 70, 'JKWHNANA', 4, 'Other Brands Women Half Jackets NA N/A', '2022-04-25 09:37:37'),
(607, 37, 27, 70, 'JNWRNANA', 3, 'North Face Women Rain Jackets NA N/A', '2022-04-25 09:41:23'),
(608, 38, 27, 36, 'JCWRXLNA', 1, 'Columbia Women Rain Jackets XL N/A', '2022-04-25 09:42:39'),
(609, 277, 27, 70, 'BPNFSTNA', 80, 'North Face Surge Transit N/A N/A', '2022-04-25 09:46:17'),
(610, 69, 27, 70, 'BPNFRTNA', 3, 'North Face Router Transit Backpacks N/A N/A', '2022-04-25 09:47:27'),
(611, 70, 27, 70, 'BPNFOHNA', 1, 'North Face Overhaul Backpack N/A N/A', '2022-04-25 09:48:25'),
(612, 71, 27, 70, 'BPNFTR50', 3, 'North Face Terra 50 Backpack N/A N/A', '2022-04-25 09:50:25'),
(613, 84, 27, 70, 'BPNFTR65', 1, 'North Face Terra 65 Backpack NA N/A', '2022-04-25 10:01:01'),
(614, 85, 27, 70, 'BPNFHSNA', 1, 'North Face Hot Shot N/A N/A', '2022-04-25 10:02:09'),
(615, 86, 27, 70, 'BPNFBSNA', 1, 'North Face Big Shot N/A N/A', '2022-04-25 10:02:42'),
(616, 87, 27, 70, 'BPNFSPNA', 1, 'North Face Supreme Backpack N/A N/A', '2022-04-25 10:03:37'),
(617, 88, 27, 70, 'BPNFFGNA', 3, 'North Face Foldable Gym Bags NA N/A', '2022-04-25 10:06:05'),
(618, 90, 27, 70, 'BPNFGBNA', 12, 'North Face Gym Bags N/A N/A', '2022-04-25 10:06:47'),
(619, 91, 27, 70, 'BPNFWBNA', 9, 'North Face Women Bags N/A N/A', '2022-04-25 10:07:22'),
(620, 92, 27, 70, 'HTSU', 60, 'Other Brands Sun Hats NA N/A', '2022-04-25 10:39:03'),
(621, 54, 23, 35, 'SHCLLLWH', 60, 'Columbia Men Shirt Short LL White', '2022-04-25 10:40:12'),
(622, 43, 10, 35, 'STLCLLKH', 60, '5.11 Tactical Cotton Shirt Long L Kakhi', '2022-04-25 10:44:37'),
(623, 43, 10, 36, 'STLCXLKH', 60, '5.11 Tactical Cotton Shirt Long XL Kakhi', '2022-04-25 10:45:04'),
(624, 43, 10, 37, 'STLC2XKH', 60, '5.11 Tactical Cotton Shirt Long 2X Kakhi', '2022-04-25 10:45:30'),
(625, 43, 10, 40, 'STLC5XKH', 60, '5.11 Tactical Cotton Shirt Long 5X Kakhi', '2022-04-25 10:45:52'),
(626, 43, 13, 32, 'STLCXSNY', 59, '511 5.11 Tactical Cotton Shirt Long XS Navy', '2022-04-25 10:46:21'),
(627, 43, 13, 33, 'STLCSSNY', 60, '511 5.11 Tactical Cotton Shirt Long SS Navy', '2022-04-25 10:46:32'),
(628, 43, 13, 34, 'STLCMMNY', 60, '511 5.11 Tactical Cotton Shirt Long MM Navy', '2022-04-25 10:46:44'),
(629, 43, 13, 35, 'STLCLLNY', 60, '511 5.11 Tactical Cotton Shirt Long LL Navy', '2022-04-25 10:46:53'),
(630, 43, 13, 36, 'STLCXLNY', 60, '511 5.11 Tactical Cotton Shirt Long XL Navy', '2022-04-25 10:47:01'),
(631, 43, 13, 37, 'STLC2XNY', 60, '511 5.11 Tactical Cotton Shirt Long 2X Navy', '2022-04-25 10:47:07'),
(632, 43, 13, 38, 'STLC3XNY', 60, '511 5.11 Tactical Cotton Shirt Long 3X Navy', '2022-04-25 10:47:18'),
(633, 43, 13, 39, 'STLC4XNY', 60, '511 5.11 Tactical Cotton Shirt Long 4X Navy', '2022-04-25 10:47:28'),
(634, 43, 13, 40, 'STLC5XNY', 60, '511 5.11 Tactical Cotton Shirt Long 5X Navy', '2022-04-25 10:47:41'),
(635, 43, 2, 32, 'STLCXSBL', 60, '511 5.11 Tactical Cotton Shirt Long XS Black', '2022-04-25 10:49:26'),
(636, 43, 2, 33, 'STLCSSBL', 60, '511 5.11 Tactical Cotton Shirt Long SS Black', '2022-04-25 10:50:17'),
(637, 43, 2, 34, 'STLCMMBL', 60, '511 5.11 Tactical Cotton Shirt Long MM Black', '2022-04-25 10:50:25'),
(638, 43, 2, 35, 'STLCLLBL', 60, '511 5.11 Tactical Cotton Shirt Long LL Black', '2022-04-25 10:50:40'),
(639, 43, 2, 36, 'STLCXLBL', 60, '511 5.11 Tactical Cotton Shirt Long XL Black', '2022-04-25 10:50:49'),
(640, 43, 2, 37, 'STLC2XBL', 60, '511 5.11 Tactical Cotton Shirt Long 2X Black', '2022-04-25 10:51:01'),
(641, 43, 2, 38, 'STLC3XBL', 60, '511 5.11 Tactical Cotton Shirt Long 3X Black', '2022-04-25 10:51:19'),
(642, 43, 2, 40, 'STLC5XBL', 60, '511 5.11 Tactical Cotton Shirt Long 5X Black', '2022-04-25 10:51:29'),
(643, 43, 4, 33, 'STLCSSBR', 60, '511 5.11 Tactical Cotton Shirt Long SS Brown', '2022-04-25 10:51:49'),
(644, 43, 4, 35, 'STLCLLBR', 85, '511 5.11 Tactical Cotton Shirt Long LL Brown', '2022-04-25 10:51:58'),
(645, 43, 4, 36, 'STLCXLBR', 60, '511 5.11 Tactical Cotton Shirt Long XL Brown', '2022-04-25 10:52:07'),
(646, 43, 4, 37, 'STLC2XBR', 60, '511 5.11 Tactical Cotton Shirt Long 2X Brown', '2022-04-25 10:52:14'),
(647, 43, 8, 33, 'STLCSSGN', 60, '511 5.11 Tactical Cotton Shirt Long SS Green', '2022-04-25 10:52:29'),
(648, 43, 8, 34, 'STLCMMGN', 60, '511 5.11 Tactical Cotton Shirt Long MM Green', '2022-04-25 10:52:40'),
(649, 43, 8, 35, 'STLCLLGN', 80, '511 5.11 Tactical Cotton Shirt Long LL Green', '2022-04-25 10:52:49'),
(650, 43, 8, 36, 'STLCXLGN', 60, '511 5.11 Tactical Cotton Shirt Long XL Green', '2022-04-25 10:52:55'),
(651, 43, 8, 38, 'STLC3XGN', 60, '511 5.11 Tactical Cotton Shirt Long 3X Green', '2022-04-25 10:53:28'),
(652, 43, 6, 35, 'STLCLLCH', 60, '511 5.11 Tactical Cotton Shirt Long LL Charcoal', '2022-04-25 10:53:49'),
(653, 43, 6, 36, 'STLCXLCH', 59, '511 5.11 Tactical Cotton Shirt Long XL Charcoal', '2022-04-25 10:53:58'),
(654, 43, 6, 37, 'STLC2XCH', 60, '511 5.11 Tactical Cotton Shirt Long 2X Charcoal', '2022-04-25 10:54:04'),
(655, 43, 23, 33, 'STLCSSWH', 60, '511 5.11 Tactical Cotton Shirt Long SS White', '2022-04-25 10:56:31'),
(656, 43, 23, 34, 'STLCMMWH', 60, '511 5.11 Tactical Cotton Shirt Long MM White', '2022-04-25 10:56:43'),
(657, 43, 23, 36, 'STLCXLWH', 60, '511 5.11 Tactical Cotton Shirt Long XL White', '2022-04-25 10:57:31'),
(658, 43, 23, 37, 'STLC2XWH', 60, '511 5.11 Tactical Cotton Shirt Long 2X White', '2022-04-25 10:57:45');
INSERT INTO `warehouseInventory_tb` (`inventory_id`, `product_id`, `colour_id`, `size_id`, `code`, `quantity`, `description`, `date`) VALUES
(659, 43, 23, 38, 'STLC3XWH', 60, '511 5.11 Tactical Cotton Shirt Long 3X White', '2022-04-25 10:57:56'),
(660, 43, 23, 39, 'STLC4XWH', 60, '511 5.11 Tactical Cotton Shirt Long 4X White', '2022-04-25 10:58:06'),
(661, 43, 23, 40, 'STLC5XWH', 60, '511 5.11 Tactical Cotton Shirt Long 5X White', '2022-04-25 10:58:14'),
(662, 43, 29, 38, 'STLC3XAB', 60, '511 5.11 Tactical Cotton Shirt Long 3X Aqua Blue', '2022-04-25 10:58:38'),
(663, 43, 29, 36, 'STLCXLAB', 60, '511 5.11 Tactical Cotton Shirt Long XL Aqua Blue', '2022-04-25 10:58:46'),
(664, 43, 29, 35, 'STLCLLAB', 60, '511 5.11 Tactical Cotton Shirt Long LL Aqua Blue', '2022-04-25 10:58:53'),
(665, 43, 29, 39, 'STLC4XAB', 60, '511 5.11 Tactical Cotton Shirt Long 4X Aqua Blue', '2022-04-25 10:59:09'),
(666, 43, 29, 40, 'STLC5XAB', 60, '511 5.11 Tactical Cotton Shirt Long 5X Aqua Blue', '2022-04-25 10:59:15'),
(667, 43, 29, 33, 'STLCSSAB', 60, '511 5.11 Tactical Cotton Shirt Long SS Aqua Blue', '2022-04-25 10:59:22'),
(668, 43, 29, 32, 'STLCXSAB', 60, '511 5.11 Tactical Cotton Shirt Long XS Aqua Blue', '2022-04-25 10:59:26'),
(669, 43, 29, 34, 'STLCMMAB', 60, '511 5.11 Tactical Cotton Shirt Long MM Aqua Blue', '2022-04-25 10:59:36'),
(670, 43, 30, 34, 'STLCMMLB', 60, '511 5.11 Tactical Cotton Shirt Long M Light Blue', '2022-04-25 10:59:56'),
(671, 43, 30, 32, 'STLCXSLB', 60, '511 5.11 Tactical Cotton Shirt Long XS Light Blue', '2022-04-25 11:00:01'),
(672, 43, 30, 33, 'STLCSSLB', 60, '511 5.11 Tactical Cotton Shirt Long SS Light Blue', '2022-04-25 11:00:05'),
(673, 43, 30, 36, 'STLCXLLB', 60, '511 5.11 Tactical Cotton Shirt Long XL Light Blue', '2022-04-25 11:00:14'),
(674, 43, 9, 33, 'STLCSSGY', 60, '511 5.11 Tactical Cotton Shirt Long SS Grey', '2022-04-25 11:01:16'),
(675, 43, 9, 35, 'STLCLLGY', 60, '511 5.11 Tactical Cotton Shirt Long LL Grey', '2022-04-25 11:01:31'),
(676, 43, 10, 32, 'STLCXSKH', 60, '511 5.11 Tactical Cotton Shirt Long XS Kakhi', '2022-04-25 11:02:08'),
(677, 43, 10, 34, 'STLCMMKH', 60, '511 5.11 Tactical Cotton Shirt Long MM Kakhi', '2022-04-25 11:02:19'),
(678, 43, 10, 38, 'STLC3XKH', 60, '511 5.11 Tactical Cotton Shirt Long 3X Kakhi', '2022-04-25 11:03:11'),
(679, 43, 10, 39, 'STLC4XKH', 60, '511 5.11 Tactical Cotton Shirt Long 4X Kakhi', '2022-04-25 11:03:24'),
(680, 44, 4, 32, 'STSCXSBR', 60, ' 5.11 Tactical Cotton Shirt Short XS Brown', '2022-04-25 11:05:36'),
(681, 44, 4, 34, 'STSCMMBR', 80, '5.11 Tactical Cotton Shirt Short MM Brown', '2022-04-25 11:05:55'),
(682, 44, 4, 38, 'STSC3XBR', 60, '511 5.11 Tactical Cotton Shirt Short 3X Brown', '2022-04-25 11:07:11'),
(683, 44, 4, 39, 'STSC4XBR', 60, '511 5.11 Tactical Cotton Shirt Short 4X Brown', '2022-04-25 11:07:26'),
(684, 44, 4, 40, 'STSC5XBR', 60, '511 5.11 Tactical Cotton Shirt Short 5X Brown', '2022-04-25 11:07:34'),
(685, 44, 8, 32, 'STSCXSGN', 60, '511 5.11 Tactical Cotton Shirt Short XS Green', '2022-04-25 11:08:17'),
(686, 44, 8, 39, 'STSC4XGN', 60, '511 5.11 Tactical Cotton Shirt Short 4X Green', '2022-04-25 11:11:10'),
(687, 44, 8, 40, 'STSC5XGN', 60, '511 5.11 Tactical Cotton Shirt Short 5X Green', '2022-04-25 11:11:17'),
(688, 44, 6, 40, 'STSC5XCH', 60, '511 5.11 Tactical Cotton Shirt Short 5XL Charcoal', '2022-04-25 11:11:29'),
(689, 44, 6, 39, 'STSC4XCH', 60, '511 5.11 Tactical Cotton Shirt Short 4X Charcoal', '2022-04-25 11:11:34'),
(690, 44, 6, 38, 'STSC3XCH', 60, '511 5.11 Tactical Cotton Shirt Short 3X Charcoal', '2022-04-25 11:11:39'),
(691, 44, 6, 34, 'STSCMMCH', 59, '511 5.11 Tactical Cotton Shirt Short MM Charcoal', '2022-04-25 11:12:10'),
(692, 44, 6, 33, 'STSCSSCH', 60, '511 5.11 Tactical Cotton Shirt Short SS Charcoal', '2022-04-25 11:12:15'),
(693, 44, 6, 32, 'STSCXSCH', 60, '511 5.11 Tactical Cotton Shirt Short XS Charcoal', '2022-04-25 11:12:19'),
(694, 44, 29, 37, 'STSC2XAB', 60, '511 5.11 Tactical Cotton Shirt Short 2X Aqua Blue', '2022-04-25 11:13:24'),
(695, 44, 30, 40, 'STSC5XLB', 60, '511 5.11 Tactical Cotton Shirt Short 5XL Light Blue', '2022-04-25 11:13:58'),
(696, 44, 30, 39, 'STSC4XLB', 60, '511 5.11 Tactical Cotton Shirt Short 4X Light Blue', '2022-04-25 11:14:04'),
(697, 44, 30, 38, 'STSC3XLB', 60, '511 5.11 Tactical Cotton Shirt Short 3X Light Blue', '2022-04-25 11:14:09'),
(698, 44, 30, 37, 'STSC2XLB', 60, '511 5.11 Tactical Cotton Shirt Short 2X Light Blue', '2022-04-25 11:14:14'),
(699, 44, 30, 35, 'STSCLLLB', 60, '511 5.11 Tactical Cotton Shirt Short LL Light Blue', '2022-04-25 11:14:24'),
(700, 44, 4, 33, 'STSCSSBR', 60, '511 5.11 Tactical Cotton Shirt Short SS Brown', '2022-04-25 11:30:11'),
(701, 44, 4, 35, 'STSCLLBR', 60, '511 5.11 Tactical Cotton Shirt Short LL Brown', '2022-04-25 11:30:29'),
(702, 44, 4, 36, 'STSCXLBR', 60, '511 5.11 Tactical Cotton Shirt Short XL Brown', '2022-04-25 11:30:36'),
(703, 44, 4, 37, 'STSC2XBR', 60, '511 5.11 Tactical Cotton Shirt Short 2X Brown', '2022-04-25 11:30:43'),
(704, 44, 8, 38, 'STSC3XGN', 60, '511 5.11 Tactical Cotton Shirt Short 3X Green', '2022-04-25 11:31:24'),
(705, 44, 8, 37, 'STSC2XGN', 60, '511 5.11 Tactical Cotton Shirt Short 2X Green', '2022-04-25 11:31:29'),
(706, 44, 8, 36, 'STSCXLGN', 60, '511 5.11 Tactical Cotton Shirt Short XL Green', '2022-04-25 11:31:35'),
(707, 44, 8, 35, 'STSCLLGN', 60, '511 5.11 Tactical Cotton Shirt Short LL Green', '2022-04-25 11:31:40'),
(708, 44, 8, 34, 'STSCMMGN', 60, '511 5.11 Tactical Cotton Shirt Short MM Green', '2022-04-25 11:31:46'),
(709, 44, 8, 33, 'STSCSSGN', 60, '511 5.11 Tactical Cotton Shirt Short SS Green', '2022-04-25 11:31:51'),
(710, 44, 6, 35, 'STSCLLCH', 60, '511 5.11 Tactical Cotton Shirt Short LL Charcoal', '2022-04-25 11:32:30'),
(711, 44, 6, 37, 'STSC2XCH', 60, '511 5.11 Tactical Cotton Shirt Short 2X Charcoal', '2022-04-25 11:32:39'),
(712, 44, 6, 36, 'STSCXLCH', 80, '511 5.11 Tactical Cotton Shirt Short XL Charcoal', '2022-04-25 11:32:43'),
(713, 44, 29, 40, 'STSC5XAB', 60, '511 5.11 Tactical Cotton Shirt Short 5XL Aqua Blue', '2022-04-25 11:33:11'),
(714, 44, 29, 39, 'STSC4XAB', 60, '511 5.11 Tactical Cotton Shirt Short 4X Aqua Blue', '2022-04-25 11:33:17'),
(715, 44, 29, 38, 'STSC3XAB', 60, '511 5.11 Tactical Cotton Shirt Short 3X Aqua Blue', '2022-04-25 11:33:23'),
(716, 44, 29, 36, 'STSCXLAB', 60, '511 5.11 Tactical Cotton Shirt Short XL Aqua Blue', '2022-04-25 11:33:32'),
(717, 44, 29, 35, 'STSCLLAB', 60, '511 5.11 Tactical Cotton Shirt Short LL Aqua Blue', '2022-04-25 11:33:36'),
(718, 44, 29, 34, 'STSCMMAB', 60, '511 5.11 Tactical Cotton Shirt Short MM Aqua Blue', '2022-04-25 11:33:42'),
(719, 44, 29, 33, 'STSCSSAB', 60, '511 5.11 Tactical Cotton Shirt Short SS Aqua Blue', '2022-04-25 11:33:55'),
(720, 44, 30, 32, 'STSCXSLB', 60, '511 5.11 Tactical Cotton Shirt Short XS Light Blue', '2022-04-25 11:34:08'),
(721, 44, 30, 33, 'STSCSSLB', 60, '511 5.11 Tactical Cotton Shirt Short SS Light Blue', '2022-04-25 11:34:12'),
(722, 44, 30, 34, 'STSCMMLB', 60, '511 5.11 Tactical Cotton Shirt Short MM Light Blue', '2022-04-25 11:34:20'),
(723, 44, 30, 36, 'STSCXLLB', 60, '511 5.11 Tactical Cotton Shirt Short XL Light Blue', '2022-04-25 11:34:33'),
(724, 45, 8, 32, 'STSPXSGN', 60, '511 5.11 Tactical Polyster (Soft) Shirt Short XS Green', '2022-04-25 11:38:44'),
(725, 45, 8, 33, 'STSPSSGN', 60, '511 5.11 Tactical Polyster (Soft) Shirt Short SS Green', '2022-04-25 11:38:58'),
(726, 45, 8, 34, 'STSPMMGN', 60, '511 5.11 Tactical Polyster (Soft) Shirt Short MM Green', '2022-04-25 11:39:09'),
(727, 45, 8, 36, 'STSPXLGN', 58, '511 5.11 Tactical Polyster (Soft) Shirt Short XL Green', '2022-04-25 11:39:24'),
(728, 45, 8, 37, 'STSP2XGN', 80, '511 5.11 Tactical Polyster (Soft) Shirt Short 2X Green', '2022-04-25 11:39:29'),
(729, 45, 8, 39, 'STSP4XGN', 60, '511 5.11 Tactical Polyster (Soft) Shirt Short 4X Green', '2022-04-25 11:39:35'),
(730, 45, 6, 39, 'STSP4XCH', 60, '511 5.11 Tactical Polyster (Soft) Shirt Short 4XL Charcoal', '2022-04-25 11:42:44'),
(731, 45, 6, 38, 'STSP3XCH', 60, '511 5.11 Tactical Polyster (Soft) Shirt Short 3X Charcoal', '2022-04-25 11:42:51'),
(732, 45, 6, 37, 'STSP2XCH', 60, '511 5.11 Tactical Polyster (Soft) Shirt Short 2X Charcoal', '2022-04-25 11:43:01'),
(733, 45, 6, 36, 'STSPXLCH', 60, '511 5.11 Tactical Polyster (Soft) Shirt Short XL Charcoal', '2022-04-25 11:43:06'),
(734, 45, 6, 35, 'STSPLLCH', 60, '511 5.11 Tactical Polyster (Soft) Shirt Short LL Charcoal', '2022-04-25 11:43:18'),
(735, 45, 6, 34, 'STSPMMCH', 60, '511 5.11 Tactical Polyster (Soft) Shirt Short MM Charcoal', '2022-04-25 11:43:24'),
(736, 45, 6, 33, 'STSPSSCH', 60, '511 5.11 Tactical Polyster (Soft) Shirt Short SS Charcoal', '2022-04-25 11:43:29'),
(737, 45, 6, 32, 'STSPXSCH', 60, '511 5.11 Tactical Polyster (Soft) Shirt Short XS Charcoal', '2022-04-25 11:43:36'),
(738, 46, 10, 32, 'STSPXSKH', 60, '511 5.11 Tactical Polyster (Soft) Shirt Long XS Kakhi', '2022-04-25 11:44:05'),
(739, 46, 10, 33, 'STSPSSKH', 60, '511 5.11 Tactical Polyster (Soft) Shirt Long SS Kakhi', '2022-04-25 11:44:16'),
(740, 46, 10, 34, 'STSPMMKH', 60, '511 5.11 Tactical Polyster (Soft) Shirt Long MM Kakhi', '2022-04-25 11:44:29'),
(742, 46, 10, 36, 'STSPXLKH', 60, '511 5.11 Tactical Polyster (Soft) Shirt Long XL Kakhi', '2022-04-25 11:44:45'),
(743, 46, 10, 37, 'STSP2XKH', 60, '511 5.11 Tactical Polyster (Soft) Shirt Long 2X Kakhi', '2022-04-25 11:44:53'),
(744, 46, 6, 33, 'STPLSSCH', 60, '511 5.11 Tactical Polyster (Soft) Shirt Long SS Charcoal', '2022-04-25 11:45:34'),
(745, 46, 6, 32, 'STPLXSCH', 60, '511 5.11 Tactical Polyster (Soft) Shirt Long XS Charcoal', '2022-04-25 11:45:43'),
(746, 46, 6, 34, 'STPLMMCH', 60, '511 5.11 Tactical Polyster (Soft) Shirt Long MM Charcoal', '2022-04-25 11:45:51'),
(747, 46, 6, 35, 'STPLLLCH', 60, '511 5.11 Tactical Polyster (Soft) Shirt Long LL Charcoal', '2022-04-25 11:45:57'),
(748, 46, 10, 35, 'STPLLLKH', 60, '511 5.11 Tactical Polyster (Soft) Shirt Long L Kakhi', '2022-04-25 11:46:08'),
(749, 46, 10, 36, 'STPLXLKH', 60, '511 5.11 Tactical Polyster (Soft) Shirt Long XL Kakhi', '2022-04-25 11:46:13'),
(750, 46, 10, 37, 'STPL2XKH', 60, '511 5.11 Tactical Polyster (Soft) Shirt Long 2X Kakhi', '2022-04-25 11:46:20'),
(751, 46, 3, 32, 'STPLXSBU', 60, '511 5.11 Tactical Polyster (Soft) Shirt Long XS Blue', '2022-04-25 11:47:25'),
(752, 46, 3, 33, 'STPLSSBU', 60, '511 5.11 Tactical Polyster (Soft) Shirt Long SS Blue', '2022-04-25 11:47:34'),
(753, 46, 3, 34, 'STPLMMBU', 60, '511 5.11 Tactical Polyster (Soft) Shirt Long MM Blue', '2022-04-25 11:47:43'),
(754, 46, 3, 35, 'STPLLLBU', 60, '511 5.11 Tactical Polyster (Soft) Shirt Long LL Blue', '2022-04-25 11:47:51'),
(755, 46, 3, 36, 'STPLXLBU', 60, '511 5.11 Tactical Polyster (Soft) Shirt Long XL Blue', '2022-04-25 11:47:58'),
(756, 46, 3, 37, 'STPL2XBU', 60, '511 5.11 Tactical Polyster (Soft) Shirt Long 2X Blue', '2022-04-25 11:48:02'),
(757, 46, 3, 38, 'STPL3XBU', 60, '511 5.11 Tactical Polyster (Soft) Shirt Long 3X Blue', '2022-04-25 11:48:11'),
(758, 46, 3, 39, 'STPL4XBU', 60, '511 5.11 Tactical Polyster (Soft) Shirt Long 4X Blue', '2022-04-25 11:48:18'),
(759, 46, 23, 39, 'STPL4XWH', 60, '511 5.11 Tactical Polyster (Soft) Shirt Long 4XL White', '2022-04-25 11:48:30'),
(760, 46, 23, 38, 'STPL3XWH', 60, '511 5.11 Tactical Polyster (Soft) Shirt Long 3X White', '2022-04-25 11:48:35'),
(761, 46, 23, 37, 'STPL2XWH', 60, '511 5.11 Tactical Polyster (Soft) Shirt Long 2X White', '2022-04-25 11:48:40'),
(762, 46, 23, 36, 'STPLXLWH', 60, '511 5.11 Tactical Polyster (Soft) Shirt Long XL White', '2022-04-25 11:48:44'),
(763, 46, 23, 35, 'STPLLLWH', 60, '511 5.11 Tactical Polyster (Soft) Shirt Long LL White', '2022-04-25 11:48:58'),
(764, 46, 23, 34, 'STPLMMWH', 60, '511 5.11 Tactical Polyster (Soft) Shirt Long MM White', '2022-04-25 11:49:03'),
(765, 46, 23, 33, 'STPLSSWH', 60, '511 5.11 Tactical Polyster (Soft) Shirt Long SS White', '2022-04-25 11:49:10'),
(766, 46, 23, 32, 'STPLXSWH', 60, '511 5.11 Tactical Polyster (Soft) Shirt Long XS White', '2022-04-25 11:49:14'),
(767, 46, 22, 32, 'STPLXSSB', 60, '511 5.11 Tactical Polyster (Soft) Shirt Long XS Sky Blue', '2022-04-25 11:49:28'),
(768, 46, 22, 33, 'STPLSSSB', 60, '511 5.11 Tactical Polyster (Soft) Shirt Long SS Sky Blue', '2022-04-25 11:49:34'),
(769, 46, 22, 35, 'STPLLLSB', 60, '511 5.11 Tactical Polyster (Soft) Shirt Long LL Sky Blue', '2022-04-25 11:49:47'),
(770, 46, 22, 36, 'STPLXLSB', 60, '511 5.11 Tactical Polyster (Soft) Shirt Long XL Sky Blue', '2022-04-25 11:49:55'),
(771, 46, 22, 37, 'STPL2XSB', 60, '511 5.11 Tactical Polyster (Soft) Shirt Long 2X Sky Blue', '2022-04-25 11:49:59'),
(772, 46, 22, 38, 'STPL3XSB', 60, '511 5.11 Tactical Polyster (Soft) Shirt Long 3X Sky Blue', '2022-04-25 11:50:04'),
(773, 46, 22, 39, 'STPL4XSB', 60, '511 5.11 Tactical Polyster (Soft) Shirt Long 4X Sky Blue', '2022-04-25 11:50:09'),
(774, 46, 8, 39, 'STPL4XGN', 60, '511 5.11 Tactical Polyster (Soft) Shirt Long 4XL Green', '2022-04-25 11:50:36'),
(775, 46, 8, 38, 'STPL3XGN', 60, '511 5.11 Tactical Polyster (Soft) Shirt Long 3X Green', '2022-04-25 11:50:47'),
(776, 46, 8, 37, 'STPL2XGN', 60, '511 5.11 Tactical Polyster (Soft) Shirt Long 2X Green', '2022-04-25 11:50:53'),
(777, 46, 8, 36, 'STPLXLGN', 60, '511 5.11 Tactical Polyster (Soft) Shirt Long XL Green', '2022-04-25 11:51:00'),
(778, 46, 8, 35, 'STPLLLGN', 60, '511 5.11 Tactical Polyster (Soft) Shirt Long LL Green', '2022-04-25 11:51:06'),
(779, 46, 8, 34, 'STPLMMGN', 60, '511 5.11 Tactical Polyster (Soft) Shirt Long MM Green', '2022-04-25 11:51:12'),
(780, 46, 8, 33, 'STPLSSGN', 60, '511 5.11 Tactical Polyster (Soft) Shirt Long SS Green', '2022-04-25 11:51:26'),
(781, 46, 8, 32, 'STPLXSGN', 60, '511 5.11 Tactical Polyster (Soft) Shirt Long XS Green', '2022-04-25 11:51:30'),
(782, 46, 18, 32, 'STPLXSPP', 60, '511 5.11 Tactical Polyster (Soft) Shirt Long XS Purple', '2022-04-25 11:51:43'),
(783, 46, 18, 33, 'STPLSSPP', 60, '511 5.11 Tactical Polyster (Soft) Shirt Long SS Purple', '2022-04-25 11:51:52'),
(784, 46, 18, 34, 'STPLMMPP', 60, '511 5.11 Tactical Polyster (Soft) Shirt Long MM Purple', '2022-04-25 11:51:56'),
(785, 46, 18, 35, 'STPLLLPP', 60, '511 5.11 Tactical Polyster (Soft) Shirt Long LL Purple', '2022-04-25 11:52:01'),
(786, 46, 18, 36, 'STPLXLPP', 60, '511 5.11 Tactical Polyster (Soft) Shirt Long XL Purple', '2022-04-25 11:52:06'),
(787, 93, 3, 33, 'STCLSSBU', 60, 'Columbia Columbia Men Soft Shirt Long SS Blue', '2022-04-25 12:02:25'),
(788, 93, 3, 34, 'STCLMMBU', 60, 'Columbia Columbia Men Soft Shirt Long MM Blue', '2022-04-25 12:02:35'),
(789, 93, 3, 35, 'STCLLLBU', 59, 'Columbia Columbia Men Soft Shirt Long LL Blue', '2022-04-25 12:02:42'),
(790, 93, 3, 37, 'STCL2XBU', 60, 'Columbia Columbia Men Soft Shirt Long 2X Blue', '2022-04-25 12:02:58'),
(791, 93, 3, 38, 'STCL3XBU', 60, 'Columbia Columbia Men Soft Shirt Long 3X Blue', '2022-04-25 12:03:08'),
(792, 93, 3, 39, 'STCL4XBU', 60, 'Columbia Columbia Men Soft Shirt Long 4X Blue', '2022-04-25 12:03:22'),
(793, 93, 23, 39, 'STCL4XWH', 60, 'Columbia Columbia Men Soft Shirt Long 4XL White', '2022-04-25 12:03:36'),
(794, 93, 23, 38, 'STCL3XWH', 60, 'Columbia Columbia Men Soft Shirt Long 3X White', '2022-04-25 12:03:40'),
(795, 93, 23, 37, 'STCL2XWH', 60, 'Columbia Columbia Men Soft Shirt Long 2X White', '2022-04-25 12:03:45'),
(796, 93, 23, 36, 'STCLXLWH', 60, 'Columbia Columbia Men Soft Shirt Long XL White', '2022-04-25 12:03:51'),
(797, 93, 23, 35, 'STCLLLWH', 60, 'Columbia Columbia Men Soft Shirt Long LL White', '2022-04-25 12:03:55'),
(798, 93, 23, 34, 'STCLMMWH', 60, 'Columbia Columbia Men Soft Shirt Long MM White', '2022-04-25 12:03:59'),
(799, 93, 23, 33, 'STCLSSWH', 60, 'Columbia Columbia Men Soft Shirt Long SS White', '2022-04-25 12:04:06'),
(800, 93, 22, 33, 'STCLSSSB', 60, 'Columbia Columbia Men Soft Shirt Long S Sky Blue', '2022-04-25 12:04:16'),
(801, 93, 22, 35, 'STCLLLSB', 60, 'Columbia Columbia Men Soft Shirt Long LL Sky Blue', '2022-04-25 12:04:27'),
(802, 93, 22, 36, 'STCLXLSB', 60, 'Columbia Columbia Men Soft Shirt Long XL Sky Blue', '2022-04-25 12:04:36'),
(803, 93, 22, 37, 'STCL2XSB', 60, 'Columbia Columbia Men Soft Shirt Long 2X Sky Blue', '2022-04-25 12:04:54'),
(804, 93, 22, 38, 'STCL3XSB', 60, 'Columbia Columbia Men Soft Shirt Long 3X Sky Blue', '2022-04-25 12:04:59'),
(805, 93, 22, 39, 'STCL4XSB', 60, 'Columbia Columbia Men Soft Shirt Long 4X Sky Blue', '2022-04-25 12:05:05'),
(806, 93, 8, 39, 'STCL4XGN', 60, 'Columbia Columbia Men Soft Shirt Long 4XL Green', '2022-04-25 12:05:19'),
(807, 93, 8, 38, 'STCL3XGN', 60, 'Columbia Columbia Men Soft Shirt Long 3X Green', '2022-04-25 12:05:24'),
(808, 93, 8, 37, 'STCL2XGN', 60, 'Columbia Columbia Men Soft Shirt Long 2X Green', '2022-04-25 12:05:29'),
(809, 93, 8, 36, 'STCLXLGN', 60, 'Columbia Columbia Men Soft Shirt Long XL Green', '2022-04-25 12:05:34'),
(810, 93, 8, 35, 'STCLLLGN', 60, 'Columbia Columbia Men Soft Shirt Long LL Green', '2022-04-25 12:05:39'),
(811, 93, 8, 34, 'STCLMMGN', 60, 'Columbia Columbia Men Soft Shirt Long MM Green', '2022-04-25 12:05:44'),
(812, 93, 8, 33, 'STCLSSGN', 60, 'Columbia Columbia Men Soft Shirt Long SS Green', '2022-04-25 12:05:59'),
(813, 93, 25, 33, 'STCLSSYL', 60, 'Columbia Columbia Men Soft Shirt Long S Yellow', '2022-04-25 12:06:28'),
(814, 93, 25, 34, 'STCLMMYL', 60, 'Columbia Columbia Men Soft Shirt Long MM Yellow', '2022-04-25 12:06:36'),
(815, 93, 25, 35, 'STCLLLYL', 60, 'Columbia Columbia Men Soft Shirt Long LL Yellow', '2022-04-25 12:06:38'),
(816, 93, 25, 36, 'STCLXLYL', 21, 'Columbia Columbia Men Soft Shirt Long XL Yellow', '2022-04-25 12:06:45'),
(817, 93, 25, 37, 'STCL2XYL', 60, 'Columbia Columbia Men Soft Shirt Long 2X Yellow', '2022-04-25 12:07:02'),
(818, 93, 19, 37, 'STCL2XRD', 60, 'Columbia Columbia Men Soft Shirt Long 2XL Red', '2022-04-25 12:07:15'),
(819, 93, 19, 36, 'STCLXLRD', 60, 'Columbia Columbia Men Soft Shirt Long XL Red', '2022-04-25 12:07:21'),
(820, 93, 19, 35, 'STCLLLRD', 59, 'Columbia Columbia Men Soft Shirt Long LL Red', '2022-04-25 12:07:26'),
(821, 93, 19, 34, 'STCLMMRD', 60, 'Columbia Columbia Men Soft Shirt Long MM Red', '2022-04-25 12:07:30'),
(822, 93, 19, 33, 'STCLSSRD', 60, 'Columbia Columbia Men Soft Shirt Long SS Red', '2022-04-25 12:07:37'),
(823, 93, 13, 33, 'STCLSSNY', 60, 'Columbia Columbia Men Soft Shirt Long S Navy', '2022-04-25 12:07:47'),
(824, 93, 13, 34, 'STCLMMNY', 60, 'Columbia Columbia Men Soft Shirt Long MM Navy', '2022-04-25 12:07:53'),
(825, 93, 13, 35, 'STCLLLNY', 60, 'Columbia Columbia Men Soft Shirt Long LL Navy', '2022-04-25 12:08:03'),
(826, 93, 13, 36, 'STCLXLNY', 60, 'Columbia Columbia Men Soft Shirt Long XL Navy', '2022-04-25 12:08:09'),
(827, 93, 13, 37, 'STCL2XNY', 60, 'Columbia Columbia Men Soft Shirt Long 2X Navy', '2022-04-25 12:08:20'),
(828, 93, 4, 37, 'STCL2XBR', 58, 'Columbia Columbia Men Soft Shirt Long 2XL Brown', '2022-04-25 12:08:31'),
(829, 93, 9, 38, 'STCL3XGY', 60, 'Columbia Columbia Men Soft Shirt Long 3XL Grey', '2022-04-25 12:08:50'),
(830, 93, 9, 35, 'STCLLLGY', 59, 'Columbia Columbia Men Soft Shirt Long LL Grey', '2022-04-25 12:08:58'),
(831, 93, 2, 35, 'STCLLLBL', 60, 'Columbia Columbia Men Soft Shirt Long L Black', '2022-04-25 12:09:10'),
(832, 93, 6, 33, 'STCLSSCH', 60, 'Columbia Columbia Men Soft Shirt Long SS Charcoal', '2022-04-25 12:09:23'),
(833, 93, 6, 35, 'STCLLLCH', 60, 'Columbia Columbia Men Soft Shirt Long LL Charcoal', '2022-04-25 12:09:31'),
(834, 93, 6, 32, 'STCLXSCH', 60, 'Columbia Columbia Men Soft Shirt Long XS Charcoal', '2022-04-25 12:09:40'),
(835, 94, 22, 38, 'STCS3XSB', 60, 'Columbia Columbia Men Soft Shirt Short 3X Sky Blue', '2022-04-25 12:12:24'),
(836, 94, 22, 37, 'STCS2XSB', 60, 'Columbia Columbia Men Soft Shirt Short 2X Sky Blue', '2022-04-25 12:12:34'),
(837, 94, 22, 36, 'STCSXLSB', 60, 'Columbia Columbia Men Soft Shirt Short XL Sky Blue', '2022-04-25 12:12:41'),
(838, 94, 22, 35, 'STCSLLSB', 60, 'Columbia Columbia Men Soft Shirt Short LL Sky Blue', '2022-04-25 12:12:46'),
(839, 94, 15, 38, 'STCS3XOR', 60, 'Columbia Columbia Men Soft Shirt Short 3X Orange', '2022-04-25 12:13:00'),
(840, 94, 2, 38, 'STCS3XBL', 60, 'Columbia Columbia Men Soft Shirt Short 3XL Black', '2022-04-25 12:13:10'),
(841, 94, 8, 38, 'STCS3XGN', 60, 'Columbia Columbia Men Soft Shirt Short 3XL Green', '2022-04-25 12:13:23'),
(842, 94, 8, 37, 'STCS2XGN', 60, 'Columbia Columbia Men Soft Shirt Short 2X Green', '2022-04-25 12:13:29'),
(843, 94, 8, 36, 'STCSXLGN', 60, 'Columbia Columbia Men Soft Shirt Short XL Green', '2022-04-25 12:13:35'),
(844, 94, 8, 35, 'STCSLLGN', 60, 'Columbia Columbia Men Soft Shirt Short LL Green', '2022-04-25 12:13:39'),
(845, 94, 23, 35, 'STCSLLWH', 60, 'Columbia Columbia Men Soft Shirt Short L White', '2022-04-25 12:13:55'),
(846, 94, 3, 35, 'STCSLLBU', 60, 'Columbia Columbia Men Soft Shirt Short L Blue', '2022-04-25 12:14:07'),
(847, 248, 27, 70, 'P110050', 1, 'CAT Shoes NA N/A', '2022-04-26 12:19:12'),
(848, 248, 27, 70, 'P110049', 2, 'CAT Shoes NA N/A', '2022-04-26 12:19:47'),
(849, 248, 27, 70, 'P110189X', 2, 'CAT Shoes NA N/A', '2022-04-26 12:20:48'),
(850, 248, 27, 70, 'P724426X', 2, 'CAT Shoes NA N/A', '2022-04-26 12:21:14'),
(851, 248, 27, 70, 'P724394X', 2, 'CAT Shoes NA N/A', '2022-04-26 12:21:50'),
(852, 248, 27, 70, 'P723508X', 2, 'CAT Shoes NA N/A', '2022-04-26 12:22:13'),
(853, 248, 27, 70, 'P724680X', 2, 'CAT Shoes NA N/A', '2022-04-26 12:22:31'),
(854, 248, 27, 70, 'P724439X', 2, 'CAT Shoes NA N/A', '2022-04-26 12:23:03'),
(855, 248, 27, 70, 'P724413X', 2, 'CAT Shoes NA N/A', '2022-04-26 12:23:15'),
(856, 248, 27, 70, 'P724664X', 2, 'CAT Shoes NA N/A', '2022-04-26 12:23:51'),
(857, 248, 27, 70, 'P723901X', 2, 'CAT Shoes NA N/A', '2022-04-26 12:24:40'),
(858, 248, 27, 70, 'P724679X', 2, 'CAT Shoes NA N/A', '2022-04-26 12:25:07'),
(859, 248, 27, 70, 'P724679X', 2, 'CAT Shoes NA N/A', '2022-04-26 12:25:07'),
(860, 248, 27, 70, 'P725025X', 2, 'CAT Shoes NA N/A', '2022-04-26 12:25:55'),
(861, 248, 27, 70, 'P725025X', 2, 'CAT Shoes NA N/A', '2022-04-26 12:25:55'),
(862, 248, 27, 70, 'P724758X', 2, 'CAT Shoes NA N/A', '2022-04-26 12:26:23'),
(863, 248, 27, 70, 'P723646X', 2, 'CAT Shoes NA N/A', '2022-04-26 12:26:55'),
(864, 248, 27, 70, 'P723646X', 2, 'CAT Shoes NA N/A', '2022-04-26 12:26:55'),
(865, 248, 27, 70, 'P724764X', 2, 'CAT Shoes NA N/A', '2022-04-26 12:27:20'),
(866, 248, 27, 70, 'P719565X', 2, 'CAT Shoes (Code Based) NA N/A', '2022-04-26 12:36:54'),
(867, 248, 27, 70, 'P723543X', 2, 'CAT Shoes (Code Based) NA N/A', '2022-04-26 12:37:53'),
(868, 248, 27, 70, 'P724670X', 2, 'CAT Shoes (Code Based) NA N/A', '2022-04-26 12:38:11'),
(869, 248, 27, 70, 'P724670X', 2, 'CAT Shoes (Code Based) NA N/A', '2022-04-26 12:38:11'),
(870, 248, 27, 70, 'P724805X', 2, 'CAT Shoes (Code Based) NA N/A', '2022-04-26 12:38:32'),
(871, 248, 27, 70, 'P724805X', 2, 'CAT Shoes (Code Based) NA N/A', '2022-04-26 12:38:32'),
(872, 248, 27, 70, 'P724414X', 2, 'CAT Shoes (Code Based) NA N/A', '2022-04-26 12:39:08'),
(873, 248, 27, 70, 'P724414X', 2, 'CAT Shoes (Code Based) NA N/A', '2022-04-26 12:39:08'),
(874, 248, 27, 70, 'P725024X', 2, 'CAT Shoes (Code Based) NA N/A', '2022-04-26 12:39:59'),
(875, 15, 10, 52, 'PTTW20KH', 1, '511 Taclite Pro Women Pants 20 Kakhi', '2022-04-27 08:17:12'),
(876, 96, 27, 70, 'BPMJ30NA', 5, 'Jack Wolfskin Moab Jam 30 Medic Kit N/A N/A', '2022-04-27 08:50:39'),
(877, 97, 27, 70, 'BPMJ24NA', 1, 'Jack Wolfskin Moab Jam 24 Medic Kit N/A N/A', '2022-04-27 08:51:22'),
(878, 98, 27, 70, 'BPMJ18NA', 5, 'Jack Wolfskin Moab Jam 18 Medic Kit N/A N/A', '2022-04-27 08:51:58'),
(879, 99, 27, 70, 'BPJM36NA', 1, 'Jack Wolfskin Mountaineer 36 N/A N/A', '2022-04-27 08:53:34'),
(880, 100, 27, 70, 'BPJHTX60', 1, 'Jack Wolfskin Highland TX 60 N/A N/A', '2022-04-27 08:55:01'),
(881, 100, 27, 70, 'BPJD70NA', 2, 'Jack Wolfskin Highland TX 60 N/A N/A', '2022-04-27 08:56:08'),
(882, 102, 27, 70, 'BPJV12NA', 80, 'Jack Wolfskin Velocity 12 NA N/A', '2022-04-27 08:57:38'),
(883, 103, 27, 70, 'BPCATBNA', 79, 'CAT Backpacks N/A N/A', '2022-04-27 08:59:49'),
(884, 103, 27, 70, 'BPCATRNA', 2, 'CAT Roller Backpacks NA N/A', '2022-04-27 09:03:38'),
(885, 104, 27, 70, 'BPDTFTNA', 1, 'Deuter Futura Backpack N/A N/A', '2022-04-27 09:06:23'),
(886, 105, 27, 70, 'BPDTFT42', 1, 'Other Brands Deuter Futura 42 N/A N/A', '2022-04-27 09:07:25'),
(887, 106, 27, 70, 'BPDTFT28', 2, 'Other Brands Deuter Futura 28 N/A N/A', '2022-04-27 09:08:00'),
(888, 107, 27, 70, 'BPDTFACL', 1, 'Deuter Air Contact Lite Backpark NA N/A', '2022-04-27 09:11:16'),
(889, 108, 27, 70, 'BPWFORNA', 1, 'Westfield Outdoor Roller bag N/A N/A', '2022-04-27 09:12:49'),
(890, 109, 27, 70, 'BP511R72', 1, '511 Rush 72 NA N/A', '2022-04-27 09:16:59'),
(891, 110, 27, 70, 'BP511R24', 2, '511 Rush 24 N/A N/A', '2022-04-27 09:17:43'),
(892, 111, 27, 70, 'BP511R12', 80, '511 Rush 12 N/A N/A', '2022-04-27 09:18:15'),
(893, 112, 27, 70, 'BP511AHN', 2, '511 All Harzard Nitro Backpark', '2022-04-27 09:19:36'),
(894, 113, 27, 70, 'BP511AHP', 2, '511 All Harzard Prime Backpark', '2022-04-27 09:21:10'),
(895, 114, 27, 70, 'BP511RDM', 80, '511 Rush Delivery Mike N/A N/A', '2022-04-27 09:23:43'),
(896, 115, 27, 70, 'BP511RDL', 1, '511 Rush Delivery Lima N/A N/A', '2022-04-27 09:24:39'),
(897, 116, 27, 70, 'BP511MDK', 89, '511 5.11 Medic Kit N/A N/A', '2022-04-27 09:26:07'),
(898, 117, 27, 70, 'ACNFSSBG', 80, 'North Face (Sling) Shoulder Bag N/A N/A', '2022-04-27 09:29:12'),
(899, 118, 27, 70, 'ACNFCSBB', 2, 'North Face Camera Bag(B) N/A N/A', '2022-04-27 09:30:46'),
(900, 119, 27, 70, 'ACNFCSBS', 89, 'North Face Camera Bag(S) N/A N/A', '2022-04-27 09:31:46'),
(901, 120, 27, 70, 'ACCATSBG', 4, 'CAT Shoulder Bags N/A N/A', '2022-04-27 09:33:19'),
(902, 121, 27, 70, 'ACOTHSBG', 1, 'Other Brands Other Shoulder Bags N/A N/A', '2022-04-27 09:34:04'),
(903, 50, 27, 70, 'ACNFWIBB', 89, 'North Face Waist Bags(B) NA N/A', '2022-04-27 09:41:52'),
(904, 51, 27, 70, 'ACNFWIBS', 89, 'North Face Waist Bags(S) N/A N/A', '2022-04-27 09:42:46'),
(905, 122, 27, 70, 'ACCATWIB', 80, 'CAT Waist Bags N/A N/A', '2022-04-27 09:43:38'),
(906, 123, 27, 70, 'ACDTWIBG', 5, 'Other Brands Deuter Waist Bags N/A N/A', '2022-04-27 09:44:41'),
(907, 124, 27, 70, 'ACJWWIBG', 4, 'Jackwolfeskin Waist Bags N/A N/A', '2022-04-27 09:45:31'),
(908, 125, 27, 70, 'ACSHOECP', 6, 'Other Brands In-Soles (shoe Carpet) NA N/A', '2022-04-27 09:49:18'),
(909, 126, 27, 70, 'ACNFMNBT', 80, 'North Face Money Belts NA N/A', '2022-04-27 09:52:52'),
(910, 127, 27, 70, 'EWOAKLEY', 88, 'Other Brands Oakley Glasses N/A N/A', '2022-04-27 09:54:21'),
(911, 128, 27, 70, 'EWVKOOLG', 80, 'Other Brands V-Kool Glasses N/A N/A', '2022-04-27 09:56:10'),
(912, 129, 27, 70, 'EWDSHENG', 3, 'Other Brands Dingsheng Glasses NA N/A', '2022-04-27 09:58:23'),
(913, 130, 27, 70, 'EWRAYBAN', 1, 'Other Brands Ray Ban N/A N/A', '2022-04-27 09:59:15'),
(914, 131, 19, 34, 'ACMSMMRD', 2, 'Other Brands M-Pact Gloves (Short) MM Red', '2022-04-27 10:04:10'),
(915, 131, 19, 35, 'ACMSLLRD', 2, 'Other Brands M-Pact Gloves (Short) LL Red', '2022-04-27 10:04:28'),
(916, 131, 19, 36, 'ACMSXLRD', 2, 'Other Brands M-Pact Gloves (Short) XL Red', '2022-04-27 10:04:54'),
(917, 131, 3, 36, 'ACMSXLBU', 2, 'Other Brands M-Pact Gloves (Short) XL Blue', '2022-04-27 10:05:20'),
(918, 131, 3, 35, 'ACMSLLBU', 2, 'Other Brands M-Pact Gloves (Short) LL Blue', '2022-04-27 10:05:35'),
(919, 131, 3, 34, 'ACMSMMBU', 2, 'Other Brands M-Pact Gloves (Short) MM Blue', '2022-04-27 10:05:52'),
(920, 131, 2, 34, 'ACMSMMBL', 90, 'Other Brands M-Pact Gloves (Short) m Black', '2022-04-27 10:07:18'),
(921, 131, 2, 35, 'ACMSLLBL', 2, 'Other Brands M-Pact Gloves (Short) LL Black', '2022-04-27 10:08:04'),
(922, 131, 2, 36, 'ACMSXLBL', 1, 'Other Brands M-Pact Gloves (Short) XL Black', '2022-04-27 10:08:22'),
(923, 132, 2, 36, 'ACMLXLBL', 2, 'Other Brands M-Pact Gloves (Long) XL Black', '2022-04-27 10:09:09'),
(924, 132, 2, 35, 'ACMLLLBL', 2, 'Other Brands M-Pact Gloves (Long) LL Black', '2022-04-27 10:09:27'),
(925, 132, 2, 34, 'ACMLMMBL', 2, 'Other Brands M-Pact Gloves (Long) MM Black', '2022-04-27 10:09:45'),
(926, 132, 8, 35, 'ACMLLLGN', 2, 'Other Brands M-Pact Gloves (Long) LL Green', '2022-04-27 10:10:15'),
(927, 132, 8, 36, 'ACMLXLGN', 2, 'Other Brands M-Pact Gloves (Long) XL Green', '2022-04-27 10:11:03'),
(928, 132, 19, 34, 'ACMLMMRD', 2, 'Other Brands M-Pact Gloves (Long) MM Red', '2022-04-27 10:13:38'),
(929, 132, 19, 35, 'ACMLLLRD', 2, 'Other Brands M-Pact Gloves (Long) LL Red', '2022-04-27 10:13:57'),
(930, 132, 19, 36, 'ACMLXLRD', 2, 'Other Brands M-Pact Gloves (Long) XL Red', '2022-04-27 10:14:21'),
(931, 133, 27, 70, 'ACREMIGL', 1, 'Other Brands Remixon Gloves NA N/A', '2022-04-27 10:17:03'),
(932, 133, 27, 70, 'ACOTHEGL', 1, 'Other Brands Remixon Gloves NA N/A', '2022-04-27 10:17:46'),
(933, 62, 2, 34, 'ACOSMMBL', 80, 'Other Brands Oakly Gloves (short) MM Black', '2022-04-27 10:20:46'),
(934, 62, 2, 35, 'ACOSLLBL', 90, 'Other Brands Oakly Gloves (short) LL Black', '2022-04-27 10:21:08'),
(935, 62, 2, 36, 'ACOSXLBL', 1, 'Other Brands Oakly Gloves (short) XL Black', '2022-04-27 10:21:31'),
(936, 62, 8, 36, 'ACOSXLGN', 1, 'Other Brands Oakly Gloves (short) XL Green', '2022-04-27 10:21:57'),
(937, 62, 8, 35, 'ACOSLLGN', 2, 'Other Brands Oakly Gloves (short) LL Green', '2022-04-27 10:22:29'),
(938, 62, 8, 34, 'ACOSMMGN', 2, 'Other Brands Oakly Gloves (short) MM Green', '2022-04-27 10:22:49'),
(939, 63, 8, 34, 'ACOLMMGN', 2, 'Other Brands Oakly Gloves (long) M Green', '2022-04-27 10:23:26'),
(940, 63, 8, 35, 'ACOLLLGN', 2, 'Other Brands Oakly Gloves (long) LL Green', '2022-04-27 10:23:46'),
(941, 63, 8, 36, 'ACOLXLGN', 3, 'Other Brands Oakly Gloves (long) XL Green', '2022-04-27 10:24:13'),
(942, 63, 2, 36, 'ACOLXLBL', 3, 'Other Brands Oakly Gloves (long) XL Black', '2022-04-27 10:24:42'),
(943, 63, 2, 35, 'ACOLLLBL', 3, 'Other Brands Oakly Gloves (long) LL Black', '2022-04-27 10:24:55'),
(944, 63, 2, 34, 'ACOLMMBL', 3, 'Other Brands Oakly Gloves (long) MM Black', '2022-04-27 10:25:15'),
(945, 136, 27, 70, 'AC511HBB', 12, '5.11 Hard Buckle NA N/A', '2022-04-27 10:38:14'),
(946, 137, 27, 70, 'AC511TDB', 80, '5.11 TDU Belts N/A N/A', '2022-04-27 10:39:12'),
(947, 138, 27, 70, 'ACTACTBT', 84, '511 Tactical Belt N/A N/A', '2022-04-27 10:41:47'),
(948, 139, 27, 70, 'ACLEATBT', 79, '511 Leather Belts N/A N/A', '2022-04-27 10:42:57'),
(949, 140, 27, 70, 'ACLUGGBT', 7, '511 Luggage Belts N/A N/A', '2022-04-27 10:43:33'),
(950, 141, 27, 70, 'ACLUGGPD', 4, 'Other Brands Luggage Padlocks N/A N/A', '2022-04-27 10:44:37'),
(951, 142, 27, 70, 'ACFLAGPC', 78, 'Other Brands Flag Patches N/A N/A', '2022-04-27 10:46:07'),
(952, 143, 27, 70, 'ACFLAGSK', 79, 'Other Brands Flag Stickers N/A N/A', '2022-04-27 10:46:38'),
(953, 61, 27, 70, 'HTSUCLNA', 78, 'Columbia Sun Hat N/A N/A', '2022-04-27 10:55:07'),
(954, 64, 27, 70, 'HTSUNFNA', 80, 'North Face Sunhats N/A N/A', '2022-04-27 10:56:07'),
(955, 65, 27, 70, 'HTSUTACT', 80, 'Other Brands Tactical Sunhats N/A N/A', '2022-04-27 10:56:56'),
(956, 66, 27, 70, 'HTOBBACK', 80, 'Other Brands Bucket Hats N/A N/A', '2022-04-27 10:58:13'),
(957, 67, 27, 70, 'HTOBNONB', 79, 'Other Brands Non Branded Hats N/A N/A', '2022-04-27 10:58:43'),
(958, 145, 27, 70, 'ACSOCSSK', 76, 'CAT Socks (Short) N/A N/A', '2022-04-27 11:00:35'),
(959, 144, 27, 70, 'ACSOCLSK', 3796, 'CAT Socks (Long) N/A N/A', '2022-04-27 11:01:47'),
(960, 146, 27, 70, 'AC511WAL', 3, '5.11 Wallets N/A N/A', '2022-04-27 11:03:43'),
(961, 147, 27, 70, 'ACCATWAL', 3, 'CAT Wallets N/A N/A', '2022-04-27 11:04:23'),
(962, 148, 27, 70, 'ACLEAWAL', 80, 'Other Brands Leather Wallets N/A N/A', '2022-04-27 11:04:57'),
(963, 149, 27, 70, 'ACPSHDBG', 79, 'Other Brands Passport Holders (B) N/A N/A', '2022-04-27 11:07:38'),
(964, 150, 27, 70, 'ACPSHDBL', 80, 'Other Brands Passport Holders (S) N/A N/A', '2022-04-27 11:08:46'),
(965, 151, 27, 70, 'ACCATSUI', 80, 'CAT Suitcases N/A N/A', '2022-04-27 11:10:18'),
(966, 152, 27, 70, 'ACPAJSUI', 80, 'Other Brands ParaJohn Suitcases N/A N/A', '2022-04-27 11:11:07'),
(967, 153, 27, 70, 'ACPAJTOW', 7, 'Other Brands ParaJohn Towels NA N/A', '2022-04-27 11:12:58'),
(968, 155, 27, 70, 'ACSHOELA', 80, 'Other Brands Shoe Lances N/A N/A', '2022-04-27 11:14:55'),
(969, 156, 27, 70, 'AC511BTP', 1, '5.11 Bottle Pulch N/A N/A', '2022-04-27 11:16:14'),
(970, 157, 27, 70, 'ACOTHBTP', 1, 'Other Brands Bottle Pulch N/A N/A', '2022-04-27 11:17:39'),
(971, 158, 27, 70, 'ACCATCCM', 1, 'CAT Car Carger (Micro) N/A N/A', '2022-04-27 11:20:27'),
(972, 159, 27, 70, 'ACCATPHO', 2, 'CAT Phone (B26) N/A N/A', '2022-04-27 11:21:05'),
(973, 160, 27, 70, 'ACTCHSON', 8, 'Other Brands Sonada Torches N/A N/A', '2022-04-27 11:24:58'),
(974, 161, 27, 70, 'ACTCHGHS', 80, 'Other Brands GHS Torches N/A N/A', '2022-04-27 11:25:35'),
(975, 162, 27, 70, 'ACTCHPOL', 1, 'Other Brands Police Torches N/A N/A', '2022-04-27 11:26:13'),
(976, 163, 27, 70, 'ACTCHOTH', 2, 'Other Brands Torches N/A N/A', '2022-04-27 11:26:40'),
(977, 164, 27, 70, 'ACPBTHUR', 1, 'Other Brands Thuraya Power Banks NA N/A', '2022-04-27 11:29:32'),
(978, 165, 27, 70, 'ACPBHUAW', 1, 'Other Brands Huawei N/A N/A', '2022-04-27 11:30:01'),
(979, 167, 27, 70, 'ACPRCDWC', 6, 'Other Brands Paracode With Compass NA N/A', '2022-04-27 11:33:05'),
(980, 168, 27, 70, 'ACPRCWOC', 11, 'Other Brands Paracode Without Compass N/A N/A', '2022-04-27 11:33:31'),
(981, 169, 27, 70, 'ACWBAVEX', 9, 'Other Brands Avex Water Bottles N/A N/A', '2022-04-27 11:35:41'),
(982, 169, 27, 70, 'ACWBAVEX', 9, 'Other Brands Avex Water Bottles N/A N/A', '2022-04-27 11:35:41'),
(983, 170, 27, 70, 'ACWBREEB', 2, 'Other Brands Reebok Water Bottles N/A N/A', '2022-04-27 11:36:18'),
(984, 171, 27, 70, 'ACWBOTHE', 2, 'Other Brands Other Water Bottles N/A N/A', '2022-04-27 11:36:55'),
(985, 172, 27, 70, 'ACTFCSBG', 1, 'Other Brands Travel Flasks (B) N/A N/A', '2022-04-27 11:40:48'),
(986, 173, 27, 70, 'ACTFCSSL', 2, 'Other Brands Travel Flasks (S) N/A N/A', '2022-04-27 11:41:40'),
(987, 174, 27, 70, 'ACHLXBLA', 1, 'Other Brands X-Blaze Headlamps NA N/A', '2022-04-27 11:43:42'),
(988, 175, 27, 70, 'ACHLFOCU', 2, 'Other Brands Focus Headlamps N/A N/A', '2022-04-27 11:44:06'),
(989, 176, 27, 70, 'ACCATACH', 80, 'CAT ATM Card Holders N/A N/A', '2022-04-27 12:03:48'),
(990, 177, 27, 70, 'ACIDHOLD', 15, 'Other Brands ID Holders N/A N/A', '2022-04-27 12:04:25'),
(991, 178, 27, 70, 'ACCASHCR', 3, 'Other Brands Cash Carriers N/A N/A', '2022-04-27 12:05:13'),
(992, 179, 27, 70, 'ACKEYHOL', 18, 'Other Brands Key Holders N/A N/A', '2022-04-27 12:06:03'),
(993, 180, 27, 70, 'ACSWISSC', 1, 'Other Brands Swiss Card (Victorianox) N/A N/A', '2022-04-27 12:06:43'),
(994, 181, 27, 70, 'ACSWISSK', 80, 'Other Brands Swiss Knife N/A N/A', '2022-04-27 12:07:22'),
(995, 182, 27, 70, 'ACSWISST', 1, 'Other Brands Swiss Tool (victorinox) N/A N/A', '2022-04-27 12:07:39'),
(996, 183, 27, 70, 'ACPICTOL', 5, 'Other Brands Picnic Tool (set) N/A N/A', '2022-04-27 12:08:12'),
(997, 184, 27, 70, 'ACTRLSLP', 3, 'Other Brands Travel Selection Packs N/A N/A', '2022-04-27 12:08:51'),
(998, 185, 27, 70, 'ACWEISCA', 4, 'Other Brands Weighing Scales N/A N/A', '2022-04-27 12:09:21'),
(999, 186, 27, 70, 'ACGLSBRK', 1, 'Other Brands Glass Breaker N/A N/A', '2022-04-27 12:10:05'),
(1000, 187, 27, 70, 'ACSPTARB', 80, 'Other Brands Sports Arm Bands N/A N/A', '2022-04-27 12:11:03'),
(1001, 188, 27, 70, 'ACWRTBND', 63, 'Other Brands Wrist Bands N/A N/A', '2022-04-27 12:11:47'),
(1002, 189, 27, 70, 'ACYOGMAT', 80, 'Other Brands Yoga Mats N/A N/A', '2022-04-27 12:12:20'),
(1003, 190, 27, 70, 'ACPJNEPI', 89, 'Other Brands ParaJohn Neck Pillows N/A N/A', '2022-04-27 12:13:02'),
(1004, 191, 27, 70, 'ACOBNEPI', 89, 'Other Brands Other Neck Pillows N/A N/A', '2022-04-27 12:13:28'),
(1005, 249, 27, 70, 'ACWRTSBD', 1, 'Other Brands Wrist Support Bands NA N/A', '2022-04-27 12:29:46'),
(1006, 192, 27, 70, 'ACPUFLIN', 2, 'Other Brands Puflins Writ Support Band N/A N/A', '2022-04-27 12:30:36'),
(1007, 193, 27, 70, 'ACROPESS', 3, 'Other Brands Ropes Wrist Support Band N/A N/A', '2022-04-27 12:31:27'),
(1008, 194, 27, 70, 'ACGILLET', 3, 'Other Brands Gillete Wrist Support Band N/A N/A', '2022-04-27 12:31:55'),
(1009, 195, 27, 70, 'ACLEATMI', 3, 'Leatherman Leatherman Tool Micra N/A N/A', '2022-04-27 12:32:26'),
(1010, 196, 27, 70, 'ACCUTTER', 1, 'Other Brands Cutter N/A N/A', '2022-04-27 12:32:56'),
(1011, 197, 27, 70, 'ACWHISTL', 1, 'Other Brands Whistle N/A N/A', '2022-04-27 12:33:24'),
(1012, 198, 27, 70, 'ACPJCACO', 30, 'ParaJohn Case Covers N/A N/A', '2022-04-27 12:34:19'),
(1013, 199, 27, 70, 'ACGDCACO', 1, 'Other Brands Golden Dollar N/A N/A', '2022-04-27 12:34:45'),
(1014, 200, 27, 70, 'ACBSCACO', 10, 'Other Brands Bag Stoppers N/A N/A', '2022-04-27 12:35:29'),
(1015, 201, 27, 70, 'ACBPFRAN', 2, 'Other Brands Ranger Perfumes N/A N/A', '2022-04-27 12:36:10'),
(1016, 202, 27, 70, 'ACBPFDBC', 1, 'Other Brands Diesel Comourflage Pefumes N/A N/A', '2022-04-27 12:37:15'),
(1018, 205, 27, 70, 'ACPFDLGW', 1, 'Other Brands Golden Pefumes White N/A N/A', '2022-04-27 12:39:58'),
(1020, 204, 27, 70, 'ACPFDLGB', 1, 'Other Brands Golden Pefumes (B) N/A N/A', '2022-04-27 12:41:09'),
(1021, 203, 27, 70, 'ACPFDLGS', 1, 'Other Brands Golden Pefumes (S) N/A N/A', '2022-04-27 12:41:29'),
(1022, 206, 27, 70, 'ACWTNAFC', 2, 'Other Brands Naviforce Watches N/A N/A', '2022-04-27 12:42:17'),
(1023, 207, 27, 70, 'ACFLGUSA', 508, 'Other Brands USA Flags N/A N/A', '2022-04-27 12:42:42'),
(1024, 208, 27, 70, 'ACCAMPSW', 2, 'Other Brands Camp Shower N/A N/A', '2022-04-27 12:43:14'),
(1025, 209, 27, 70, 'ACCAMPTT', 3, 'Other Brands Camping Tents N/A N/A', '2022-04-27 12:43:41'),
(1607, 16, 4, 36, 'PTEDXLBR', 5, '511 ESDY Pants XL Brown', '2022-05-04 05:38:55'),
(1608, 16, 4, 37, 'PTED2XBR', 5, '511 ESDY Pants 2X Brown', '2022-05-04 05:39:14'),
(1609, 16, 4, 38, 'PTED3XBR', 5, '511 ESDY Pants 3X Brown', '2022-05-04 05:39:21'),
(1610, 16, 8, 38, 'PTED3XGN', 5, '511 ESDY Pants 3XL Green', '2022-05-04 05:39:31'),
(1611, 16, 8, 37, 'PTED2XGN', 5, '511 ESDY Pants 2X Green', '2022-05-04 05:39:38'),
(1612, 16, 8, 36, 'PTEDXLGN', 5, '511 ESDY Pants XL Green', '2022-05-04 05:39:46'),
(1613, 16, 9, 35, 'PTEDLLGY', 5, '511 ESDY Pants LL Grey', '2022-05-04 05:40:03'),
(1614, 16, 9, 38, 'PTED3XGY', 5, '511 ESDY Pants 3X Grey', '2022-05-04 05:40:11'),
(1689, 291, 27, 70, 'BPJHRK12', 90, 'Jack Wolfskin Jackwolfeskin Ham Rock 12 NA N/A', '2022-05-04 09:26:10'),
(1690, 292, 27, 70, 'ACPBOTHR', 10, 'Other Brands Other Powerbanks NA N/A', '2022-05-04 09:29:31'),
(1691, 22, 8, 36, 'SHNFXLGN', 90, 'North Face North Face Shorts XL Green', '2022-05-04 09:31:43'),
(1692, 22, 2, 33, 'SHNFSSBL', 10, 'North Face North Face Shorts SS Black', '2022-05-04 09:32:07'),
(1693, 22, 9, 33, 'SHNFSSGY', 10, 'North Face North Face Shorts S Grey', '2022-05-04 09:32:22'),
(1694, 263, 27, 33, 'TSRWNFSS', 80, 'North Face North Face Roundneck Women T-Shirts SS N/A', '2022-05-04 09:37:53'),
(1695, 263, 27, 34, 'TSRWNFMM', 12, 'North Face North Face Roundneck Women T-Shirts MM N/A', '2022-05-04 09:38:24'),
(1696, 263, 27, 35, 'TSRWNFLL', 12, 'North Face North Face Roundneck Women T-Shirts LL N/A', '2022-05-04 09:38:36'),
(1697, 263, 27, 36, 'TSRWNFXL', 79, 'North Face North Face Roundneck Women T-Shirts XL N/A', '2022-05-04 09:38:49'),
(1698, 263, 27, 37, 'TSRWNF2X', 12, 'North Face North Face Roundneck Women T-Shirts 2X N/A', '2022-05-04 09:39:04'),
(1699, 261, 27, 37, 'TSRMUA2X', 80, 'Under Armour Under Armour Roundneck T-Shirts 2XL N/A', '2022-05-04 09:40:35'),
(1700, 261, 27, 38, 'TSRMUA3X', 119, 'Under Armour Under Armour Roundneck T-Shirts 3X N/A', '2022-05-04 09:40:49'),
(1701, 261, 27, 36, 'TSRMUAXL', 120, 'Under Armour Under Armour Roundneck T-Shirts XL N/A', '2022-05-04 09:41:27'),
(1702, 261, 27, 35, 'TSRMUALL', 19, 'Under Armour Under Armour Roundneck T-Shirts LL N/A', '2022-05-04 09:42:00'),
(1703, 261, 27, 34, 'TSRMUAMM', 19, 'Under Armour Under Armour Roundneck T-Shirts MM N/A', '2022-05-04 09:42:21'),
(1704, 261, 27, 34, 'TSRMUAMM', 79, 'Under Armour Under Armour Roundneck T-Shirts MM N/A', '2022-05-04 09:42:21'),
(1705, 293, 27, 33, 'TSRWNKSS', 20, 'Nike Nike Women Roundneck T-Shirts NA N/A', '2022-05-04 09:46:41'),
(1706, 293, 27, 34, 'TSRWNKMM', 80, 'Nike Nike Women Roundneck T-Shirts MM N/A', '2022-05-04 09:47:18'),
(1707, 293, 27, 35, 'TSRWNKLL', 19, 'Nike Nike Women Roundneck T-Shirts LL N/A', '2022-05-04 09:47:31'),
(1708, 293, 27, 36, 'TSRWNKXL', 20, 'Nike Nike Women Roundneck T-Shirts XL N/A', '2022-05-04 09:47:52'),
(1709, 293, 27, 37, 'TSRWNK2X', 20, 'Nike Nike Women Roundneck T-Shirts 2X N/A', '2022-05-04 09:48:11'),
(1710, 293, 27, 37, 'TSRWNK3X', 30, 'Nike Nike Women Roundneck T-Shirts 2X N/A', '2022-05-04 09:48:26'),
(1711, 293, 27, 37, 'TSRWNK3X', 30, 'Nike Nike Women Roundneck T-Shirts 2X N/A', '2022-05-04 09:48:26'),
(1712, 294, 27, 33, 'TSRWCLSS', 30, 'Columbia Columbia Women Roundneck T-Shirts SS N/A', '2022-05-04 09:50:49'),
(1713, 294, 27, 34, 'TSRWCLMM', 80, 'Columbia Columbia Women Roundneck T-Shirts MM N/A', '2022-05-04 09:51:02'),
(1714, 294, 27, 36, 'TSRWCLXL', 30, 'Columbia Columbia Women Roundneck T-Shirts XL N/A', '2022-05-04 09:51:25'),
(1715, 294, 27, 37, 'TSRWCL2X', 30, 'Columbia Columbia Women Roundneck T-Shirts 2X N/A', '2022-05-04 09:51:52'),
(1716, 264, 27, 37, 'TSRWUA2X', 80, 'Under Armour Under Amour Roundneck Women T-Shirts 2XL N/A', '2022-05-04 09:53:46'),
(1717, 264, 27, 36, 'TSRWUAXL', 30, 'Under Armour Under Amour Roundneck Women T-Shirts XL N/A', '2022-05-04 09:53:59'),
(1718, 264, 27, 36, 'TSRWUALL', 30, 'Under Armour Under Amour Roundneck Women T-Shirts XL N/A', '2022-05-04 09:54:08'),
(1719, 264, 27, 33, 'TSRWUASS', 80, 'Under Armour Under Amour Roundneck Women T-Shirts SS N/A', '2022-05-04 09:55:22'),
(1720, 264, 27, 34, 'TSRWUAMM', 30, 'Under Armour Under Amour Roundneck Women T-Shirts MM N/A', '2022-05-04 09:55:41'),
(1721, 19, 3, 35, 'SHUALLBU', 80, 'Under Armour Under Armour Soft Shorts L Blue', '2022-05-04 10:00:17'),
(1722, 19, 2, 35, 'SHSULLBL', 80, 'Under Armour Under Armour Soft Shorts L Black', '2022-05-04 10:03:58'),
(1723, 2, 10, 3, 'PTTD30KH', 80, '511 5.11 TDU Pants 30 Kakhi', '2022-05-04 10:06:37'),
(1724, 5, 26, 15, 'PTTM42CY', 90, '511 Taclite Pro Pants 42 Coyote', '2022-05-04 10:08:20'),
(1725, 75, 3, 7, 'PTGN34BU', 80, 'Other Brands Jean Pants 34 Blue', '2022-05-04 10:13:57'),
(1726, 296, 27, 70, 'ASPD', 199, 'Other Brands Asorted Product N/A N/A', '2022-05-04 10:25:01'),
(1727, 298, 10, 36, 'STCSXLKH', 80, 'Other Brands Tactical Shirt Short  XL Kakhi', '2022-05-04 10:32:08'),
(1728, 298, 8, 35, 'STTSLLGN', 80, 'Other Brands Tactical Shirt Short  LL Green', '2022-05-04 10:36:56'),
(1729, 298, 8, 37, 'STTS2XGN', 5, 'Other Brands Tactical Shirt Short  2X Green', '2022-05-04 10:37:11'),
(1730, 298, 8, 36, 'STTSXLGN', 5, 'Other Brands Tactical Shirt Short  XL Green', '2022-05-04 10:37:26'),
(1731, 298, 10, 33, 'STTSSSKH', 5, 'Other Brands Tactical Shirt Short  SS Kakhi', '2022-05-04 10:38:50'),
(1732, 298, 10, 34, 'STTSMMKH', 5, 'Other Brands Tactical Shirt Short  MM Kakhi', '2022-05-04 10:39:00'),
(1733, 298, 10, 35, 'STTSLLKH', 5, 'Other Brands Tactical Shirt Short  LL Kakhi', '2022-05-04 10:39:07'),
(1734, 298, 10, 36, 'STTSXLKH', 80, 'Other Brands Tactical Shirt Short  XL Kakhi', '2022-05-04 10:39:16'),
(1735, 298, 10, 37, 'STTS2XKH', 5, 'Other Brands Tactical Shirt Short  2X Kakhi', '2022-05-04 10:39:29'),
(1736, 298, 10, 38, 'STTS3XKH', 5, 'Other Brands Tactical Shirt Short  3X Kakhi', '2022-05-04 10:39:36'),
(1737, 26, 2, 9, 'SHST36BL', 80, '511 Stryke Shorts 36 Black', '2022-05-04 10:46:16'),
(1738, 20, 8, 5, 'SHCU32GN', 80, 'Under Armour Under Armour Casual Shorts 32 Green', '2022-05-04 11:06:19'),
(1739, 293, 27, 33, 'TSRMNKSS', 80, 'Nike Nike Women Roundneck T-Shirts SS N/A', '2022-05-04 13:27:53'),
(1740, 293, 27, 34, 'TSRMNKMM', 80, 'Nike Nike Women Roundneck T-Shirts MM N/A', '2022-05-04 13:28:24'),
(1741, 293, 27, 35, 'TSRMNKLL', 80, 'Nike Nike Women Roundneck T-Shirts LL N/A', '2022-05-04 13:28:42'),
(1742, 293, 27, 36, 'TSRMNKXL', 80, 'Nike Nike Women Roundneck T-Shirts XL N/A', '2022-05-04 13:29:03'),
(1743, 293, 27, 37, 'TSRMNK2X', 80, 'Nike Nike Women Roundneck T-Shirts 2X N/A', '2022-05-04 13:29:20'),
(1744, 293, 27, 38, 'TSRMNK3X', 80, 'Nike Nike Women Roundneck T-Shirts 3X N/A', '2022-05-04 13:29:37'),
(1745, 293, 27, 39, 'TSRWNK4X', 80, 'Nike Nike Women Roundneck T-Shirts 4X N/A', '2022-05-04 13:29:53'),
(1746, 258, 27, 33, 'TSPWNKSS', 80, 'Nike Nike Men Polos SS N/A', '2022-05-04 13:34:43'),
(1747, 258, 27, 34, 'TSPWNKMM', 80, 'Nike Nike Men Polos MM N/A', '2022-05-04 13:35:50'),
(1748, 258, 27, 35, 'TSPWNKLL', 80, 'Nike Nike Men Polos LL N/A', '2022-05-04 13:36:06'),
(1749, 258, 27, 36, 'TSPWNKXL', 80, 'Nike Nike Men Polos XL N/A', '2022-05-04 13:38:01'),
(1750, 301, 27, 37, 'TSPMNK2X', 80, 'Nike Nike Men Polos 2X N/A', '2022-05-04 13:38:18'),
(1751, 258, 27, 38, 'TSPWNK3X', 80, 'Nike Nike Men Polos 3X N/A', '2022-05-04 13:38:49'),
(1752, 75, 3, 6, 'PTGN33BU', 80, 'Other Brands Jean Pants 33 Blue', '2022-05-04 13:48:14'),
(1753, 75, 3, 10, 'PTGN38BU', 80, 'Other Brands Jean Pants 38 Blue', '2022-05-04 13:48:33'),
(1754, 75, 2, 11, 'PTGN40BL', 80, 'Other Brands Jean Pants 40 Black', '2022-05-04 13:49:50'),
(1755, 75, 2, 10, 'PTGN38BL', 80, 'Other Brands Jean Pants 38 Black', '2022-05-04 13:50:26'),
(1756, 75, 2, 6, 'PTGN33BL', 80, 'Other Brands Jean Pants 33 Black', '2022-05-04 13:50:59'),
(1757, 60, 27, 33, 'TSRMNKSS', 80, 'Nike Nike Roundneck T-Shirts SS N/A', '2022-05-04 13:55:48'),
(1758, 60, 27, 33, 'TSRMNKSS', 80, 'Nike Nike Roundneck T-Shirts undefined N/A', '2022-05-04 13:58:59'),
(1759, 60, 27, 34, 'TSRMNKMM', 80, 'Nike Nike Roundneck T-Shirts MM N/A', '2022-05-04 13:59:15'),
(1760, 60, 27, 35, 'TSRMNKLL', 80, 'Nike Nike Roundneck T-Shirts LL N/A', '2022-05-04 13:59:33'),
(1761, 60, 27, 36, 'TSRMNKXL', 80, 'Nike Nike Roundneck T-Shirts XL N/A', '2022-05-04 13:59:53'),
(1762, 60, 27, 37, 'TSRMNK2X', 80, 'Nike Nike Roundneck T-Shirts 2X N/A', '2022-05-04 14:00:16'),
(1763, 60, 27, 38, 'TSRMNK3X', 80, 'Nike Nike Roundneck T-Shirts 3X N/A', '2022-05-04 14:00:35'),
(1764, 303, 27, 33, 'TSPWUASS', 80, 'Under Armour Under Amour Polo Women T-Shirts SS N/A', '2022-05-04 14:15:50'),
(1765, 303, 27, 34, 'TSPWUAMM', 80, 'Under Armour Under Amour Polo Women T-Shirts MM N/A', '2022-05-04 14:16:06'),
(1766, 303, 27, 35, 'TSPWUALL', 80, 'Under Armour Under Amour Polo Women T-Shirts LL N/A', '2022-05-04 14:16:30'),
(1767, 303, 27, 36, 'TSPWUAXL', 80, 'Under Armour Under Amour Polo Women T-Shirts XL N/A', '2022-05-04 14:16:50'),
(1768, 303, 27, 37, 'TSPWUA2X', 80, 'Under Armour Under Amour Polo Women T-Shirts 2X N/A', '2022-05-04 14:17:10'),
(1769, 294, 27, 37, 'TSPWCL2X', 80, 'Columbia Columbia Women Roundneck T-Shirts 2XL N/A', '2022-05-04 14:19:32'),
(1770, 294, 27, 36, 'TSPWCLXL', 80, 'Columbia Columbia Women Roundneck T-Shirts XL N/A', '2022-05-04 14:19:58'),
(1771, 294, 27, 35, 'TSPWCLLL', 80, 'Columbia Columbia Women Roundneck T-Shirts LL N/A', '2022-05-04 14:20:37'),
(1772, 294, 27, 34, 'TSPWCLMM', 80, 'Columbia Columbia Women Roundneck T-Shirts MM N/A', '2022-05-04 14:20:53'),
(1773, 294, 27, 33, 'TSPWCLSS', 80, 'Columbia Columbia Women Roundneck T-Shirts SS N/A', '2022-05-04 14:21:11'),
(1774, 294, 27, 39, 'TSPWCL4X', 80, 'Columbia Columbia Women Roundneck T-Shirts 4X N/A', '2022-05-04 14:21:43'),
(1775, 294, 27, 38, 'TSPWCL3X', 80, 'Columbia Columbia Women Roundneck T-Shirts 3X N/A', '2022-05-04 14:22:02'),
(1776, 259, 27, 33, 'TSRMNFSS', 60, 'North Face North Face Roundneck T-Shirts SS N/A', '2022-05-05 04:51:53'),
(1777, 259, 27, 34, 'TSRMNFMM', 79, 'North Face North Face Roundneck T-Shirts MM N/A', '2022-05-05 04:52:23'),
(1778, 259, 27, 35, 'TSRMNFLL', 78, 'North Face North Face Roundneck T-Shirts LL N/A', '2022-05-05 04:52:49'),
(1779, 259, 27, 36, 'TSRMNFXL', 80, 'North Face North Face Roundneck T-Shirts XL N/A', '2022-05-05 04:53:09'),
(1780, 259, 27, 37, 'TSRMNF2X', 80, 'North Face North Face Roundneck T-Shirts 2X N/A', '2022-05-05 04:53:25'),
(1781, 259, 27, 38, 'TSRMNF3X', 80, 'North Face North Face Roundneck T-Shirts 3X N/A', '2022-05-05 04:53:38'),
(1782, 259, 27, 39, 'TSRMNF4X', 100, 'North Face North Face Roundneck T-Shirts 4X N/A', '2022-05-05 04:53:59'),
(1783, 253, 27, 39, 'TSPMNF4X', 100, 'North Face North Face Shortsleeved Polos 4XL N/A', '2022-05-05 04:54:47'),
(1784, 253, 27, 38, 'TSPMNF3X', 80, 'North Face North Face Shortsleeved Polos 3X N/A', '2022-05-05 04:55:01'),
(1785, 253, 27, 37, 'TSPMNF2X', 80, 'North Face North Face Shortsleeved Polos 2X N/A', '2022-05-05 04:55:17'),
(1786, 253, 27, 36, 'TSPMNFXL', 100, 'North Face North Face Shortsleeved Polos XL N/A', '2022-05-05 04:55:33'),
(1787, 253, 27, 35, 'TSPMNFLL', 100, 'North Face North Face Shortsleeved Polos LL N/A', '2022-05-05 04:55:47'),
(1788, 253, 27, 34, 'TSPMNFMM', 79, 'North Face North Face Shortsleeved Polos MM N/A', '2022-05-05 04:56:00'),
(1789, 253, 27, 33, 'TSPMNFSS', 100, 'North Face North Face Shortsleeved Polos SS N/A', '2022-05-05 04:56:16'),
(1790, 261, 27, 33, 'TSRMUASS', 100, 'Under Armour Under Armour Roundneck T-Shirts S N/A', '2022-05-05 04:57:05'),
(1791, 261, 27, 34, 'TSRMUAMM', 100, 'Under Armour Under Armour Roundneck T-Shirts MM N/A', '2022-05-05 04:58:44'),
(1792, 261, 27, 35, 'TSRMUALL', 80, 'Under Armour Under Armour Roundneck T-Shirts LL N/A', '2022-05-05 04:59:08'),
(1793, 261, 27, 39, 'TSRMUA4X', 100, 'Under Armour Under Armour Roundneck T-Shirts 4X N/A', '2022-05-05 05:07:20'),
(1794, 306, 27, 33, 'TSPMUASS', 100, 'Under Armour Under Armour Shortsleeve Polos SS N/A', '2022-05-05 05:16:10'),
(1795, 306, 27, 34, 'TSPMUAMM', 19, 'Under Armour Under Armour Shortsleeve Polos MM N/A', '2022-05-05 05:16:36'),
(1796, 306, 27, 35, 'TSPMUALL', 78, 'Under Armour Under Armour Shortsleeve Polos LL N/A', '2022-05-05 05:16:49'),
(1797, 306, 27, 36, 'TSPMUAXL', 78, 'Under Armour Under Armour Shortsleeve Polos XL N/A', '2022-05-05 05:17:04'),
(1798, 306, 27, 37, 'TSPMUA2X', 80, 'Under Armour Under Armour Shortsleeve Polos 2X N/A', '2022-05-05 05:17:26'),
(1799, 306, 27, 38, 'TSPMUA3X', 80, 'Under Armour Under Armour Shortsleeve Polos 3X N/A', '2022-05-05 05:17:42'),
(1800, 306, 27, 39, 'TSPMUA4X', 100, 'Under Armour Under Armour Shortsleeve Polos 4X N/A', '2022-05-05 05:17:58'),
(1801, 307, 27, 33, 'TSUSAPSS', 50, 'Other Brands Apollo Undershirt SS N/A', '2022-05-05 05:24:43'),
(1802, 307, 27, 34, 'TSUSAPMM', 50, 'Other Brands Apollo Undershirt MM N/A', '2022-05-05 05:25:04'),
(1803, 307, 27, 35, 'TSUSAPLL', 50, 'Other Brands Apollo Undershirt LL N/A', '2022-05-05 05:25:18'),
(1804, 307, 27, 36, 'TSUSAPXL', 50, 'Other Brands Apollo Undershirt XL N/A', '2022-05-05 05:25:32'),
(1805, 307, 27, 37, 'TSUSAP2X', 50, 'Other Brands Apollo Undershirt 2X N/A', '2022-05-05 05:25:54'),
(1806, 307, 27, 38, 'TSUSAP3X', 50, 'Other Brands Apollo Undershirt 3X N/A', '2022-05-05 05:26:06');
INSERT INTO `warehouseInventory_tb` (`inventory_id`, `product_id`, `colour_id`, `size_id`, `code`, `quantity`, `description`, `date`) VALUES
(1807, 307, 27, 39, 'TSUSAP4X', 50, 'Other Brands Apollo Undershirt 4X N/A', '2022-05-05 05:26:20'),
(1808, 309, 27, 33, 'TSRMADSS', 80, 'Addidas Adidas T-Shirts SS N/A', '2022-05-05 05:28:33'),
(1809, 309, 27, 34, 'TSRMADMM', 80, 'Addidas Adidas T-Shirts MM N/A', '2022-05-05 05:28:49'),
(1810, 309, 27, 35, 'TSRMADLL', 80, 'Addidas Adidas T-Shirts LL N/A', '2022-05-05 05:29:01'),
(1811, 309, 27, 36, 'TSRMADXL', 80, 'Addidas Adidas T-Shirts XL N/A', '2022-05-05 05:29:21'),
(1812, 309, 27, 37, 'TSRMAD2X', 80, 'Addidas Adidas T-Shirts 2X N/A', '2022-05-05 05:29:34'),
(1813, 309, 27, 38, 'TSRMAD3X', 80, 'Addidas Adidas T-Shirts 3X N/A', '2022-05-05 05:29:47'),
(1814, 309, 27, 39, 'TSRMAD4X', 80, 'Addidas Adidas T-Shirts 4X N/A', '2022-05-05 05:30:04'),
(1815, 60, 27, 39, 'TSRMNK4X', 80, 'Nike Nike Roundneck T-Shirts 4XL N/A', '2022-05-05 05:36:03'),
(1816, 257, 27, 39, 'TSPMNK4X', 80, 'Nike Nike Men  Shortsleeved Polos 4X N/A', '2022-05-05 05:43:42'),
(1817, 257, 27, 38, 'TSPMNK3X', 80, 'Nike Nike Men  Shortsleeved Polos 3X N/A', '2022-05-05 05:44:48'),
(1818, 257, 27, 36, 'TSPMNKXL', 80, 'Nike Nike Men  Shortsleeved Polos XL N/A', '2022-05-05 05:46:17'),
(1819, 257, 27, 34, 'TSPMNKMM', 80, 'Nike Nike Men  Shortsleeved Polos MM N/A', '2022-05-05 05:48:06'),
(1820, 257, 27, 35, 'TSPMNKLL', 80, 'Nike Nike Men  Shortsleeved Polos LL N/A', '2022-05-05 05:48:48'),
(1821, 257, 27, 33, 'TSPMNKSS', 80, 'Nike Nike Men  Shortsleeved Polos SS N/A', '2022-05-05 05:49:35'),
(1822, 310, 27, 33, 'TSPMAPSS', 80, 'Other Brands Apollo Roundneck T-Shirts SS N/A', '2022-05-05 05:52:56'),
(1823, 310, 27, 34, 'TSPMAPMM', 79, 'Other Brands Apollo Roundneck T-Shirts MM N/A', '2022-05-05 05:53:15'),
(1824, 310, 27, 35, 'TSPMAPLL', 80, 'Other Brands Apollo Roundneck T-Shirts LL N/A', '2022-05-05 05:53:30'),
(1825, 310, 27, 36, 'TSPMAPXL', 80, 'Other Brands Apollo Roundneck T-Shirts XL N/A', '2022-05-05 05:53:51'),
(1826, 310, 27, 37, 'TSPMAP2X', 80, 'Other Brands Apollo Roundneck T-Shirts 2X N/A', '2022-05-05 05:54:06'),
(1827, 310, 27, 38, 'TSPMAP3X', 80, 'Other Brands Apollo Roundneck T-Shirts 3X N/A', '2022-05-05 05:54:25'),
(1828, 310, 27, 39, 'TSPMAP4X', 80, 'Other Brands Apollo Roundneck T-Shirts 4X N/A', '2022-05-05 05:54:40'),
(1829, 52, 27, 39, 'TSRMCL4X', 80, 'Columbia Columbia Roundneck T-Shirts 4XL N/A', '2022-05-05 05:56:02'),
(1830, 52, 27, 38, 'TSRMCL3X', 80, 'Columbia Columbia Roundneck T-Shirts 3X N/A', '2022-05-05 05:56:56'),
(1831, 52, 27, 37, 'TSRMCL2X', 80, 'Columbia Columbia Roundneck T-Shirts 2X N/A', '2022-05-05 05:57:14'),
(1832, 52, 27, 36, 'TSRMCLXL', 80, 'Columbia Columbia Roundneck T-Shirts XL N/A', '2022-05-05 05:57:34'),
(1833, 52, 27, 35, 'TSRMCLLL', 80, 'Columbia Columbia Roundneck T-Shirts LL N/A', '2022-05-05 05:57:50'),
(1834, 52, 27, 34, 'TSRMCLMM', 80, 'Columbia Columbia Roundneck T-Shirts MM N/A', '2022-05-05 05:58:11'),
(1835, 52, 27, 33, 'TSRMCLSS', 80, 'Columbia Columbia Roundneck T-Shirts SS N/A', '2022-05-05 05:58:32'),
(1836, 311, 27, 39, 'TSPMCL4X', 80, 'Columbia Columbia Polo T-Shirts 4X N/A', '2022-05-05 06:00:57'),
(1837, 311, 27, 38, 'TSPMCL3X', 80, 'Columbia Columbia Polo T-Shirts 3X N/A', '2022-05-05 06:01:23'),
(1838, 311, 27, 37, 'TSPMCL2X', 80, 'Columbia Columbia Polo T-Shirts 2X N/A', '2022-05-05 06:09:16'),
(1839, 311, 27, 36, 'TSPMCLXL', 79, 'Columbia Columbia Polo T-Shirts XL N/A', '2022-05-05 06:09:35'),
(1840, 311, 27, 35, 'TSPMCLLL', 80, 'Columbia Columbia Polo T-Shirts LL N/A', '2022-05-05 06:09:53'),
(1841, 311, 27, 34, 'TSPMCLMM', 79, 'Columbia Columbia Polo T-Shirts MM N/A', '2022-05-05 06:10:14'),
(1842, 311, 27, 33, 'TSPMCLSS', 80, 'Columbia Columbia Polo T-Shirts SS N/A', '2022-05-05 06:10:33'),
(1843, 255, 27, 33, 'TSPM51SS', 80, '511 5.11 Shortsleeved Polos S N/A', '2022-05-05 06:11:36'),
(1844, 255, 27, 34, 'TSPM51MM', 80, '511 5.11 Shortsleeved Polos MM N/A', '2022-05-05 06:11:54'),
(1845, 255, 27, 35, 'TSPM51LL', 79, '511 5.11 Shortsleeved Polos LL N/A', '2022-05-05 06:12:10'),
(1846, 255, 27, 36, 'TSPM51XL', 80, '511 5.11 Shortsleeved Polos XL N/A', '2022-05-05 06:12:27'),
(1847, 255, 27, 37, 'TSPM512X', 80, '511 5.11 Shortsleeved Polos 2X N/A', '2022-05-05 06:12:45'),
(1848, 255, 27, 38, 'TSPM513X', 80, '511 5.11 Shortsleeved Polos 3X N/A', '2022-05-05 06:13:08'),
(1849, 255, 27, 39, 'TSPM514X', 80, '511 5.11 Shortsleeved Polos 4X N/A', '2022-05-05 06:13:29'),
(1850, 260, 27, 39, 'TSRM514X', 80, '511 5.11 Roundneck T-Shirts 4XL N/A', '2022-05-05 06:14:21'),
(1851, 260, 27, 38, 'TSRM513X', 80, '511 5.11 Roundneck T-Shirts XL N/A', '2022-05-05 06:14:44'),
(1852, 260, 27, 37, 'TSRM512X', 80, '511 5.11 Roundneck T-Shirts 2X N/A', '2022-05-05 06:15:03'),
(1853, 260, 27, 36, 'TSRM51XL', 80, '511 5.11 Roundneck T-Shirts XL N/A', '2022-05-05 06:15:22'),
(1854, 260, 27, 35, 'TSRM51LL', 80, '511 5.11 Roundneck T-Shirts LL N/A', '2022-05-05 06:15:47'),
(1855, 312, 27, 33, 'TSPMFJSS', 80, 'Other Brands F.J Polo T-Shirts SS N/A', '2022-05-05 06:18:01'),
(1856, 312, 27, 34, 'TSPMFJMM', 80, 'Other Brands F.J Polo T-Shirts MM N/A', '2022-05-05 06:18:44'),
(1857, 260, 27, 34, 'TSRM51MM', 77, '511 5.11 Roundneck T-Shirts MM N/A', '2022-05-05 06:19:56'),
(1858, 260, 27, 33, 'TSRM51SS', 57, '511 5.11 Roundneck T-Shirts SS N/A', '2022-05-05 06:20:09'),
(1859, 312, 27, 35, 'TSPMFJLL', 80, 'Other Brands F.J Polo T-Shirts LL N/A', '2022-05-05 06:20:31'),
(1860, 312, 27, 36, 'TSPMFJXL', 80, 'Other Brands F.J Polo T-Shirts XL N/A', '2022-05-05 06:20:50'),
(1861, 312, 27, 37, 'TSPMFJ2X', 80, 'Other Brands F.J Polo T-Shirts 2X N/A', '2022-05-05 06:21:19'),
(1862, 312, 27, 38, 'TSPMFJ3X', 80, 'Other Brands F.J Polo T-Shirts 3X N/A', '2022-05-05 06:22:09'),
(1863, 312, 27, 39, 'TSPMFJ4X', 80, 'Other Brands F.J Polo T-Shirts 4X N/A', '2022-05-05 06:22:36'),
(1864, 313, 27, 33, 'TSPMLTSS', 80, 'Other Brands Lacoste Polos T-Shirts SS N/A', '2022-05-05 06:25:43'),
(1865, 313, 27, 34, 'TSPMLTMM', 80, 'Other Brands Lacoste Polos T-Shirts MM N/A', '2022-05-05 06:25:56'),
(1866, 313, 27, 38, 'TSPMLT3X', 80, 'Other Brands Lacoste Polos T-Shirts 3X N/A', '2022-05-05 06:26:13'),
(1867, 303, 27, 36, 'TSPWLTXL', 80, 'Under Armour Under Amour Polo Women T-Shirts XL N/A', '2022-05-05 06:28:22'),
(1868, 264, 27, 38, 'TSRWUA3X', 80, 'Under Armour Under Amour Roundneck Women T-Shirts 3X N/A', '2022-05-05 06:34:02'),
(1869, 285, 27, 33, 'TSPMUALS', 80, 'Under Armour Under Armour Longsleeve Polos SS N/A', '2022-05-05 06:38:31'),
(1870, 285, 27, 34, 'TSPMUALM', 80, 'Under Armour Under Armour Longsleeve Polos MM N/A', '2022-05-05 06:39:05'),
(1871, 285, 27, 35, 'TSPLMUAL', 80, 'Under Armour Under Armour Longsleeve Polos LL N/A', '2022-05-05 06:39:57'),
(1872, 285, 27, 36, 'TSPLUAXL', 80, 'Under Armour Under Armour Longsleeve Polos XL N/A', '2022-05-05 06:40:31'),
(1873, 285, 27, 36, 'TSPLUA2L', 80, 'Under Armour Under Armour Longsleeve Polos XL N/A', '2022-05-05 06:40:57'),
(1874, 285, 27, 38, 'TSPLUA3X', 80, 'Under Armour Under Armour Longsleeve Polos 3X N/A', '2022-05-05 06:41:28'),
(1875, 285, 27, 39, 'TSPLUA4X', 80, 'Under Armour Under Armour Longsleeve Polos 4X N/A', '2022-05-05 06:41:43'),
(1876, 263, 27, 39, 'TSRWNF4X', 80, 'North Face North Face Roundneck Women T-Shirts 4XL N/A', '2022-05-05 06:45:07'),
(1877, 263, 27, 38, 'TSRWNF3X', 80, 'North Face North Face Roundneck Women T-Shirts 3X N/A', '2022-05-05 06:45:26'),
(1878, 251, 27, 38, 'TSRWCL3X', 80, 'Columbia   Colombia Shortsleeved Polos 3XL N/A', '2022-05-05 06:46:35'),
(1879, 314, 27, 33, 'VTUASSNA', 80, 'Under Armour Under Armour  Vest SS N/A', '2022-05-05 06:53:20'),
(1880, 314, 27, 34, 'VTUAMMNA', 80, 'Under Armour Under Armour  Vest MM N/A', '2022-05-05 06:53:42'),
(1881, 314, 27, 35, 'VTUALLNA', 80, 'Under Armour Under Armour  Vest LL N/A', '2022-05-05 06:54:06'),
(1882, 314, 27, 36, 'VTUAXLNA', 80, 'Under Armour Under Armour  Vest XL N/A', '2022-05-05 06:54:18'),
(1883, 314, 27, 37, 'VTUA2XNA', 80, 'Under Armour Under Armour  Vest 2X N/A', '2022-05-05 06:54:28'),
(1884, 314, 27, 38, 'VTUA3XNA', 79, 'Under Armour Under Armour  Vest 3X N/A', '2022-05-05 06:54:43'),
(1885, 314, 27, 39, 'VTUA4XNA', 80, 'Under Armour Under Armour  Vest 4X N/A', '2022-05-05 06:54:56'),
(1886, 262, 27, 39, 'VT514XNA', 80, '511 5.11 Vests 4XL N/A', '2022-05-05 06:55:49'),
(1887, 262, 27, 38, 'VT513XNA', 80, '511 5.11 Vests 3X N/A', '2022-05-05 06:55:59'),
(1888, 262, 27, 37, 'VT512XNA', 80, '511 5.11 Vests 2X N/A', '2022-05-05 06:56:17'),
(1889, 262, 27, 36, 'VT51XLNA', 80, '511 5.11 Vests XL N/A', '2022-05-05 06:56:25'),
(1890, 262, 27, 35, 'VT51LLNA', 80, '511 5.11 Vests LL N/A', '2022-05-05 06:56:35'),
(1891, 262, 27, 34, 'VT51MMNA', 80, '511 5.11 Vests MM N/A', '2022-05-05 06:56:49'),
(1892, 262, 27, 33, 'VT51SSNA', 80, '511 5.11 Vests SS N/A', '2022-05-05 06:57:00'),
(1893, 284, 22, 34, 'SCWSMMSB', 80, 'Columbia Columbia Women Shirts Short MM Sky Blue', '2022-05-05 07:03:16'),
(1894, 284, 22, 35, 'SCWSLLSB', 80, 'Columbia Columbia Women Shirts Short LL Sky Blue', '2022-05-05 07:03:41'),
(1895, 284, 23, 35, 'SCWSLLWH', 80, 'Columbia Columbia Women Shirts Short L White', '2022-05-05 07:04:09'),
(1896, 284, 23, 36, 'SCWSXLWH', 80, 'Columbia Columbia Women Shirts Short XL White', '2022-05-05 07:04:25'),
(1897, 284, 10, 35, 'SCWSLLKH', 80, 'Columbia Columbia Women Shirts Short LL Kakhi', '2022-05-05 07:04:51'),
(1898, 284, 10, 34, 'SCWSMMKH', 80, 'Columbia Columbia Women Shirts Short MM Kakhi', '2022-05-05 07:05:08'),
(1899, 284, 10, 33, 'SCWSSSKH', 80, 'Columbia Columbia Women Shirts Short SS Kakhi', '2022-05-05 07:05:21'),
(1900, 284, 8, 34, 'SCWSMMGN', 80, 'Columbia Columbia Women Shirts Short MM Green', '2022-05-05 07:05:56'),
(1901, 284, 8, 35, 'SCWSLLGN', 80, 'Columbia Columbia Women Shirts Short LL Green', '2022-05-05 07:06:09'),
(1902, 284, 4, 35, 'SCWSLLBR', 80, 'Columbia Columbia Women Shirts Short L Brown', '2022-05-05 07:06:31'),
(1903, 284, 15, 35, 'SCWSLLOR', 80, 'Columbia Columbia Women Shirts Short L Orange', '2022-05-05 07:06:52'),
(1904, 284, 15, 34, 'SCWSMMOR', 80, 'Columbia Columbia Women Shirts Short MM Orange', '2022-05-05 07:07:04'),
(1905, 315, 13, 35, 'S5WLLLNY', 80, '511 5.11 Women Shirts LL Navy', '2022-05-05 07:10:10'),
(1906, 283, 23, 35, 'SCWLLLWH', 60, 'Columbia Columbia Women Shirts Long LL White', '2022-05-05 07:18:59'),
(1907, 283, 23, 33, 'SCWLSSWH', 60, 'Columbia Columbia Women Shirts Long SS White', '2022-05-05 07:19:30'),
(1908, 283, 16, 33, 'SCWLSSPK', 60, 'Columbia Columbia Women Shirts Long S Pink', '2022-05-05 07:19:43'),
(1909, 283, 16, 34, 'SCWLMMPK', 60, 'Columbia Columbia Women Shirts Long MM Pink', '2022-05-05 07:19:49'),
(1910, 283, 16, 35, 'SCWLLLPK', 59, 'Columbia Columbia Women Shirts Long LL Pink', '2022-05-05 07:19:56'),
(1911, 283, 16, 36, 'SCWLXLPK', 60, 'Columbia Columbia Women Shirts Long XL Pink', '2022-05-05 07:20:02'),
(1912, 283, 22, 36, 'SCWLXLSB', 60, 'Columbia Columbia Women Shirts Long XL Sky Blue', '2022-05-05 07:20:18'),
(1913, 283, 22, 35, 'SCWLLLSB', 60, 'Columbia Columbia Women Shirts Long LL Sky Blue', '2022-05-05 07:20:24'),
(1914, 283, 22, 34, 'SCWLMMSB', 60, 'Columbia Columbia Women Shirts Long MM Sky Blue', '2022-05-05 07:20:29'),
(1915, 283, 25, 34, 'SCWLMMYL', 60, 'Columbia Columbia Women Shirts Long M Yellow', '2022-05-05 07:20:44'),
(1916, 283, 8, 33, 'SCWLSSGN', 60, 'Columbia Columbia Women Shirts Long S Green', '2022-05-05 07:21:39'),
(1917, 283, 8, 34, 'SCWLMMGN', 60, 'Columbia Columbia Women Shirts Long MM Green', '2022-05-05 07:21:48'),
(1918, 283, 8, 35, 'SCWLLLGN', 80, 'Columbia Columbia Women Shirts Long LL Green', '2022-05-05 07:21:55'),
(1919, 283, 18, 35, 'SCWLLLPP', 60, 'Columbia Columbia Women Shirts Long L Purple', '2022-05-05 07:22:20'),
(1920, 283, 15, 35, 'SCWLLLOR', 60, 'Columbia Columbia Women Shirts Long L Orange', '2022-05-05 07:22:40'),
(1921, 283, 15, 33, 'SCWLSSOR', 60, 'Columbia Columbia Women Shirts Long SS Orange', '2022-05-05 07:22:46'),
(1922, 283, 10, 33, 'SCWLSSKH', 60, 'Columbia Columbia Women Shirts Long S Kakhi', '2022-05-05 07:22:56'),
(1923, 283, 10, 35, 'SCWLLLKH', 60, 'Columbia Columbia Women Shirts Long LL Kakhi', '2022-05-05 07:23:02'),
(1924, 316, 2, 32, 'S5WLXSBL', 60, '511 5.11 Women Shirts Long XS Black', '2022-05-05 07:28:42'),
(1925, 210, 27, 70, 'CPNFNANA', 80, 'North Face North Face Caps NA N/A', '2022-05-05 07:31:11'),
(1926, 48, 27, 70, 'CATECAPS', 79, 'CAT Cat Cap N/A N/A', '2022-05-05 07:31:47'),
(1927, 57, 27, 70, 'CPUANANA', 78, 'Under Armour Under Amour Caps N/A N/A', '2022-05-05 07:33:40'),
(1928, 211, 27, 70, 'CPNKNANA', 80, 'Nike Nike Caps N/A N/A', '2022-05-05 07:34:29'),
(1929, 213, 27, 70, 'CPTHNANA', 50, 'Other Brands Tommy Hilfiger Caps N/A N/A', '2022-05-05 07:40:12'),
(1930, 214, 27, 70, 'CPCLNANA', 76, 'Columbia Columbia Caps N/A N/A', '2022-05-05 07:41:31'),
(1931, 215, 27, 70, 'CP51NANA', 80, '511 5.11 Caps N/A N/A', '2022-05-05 07:42:19'),
(1932, 216, 27, 70, 'CPNGNANA', 80, 'Nike Nike Golf Caps N/A N/A', '2022-05-05 07:43:03'),
(1933, 217, 27, 70, 'CPFLNANA', 50, 'Other Brands Fila Caps N/A N/A', '2022-05-05 07:44:00'),
(1934, 317, 27, 70, 'CPRLNANA', 80, 'Other Brands Ralph Lauren NA N/A', '2022-05-05 07:44:57'),
(1935, 318, 27, 33, 'TLRMNFSSNA', 80, 'North Face North Face Roundneck Shortsleeved T-Shirts SS N/A', '2022-05-08 10:05:22'),
(1936, 318, 27, 34, 'TLRMNFMMNA', 80, 'North Face North Face Roundneck Shortsleeved T-Shirts MM N/A', '2022-05-08 10:05:34'),
(1937, 318, 27, 35, 'TLRMNFLLNA', 80, 'North Face North Face Roundneck Shortsleeved T-Shirts LL N/A', '2022-05-08 10:05:45'),
(1938, 318, 27, 36, 'TLRMNFXLNA', 80, 'North Face North Face Roundneck Shortsleeved T-Shirts XL N/A', '2022-05-08 10:05:54'),
(1939, 318, 27, 37, 'TLRMNF2XNA', 79, 'North Face North Face Roundneck Shortsleeved T-Shirts 2X N/A', '2022-05-08 10:06:00'),
(1940, 318, 27, 38, 'TLRMNF3XNA', 79, 'North Face North Face Roundneck Shortsleeved T-Shirts 3X N/A', '2022-05-08 10:06:11'),
(1941, 318, 27, 39, 'TLRMNF4XNA', 80, 'North Face North Face Roundneck Shortsleeved T-Shirts 4X N/A', '2022-05-08 10:06:21'),
(1942, 44, 2, 33, 'STSCSSBL', 80, '511 5.11 Tactical Cotton Shirt Short SS Black', '2022-05-08 10:23:38'),
(1943, 44, 2, 34, 'STSCMMBL', 80, '511 5.11 Tactical Cotton Shirt Short MM Black', '2022-05-08 10:23:49'),
(1944, 44, 2, 35, 'STSCLLBL', 80, '511 5.11 Tactical Cotton Shirt Short LL Black', '2022-05-08 10:23:59'),
(1945, 44, 2, 36, 'STSCXLBL', 80, '511 5.11 Tactical Cotton Shirt Short XL Black', '2022-05-08 10:24:07'),
(1946, 44, 2, 37, 'STSC2XBL', 80, '511 5.11 Tactical Cotton Shirt Short 2X Black', '2022-05-08 10:24:15'),
(1947, 44, 2, 38, 'STSC3XBL', 80, '511 5.11 Tactical Cotton Shirt Short 3X Black', '2022-05-08 10:24:26'),
(1948, 44, 2, 39, 'STSC4XBL', 80, '511 5.11 Tactical Cotton Shirt Short 4X Black', '2022-05-08 10:24:34'),
(1949, 44, 13, 39, 'STSC4XNY', 80, '511 5.11 Tactical Cotton Shirt Short 4XL Navy', '2022-05-08 10:24:46'),
(1950, 44, 13, 38, 'STSC3XNY', 80, '511 5.11 Tactical Cotton Shirt Short 3X Navy', '2022-05-08 10:24:56'),
(1951, 44, 13, 37, 'STSC2XNY', 80, '511 5.11 Tactical Cotton Shirt Short 2X Navy', '2022-05-08 10:25:05'),
(1952, 44, 13, 36, 'STSCXLNY', 80, '511 5.11 Tactical Cotton Shirt Short XL Navy', '2022-05-08 10:25:12'),
(1953, 44, 13, 35, 'STSCLLNY', 79, '511 5.11 Tactical Cotton Shirt Short LL Navy', '2022-05-08 10:25:21'),
(1954, 44, 13, 34, 'STSCMMNY', 80, '511 5.11 Tactical Cotton Shirt Short MM Navy', '2022-05-08 10:25:30'),
(1955, 44, 13, 33, 'STSCSSNY', 80, '511 5.11 Tactical Cotton Shirt Short SS Navy', '2022-05-08 10:25:43'),
(1956, 44, 10, 33, 'STSCSSKH', 80, '511 5.11 Tactical Cotton Shirt Short S Kakhi', '2022-05-08 10:26:02'),
(1957, 44, 10, 34, 'STSCMMKH', 80, '511 5.11 Tactical Cotton Shirt Short MM Kakhi', '2022-05-08 10:26:23'),
(1958, 44, 10, 35, 'STSCLLKH', 80, '511 5.11 Tactical Cotton Shirt Short LL Kakhi', '2022-05-08 10:26:38'),
(1959, 44, 10, 36, 'STSCXLKH', 80, '511 5.11 Tactical Cotton Shirt Short XL Kakhi', '2022-05-08 10:26:46'),
(1960, 44, 10, 37, 'STSC2XKH', 80, '511 5.11 Tactical Cotton Shirt Short 2X Kakhi', '2022-05-08 10:26:55'),
(1961, 44, 10, 38, 'STSC3XKH', 80, '511 5.11 Tactical Cotton Shirt Short 3X Kakhi', '2022-05-08 10:27:04'),
(1962, 44, 10, 39, 'STSC4XKH', 80, '511 5.11 Tactical Cotton Shirt Short 4X Kakhi', '2022-05-08 10:27:13'),
(1963, 44, 23, 39, 'STSC4XWH', 80, '511 5.11 Tactical Cotton Shirt Short 4XL White', '2022-05-08 10:27:37'),
(1964, 44, 23, 38, 'STSC3XWH', 80, '511 5.11 Tactical Cotton Shirt Short 3X White', '2022-05-08 10:27:47'),
(1965, 44, 23, 37, 'STSC2XWH', 80, '511 5.11 Tactical Cotton Shirt Short 2X White', '2022-05-08 10:27:56'),
(1966, 44, 23, 36, 'STSCXLWH', 80, '511 5.11 Tactical Cotton Shirt Short XL White', '2022-05-08 10:28:07'),
(1967, 44, 23, 35, 'STSCLLWH', 80, '511 5.11 Tactical Cotton Shirt Short LL White', '2022-05-08 10:28:14'),
(1968, 44, 23, 34, 'STSCMMWH', 80, '511 5.11 Tactical Cotton Shirt Short MM White', '2022-05-08 10:28:26'),
(1969, 44, 23, 33, 'STSCSSWH', 80, '511 5.11 Tactical Cotton Shirt Short SS White', '2022-05-08 10:28:35'),
(1970, 39, 2, 34, 'PTNKMMBL', 79, 'Nike Nike Gym Pants MM Black', '2022-05-08 11:18:21'),
(1971, 39, 2, 35, 'PTNKLLBL', 80, 'Nike Nike Gym Pants LL Black', '2022-05-08 11:18:47'),
(1972, 83, 27, 36, 'SWNKXLNA', 79, 'Nike Nike Sweaters XL N/A', '2022-05-08 11:21:19'),
(1973, 300, 27, 70, 'ACHEDSOC', 278, 'Other Brands Headsocks N/A N/A', '2022-05-08 11:27:41'),
(1974, 320, 27, 70, 'CPSWATNA', 79, 'Other Brands SWAT Caps NA N/A', '2022-05-08 11:31:41'),
(1975, 323, 27, 70, 'CPNONBRD', 79, 'Other Brands Non Branded Caps N/A N/A', '2022-05-08 11:33:27'),
(1976, 321, 27, 33, 'TSRL51SS', 80, '511 5.11 Roundneck Longsleeve T-Shirts SS N/A', '2022-05-08 11:40:11'),
(1977, 321, 27, 34, 'TSRL51MM', 79, '511 5.11 Roundneck Longsleeve T-Shirts MM N/A', '2022-05-08 11:40:25'),
(1978, 321, 27, 36, 'TSRL51XL', 80, '511 5.11 Roundneck Longsleeve T-Shirts XL N/A', '2022-05-08 11:41:13'),
(1979, 321, 27, 37, 'TSRL512X', 80, '511 5.11 Roundneck Longsleeve T-Shirts 2X N/A', '2022-05-08 11:41:33'),
(1980, 321, 27, 38, 'TSRL513X', 80, '511 5.11 Roundneck Longsleeve T-Shirts 3X N/A', '2022-05-08 11:41:45'),
(1981, 322, 27, 38, 'TSPLUF3X', 80, 'North Face Under Armour Fish T-Shirt Polo 3XL N/A', '2022-05-08 11:42:19'),
(1982, 322, 27, 37, 'TSPLUF2X', 80, 'North Face Under Armour Fish T-Shirt Polo 2X N/A', '2022-05-08 11:42:30'),
(1983, 322, 27, 38, 'TSPLUFXL', 80, 'North Face Under Armour Fish T-Shirt Polo 3XL N/A', '2022-05-08 11:42:59'),
(1984, 322, 27, 35, 'TSPLUFLL', 78, 'North Face Under Armour Fish T-Shirt Polo LL N/A', '2022-05-08 11:43:22'),
(1985, 322, 27, 34, 'TSPLUFMM', 80, 'North Face Under Armour Fish T-Shirt Polo MM N/A', '2022-05-08 11:43:33'),
(1986, 322, 27, 33, 'TSPLUFSS', 80, 'North Face Under Armour Fish T-Shirt Polo SS N/A', '2022-05-08 11:43:51'),
(1987, 12, 6, 36, 'PTGSXLCH', 30, '511 Globe Spirit Hiking Pants XL Charcoal', '2022-05-10 07:59:27'),
(1988, 79, 8, 3, 'PTGZ30GN', 30, 'Other Brands G-Zero Pants 30 Green', '2022-05-10 08:03:10'),
(1989, 324, 27, 33, 'ACNLBNSS', 1, 'Other Brands Nikula Binocular Small SS N/A', '2022-05-10 08:10:20'),
(1992, 218, 27, 70, 'MHSHOEHC', 7, 'Merrell Merelle High Cut Hiking Shoes N/A N/A', '2022-05-10 08:29:32'),
(1993, 219, 27, 70, 'MHSHOELC', 5, 'Merrell Merelle Low Cut Hiking Shoes NA N/A', '2022-05-10 08:30:01'),
(1994, 221, 27, 70, 'JWSHOELC', 79, 'Jack Wolfskin Jackwolfeskin Low Cut Hiking Shoes NA N/A', '2022-05-10 08:33:48'),
(1999, 220, 27, 70, 'JWSHOEHC', 78, 'Jack Wolfskin Jackwolfeskin High Cut Hiking Shoes N/A N/A', '2022-05-10 08:35:38'),
(2000, 224, 27, 70, 'NFSHOEHC', 76, 'North Face North Face HIGH Cut Hiking Shoes N/A N/A', '2022-05-10 08:36:56'),
(2004, 225, 27, 70, 'NFSHOELC', 77, 'North Face North Face Low Cut Hiking Shoes N/A N/A', '2022-05-10 08:38:43'),
(2007, 223, 27, 70, 'CLSHOELC', 80, 'Columbia Columbia Low Cut Hiking Shoes NA N/A', '2022-05-10 08:43:36'),
(2010, 222, 27, 70, 'CLSHOEHC', 79, 'Columbia Columbia High Cut Hiking Shoes N/A N/A', '2022-05-10 08:44:43'),
(2013, 226, 27, 70, 'RGSHOEHC', 80, 'Other Brands Regatta High Cut Hiking Shoes N/A N/A', '2022-05-10 08:47:35'),
(2017, 227, 27, 70, 'RGSHOELC', 80, 'Other Brands Regatta Low Cut Hiking Shoes N/A N/A', '2022-05-10 08:49:01'),
(2021, 230, 27, 70, 'DSSHOEHC', 80, 'Other Brands Dr Scholls High Cut Hiking Shoe NA N/A', '2022-05-10 08:57:57'),
(2023, 229, 27, 70, 'DSSHOELC', 80, 'Other Brands Dr Scholls LOW Cut Hiking Shoe N/A N/A', '2022-05-10 08:59:00'),
(2025, 231, 27, 70, 'FLSHOELC', 79, 'Other Brands Fila Low Cat Hiking Shoe N/A N/A', '2022-05-10 09:18:33'),
(2028, 232, 27, 70, 'FLSHOEHC', 80, 'Other Brands Fila hIGH Cat Hiking Shoe N/A N/A', '2022-05-10 09:19:26'),
(2031, 233, 27, 70, 'ALRDSHOE', 79, 'Other Brands All Rounder Shoes NA N/A', '2022-05-10 09:25:50'),
(2036, 236, 27, 70, 'SLSNEAKA', 80, 'Other Brands Salomon Sneakers N/A N/A', '2022-05-10 09:31:38'),
(2039, 235, 27, 70, 'NKSNEAKA', 78, 'Nike Nike Sneakers N/A N/A', '2022-05-10 09:32:48'),
(2040, 237, 27, 70, 'PMSNEAKA', 80, 'Other Brands Puma Sneakers N/A N/A', '2022-05-10 09:33:38'),
(2044, 238, 27, 70, 'RBSNEAKA', 80, 'Other Brands Rebook N/A N/A', '2022-05-10 09:35:15'),
(2047, 239, 27, 70, 'ADSNEAKA', 79, 'Addidas Adidas Sneakers N/A N/A', '2022-05-10 09:38:06'),
(2050, 240, 27, 70, 'UASNEAKA', 79, 'Under Armour Under Armour Sneakers N/A N/A', '2022-05-10 09:39:33'),
(2053, 241, 27, 70, 'SWATSHOE', 80, 'Other Brands SWAT Boots N/A N/A', '2022-05-10 09:44:11'),
(2056, 242, 27, 70, 'PARASHOT', 80, 'Other Brands Parashot Boots N/A N/A', '2022-05-10 09:48:46'),
(2059, 243, 27, 70, 'DELTABOT', 80, 'Other Brands Delta Boots N/A N/A', '2022-05-10 09:51:52'),
(2062, 244, 27, 70, 'TACTLBOT', 80, 'Other Brands Tactical Research Boots N/A N/A', '2022-05-10 09:55:34'),
(2065, 245, 27, 70, 'TSFBOOTS', 80, 'Other Brands T.S.F Boots N/A N/A', '2022-05-10 09:57:49'),
(2069, 246, 27, 70, 'MGNBOOTS', 80, 'Other Brands Magnum Boots N/A N/A', '2022-05-10 10:01:31'),
(2073, 247, 27, 70, 'SCHOLANB', 79, 'Other Brands Non Branded Scholars N/A N/A', '2022-05-10 10:04:04'),
(2074, 68, 27, 70, 'BPNFSGNA', 80, 'North Face Surge Backpack NA N/A', '2022-05-10 11:34:37');

--
-- Indexes for dumped tables
--

--
-- Indexes for table `attendant_tb`
--
ALTER TABLE `attendant_tb`
  ADD PRIMARY KEY (`attendant_id`);

--
-- Indexes for table `branch_inventory_tb`
--
ALTER TABLE `branch_inventory_tb`
  ADD PRIMARY KEY (`branch_inventory_id`);

--
-- Indexes for table `branch_tb`
--
ALTER TABLE `branch_tb`
  ADD PRIMARY KEY (`branch_id`);

--
-- Indexes for table `brand_tb`
--
ALTER TABLE `brand_tb`
  ADD PRIMARY KEY (`brand_id`);

--
-- Indexes for table `category_tb`
--
ALTER TABLE `category_tb`
  ADD PRIMARY KEY (`category_id`);

--
-- Indexes for table `colour_tb`
--
ALTER TABLE `colour_tb`
  ADD PRIMARY KEY (`colour_id`);

--
-- Indexes for table `currency_tb`
--
ALTER TABLE `currency_tb`
  ADD PRIMARY KEY (`id`);

--
-- Indexes for table `customer_tb`
--
ALTER TABLE `customer_tb`
  ADD PRIMARY KEY (`customer_id`);

--
-- Indexes for table `day_tb`
--
ALTER TABLE `day_tb`
  ADD PRIMARY KEY (`day_id`);

--
-- Indexes for table `discount_tb`
--
ALTER TABLE `discount_tb`
  ADD PRIMARY KEY (`discount_id`);

--
-- Indexes for table `inventory_product_images_tb`
--
ALTER TABLE `inventory_product_images_tb`
  ADD PRIMARY KEY (`image_id`);

--
-- Indexes for table `invoice_tb`
--
ALTER TABLE `invoice_tb`
  ADD PRIMARY KEY (`id`);

--
-- Indexes for table `notifications_tb`
--
ALTER TABLE `notifications_tb`
  ADD PRIMARY KEY (`id`);

--
-- Indexes for table `order_item_tb`
--
ALTER TABLE `order_item_tb`
  ADD PRIMARY KEY (`order_item_id`);

--
-- Indexes for table `order_tb`
--
ALTER TABLE `order_tb`
  ADD PRIMARY KEY (`order_id`);

--
-- Indexes for table `payment_type_tb`
--
ALTER TABLE `payment_type_tb`
  ADD PRIMARY KEY (`payment_type_id`);

--
-- Indexes for table `product_detail_tb`
--
ALTER TABLE `product_detail_tb`
  ADD PRIMARY KEY (`product_id`);

--
-- Indexes for table `shift_tb`
--
ALTER TABLE `shift_tb`
  ADD PRIMARY KEY (`shift_id`);

--
-- Indexes for table `size_Scheme_tb`
--
ALTER TABLE `size_Scheme_tb`
  ADD PRIMARY KEY (`scheme_id`);

--
-- Indexes for table `size_tb`
--
ALTER TABLE `size_tb`
  ADD PRIMARY KEY (`size_id`);

--
-- Indexes for table `sold_tb`
--
ALTER TABLE `sold_tb`
  ADD PRIMARY KEY (`purchase_id`);

--
-- Indexes for table `status_tb`
--
ALTER TABLE `status_tb`
  ADD PRIMARY KEY (`status_id`);

--
-- Indexes for table `supplier_tb`
--
ALTER TABLE `supplier_tb`
  ADD PRIMARY KEY (`supplier_id`);

--
-- Indexes for table `user_profile_image_tb`
--
ALTER TABLE `user_profile_image_tb`
  ADD PRIMARY KEY (`image_id`);

--
-- Indexes for table `user_tb`
--
ALTER TABLE `user_tb`
  ADD PRIMARY KEY (`user_id`);

--
-- Indexes for table `user_type_tb`
--
ALTER TABLE `user_type_tb`
  ADD PRIMARY KEY (`user_type_id`);

--
-- Indexes for table `warehouseInventory_tb`
--
ALTER TABLE `warehouseInventory_tb`
  ADD PRIMARY KEY (`inventory_id`);

--
-- AUTO_INCREMENT for dumped tables
--

--
-- AUTO_INCREMENT for table `attendant_tb`
--
ALTER TABLE `attendant_tb`
  MODIFY `attendant_id` int(11) NOT NULL AUTO_INCREMENT, AUTO_INCREMENT=23;

--
-- AUTO_INCREMENT for table `branch_inventory_tb`
--
ALTER TABLE `branch_inventory_tb`
  MODIFY `branch_inventory_id` int(11) NOT NULL AUTO_INCREMENT, AUTO_INCREMENT=3721;

--
-- AUTO_INCREMENT for table `branch_tb`
--
ALTER TABLE `branch_tb`
  MODIFY `branch_id` int(11) NOT NULL AUTO_INCREMENT, AUTO_INCREMENT=5;

--
-- AUTO_INCREMENT for table `brand_tb`
--
ALTER TABLE `brand_tb`
  MODIFY `brand_id` int(11) NOT NULL AUTO_INCREMENT, AUTO_INCREMENT=14;

--
-- AUTO_INCREMENT for table `category_tb`
--
ALTER TABLE `category_tb`
  MODIFY `category_id` int(11) NOT NULL AUTO_INCREMENT, AUTO_INCREMENT=19;

--
-- AUTO_INCREMENT for table `colour_tb`
--
ALTER TABLE `colour_tb`
  MODIFY `colour_id` int(11) NOT NULL AUTO_INCREMENT, AUTO_INCREMENT=31;

--
-- AUTO_INCREMENT for table `currency_tb`
--
ALTER TABLE `currency_tb`
  MODIFY `id` int(11) NOT NULL AUTO_INCREMENT, AUTO_INCREMENT=3;

--
-- AUTO_INCREMENT for table `customer_tb`
--
ALTER TABLE `customer_tb`
  MODIFY `customer_id` int(11) NOT NULL AUTO_INCREMENT, AUTO_INCREMENT=7;

--
-- AUTO_INCREMENT for table `day_tb`
--
ALTER TABLE `day_tb`
  MODIFY `day_id` int(11) NOT NULL AUTO_INCREMENT, AUTO_INCREMENT=8;

--
-- AUTO_INCREMENT for table `discount_tb`
--
ALTER TABLE `discount_tb`
  MODIFY `discount_id` int(11) NOT NULL AUTO_INCREMENT, AUTO_INCREMENT=6;

--
-- AUTO_INCREMENT for table `inventory_product_images_tb`
--
ALTER TABLE `inventory_product_images_tb`
  MODIFY `image_id` int(11) NOT NULL AUTO_INCREMENT, AUTO_INCREMENT=2075;

--
-- AUTO_INCREMENT for table `invoice_tb`
--
ALTER TABLE `invoice_tb`
  MODIFY `id` int(11) NOT NULL AUTO_INCREMENT, AUTO_INCREMENT=402;

--
-- AUTO_INCREMENT for table `notifications_tb`
--
ALTER TABLE `notifications_tb`
  MODIFY `id` int(11) NOT NULL AUTO_INCREMENT, AUTO_INCREMENT=2;

--
-- AUTO_INCREMENT for table `order_item_tb`
--
ALTER TABLE `order_item_tb`
  MODIFY `order_item_id` int(11) NOT NULL AUTO_INCREMENT;

--
-- AUTO_INCREMENT for table `order_tb`
--
ALTER TABLE `order_tb`
  MODIFY `order_id` int(11) NOT NULL AUTO_INCREMENT;

--
-- AUTO_INCREMENT for table `payment_type_tb`
--
ALTER TABLE `payment_type_tb`
  MODIFY `payment_type_id` int(11) NOT NULL AUTO_INCREMENT, AUTO_INCREMENT=5;

--
-- AUTO_INCREMENT for table `product_detail_tb`
--
ALTER TABLE `product_detail_tb`
  MODIFY `product_id` int(11) NOT NULL AUTO_INCREMENT, AUTO_INCREMENT=363;

--
-- AUTO_INCREMENT for table `shift_tb`
--
ALTER TABLE `shift_tb`
  MODIFY `shift_id` int(11) NOT NULL AUTO_INCREMENT, AUTO_INCREMENT=3;

--
-- AUTO_INCREMENT for table `size_Scheme_tb`
--
ALTER TABLE `size_Scheme_tb`
  MODIFY `scheme_id` int(11) NOT NULL AUTO_INCREMENT, AUTO_INCREMENT=4;

--
-- AUTO_INCREMENT for table `size_tb`
--
ALTER TABLE `size_tb`
  MODIFY `size_id` int(11) NOT NULL AUTO_INCREMENT, AUTO_INCREMENT=73;

--
-- AUTO_INCREMENT for table `sold_tb`
--
ALTER TABLE `sold_tb`
  MODIFY `purchase_id` int(11) NOT NULL AUTO_INCREMENT, AUTO_INCREMENT=491;

--
-- AUTO_INCREMENT for table `status_tb`
--
ALTER TABLE `status_tb`
  MODIFY `status_id` int(11) NOT NULL AUTO_INCREMENT, AUTO_INCREMENT=6;

--
-- AUTO_INCREMENT for table `supplier_tb`
--
ALTER TABLE `supplier_tb`
  MODIFY `supplier_id` int(11) NOT NULL AUTO_INCREMENT, AUTO_INCREMENT=12;

--
-- AUTO_INCREMENT for table `user_profile_image_tb`
--
ALTER TABLE `user_profile_image_tb`
  MODIFY `image_id` int(11) NOT NULL AUTO_INCREMENT, AUTO_INCREMENT=24;

--
-- AUTO_INCREMENT for table `user_tb`
--
ALTER TABLE `user_tb`
  MODIFY `user_id` int(11) NOT NULL AUTO_INCREMENT, AUTO_INCREMENT=25;

--
-- AUTO_INCREMENT for table `user_type_tb`
--
ALTER TABLE `user_type_tb`
  MODIFY `user_type_id` int(11) NOT NULL AUTO_INCREMENT, AUTO_INCREMENT=4;

--
-- AUTO_INCREMENT for table `warehouseInventory_tb`
--
ALTER TABLE `warehouseInventory_tb`
  MODIFY `inventory_id` int(11) NOT NULL AUTO_INCREMENT, AUTO_INCREMENT=2075;
COMMIT;

/*!40101 SET CHARACTER_SET_CLIENT=@OLD_CHARACTER_SET_CLIENT */;
/*!40101 SET CHARACTER_SET_RESULTS=@OLD_CHARACTER_SET_RESULTS */;
/*!40101 SET COLLATION_CONNECTION=@OLD_COLLATION_CONNECTION */;
